本词	国际音标	方言拼音	汉语拼音	词汇属性	对应官话词	官话拼音	词频	同义词	新旧标记
丁	lin1	lin1	ding1	赣			120000		
丁	liɑŋ1	liang1	ding1	赣			120000		
七	tɕʰiɛʔ5*	qiek5*	qi1	赣			280000		
万	uɑn4	wan4	wan4	赣			120000		
丈	tʰoŋ4	tong4	zhang4	赣			120000		
三	san1	san1	san1	赣			370000		
下	xa4	ha4	xia4	赣			120000		
不	pəʔ5	bek5	bu4	赣			610331		
与	i3	yi3	yu3	赣			395033		
丐	koi2	goi2	gai4	赣			120000		
丑	tʰɪu3	tiu3	chou3	赣			130000		
专	tuon1	duon1	zhuan1	赣			170000		
且	tɕʰia3	qia3	qie3	赣			370000		
丕	pʰi1*	pi1*	pi1	赣			120000		
世	ɕi2	xi2	shi4	赣			120000		
丘	tɕʰiu1*	qiu1*	qiu1	赣			145000		
丙	pin3	bin3	bing3	赣			224999		
业	ȵiaiʔ5	niaik5	ye4	赣			120000		
业	ȵiɛ1	nie1	ye4	赣			120000		
业	ȵiɛʔ5	niek5	ye4	赣			120000		
丛	tsʰuŋ2	cung2	cong2	赣			270000		
东	tuŋ1	dung1	dong1	赣			260000		
丝	sɿ1	si1	si1	赣			120000		
丞	sɪn2	sin2	cheng2	赣			125000		
丢	liu1	liu1	diu1	赣			130000		
两	lioŋ3	liong3	liang3	赣			370000		
严	ȵiɛn2	nien2	yan2	赣			170000		
丧	soŋ1	song1	sang4	赣			125000		
个	ko2	go2	ge4	赣			120000		
丫	ŋa1	nga1	ya1	赣			120000		
中	tuŋ1	dung1	zhong1	赣			493191		
中	tuŋ4	dung4	zhong1	赣			493191		
丰	fuŋ1	fung1	feng1	赣			120000		
串	tʰuon4	tuon4	chuan4	赣			260000		
临	lɪn2	lin2	lin2	赣			120000		
丸	ion2	yon2	wan2	赣			120000		
丹	tan1	dan1	dan1	赣			120000		
为	uəi2	wei2	wei4	赣			545952		
主	tsɿ3	zi3	zhu3	赣			385602		
丽	li2	li2	li4	赣			120000		
举	tsɿ3	zi3	ju3	赣			155000		
乃	lai3	lai3	nai3	赣			120000		
久	tɕiu3	jiu3	jiu3	赣			260000		
之	ti1	di1	zhi1	赣			390957		
乌	u1	u1	wu1	赣			145000		
乍	tsʰa4	ca4	zha4	赣			120000		
乏	faiʔ5	faik5	fa2	赣			127351		
乐	loʔ5	lok5	le4	赣			180000		
乐	ŋoʔ5	ngok5	le4	赣			180000		
乔	tɕʰiɛu1*	qieu1*	qiao2	赣			120000		
乖	kuai1	guai1	guai1	赣			120000		
乘	sɪn2	sin2	cheng2	赣			175000		
乙	iɛ1	ie1	yi3	赣			120000		
乙	iɛʔ5	iek5	yi3	赣			120000		
九	tɕiu3	jiu3	jiu3	赣			259999		
乞	tɕʰiɛʔ5*	qiek5*	qi3	赣			120000		
也	ia3	ya3	ye3	赣			557851		
习	səʔ5	sek5	xi2	赣			170000		
乡	soŋ1	song1	xiang1	赣			120000		
书	sɿ1	si1	shu1	赣			120000		
买	mai3	mai3	mai3	赣			275000		
乱	luon4	luon4	luan4	赣			370000		
乳	lai3	lai3	ru3	赣			125000		
了	liɛu3	lieu3	le5	赣			470908		
争	tsɑŋ1	zang1	zheng1	赣			120000		
争	tsɛn1	zen1	zheng1	赣			120000		
事	sɿ4	si4	shi4	赣			225000		
二	ə4	e4	er4	赣			310000		
于	i1	i1	yu2	赣			370000		
亏	kʰuəi1*	kuei1*	kui1	赣			120000		
云	iun2	yun2	yun2	赣			305000		
互	fu4	fu4	hu4	赣			125000		
五	ŋ̍3	ng3	wu3	赣			370000		
井	tɕin3	jin3	jing3	赣			120000		
井	tɕiɑŋ3	jiang3	jing3	赣			120000		
亚	ŋa2	nga2	ya4	赣			120000		
些	sɛ1	se1	xie1	赣			120000		
亡	uoŋ2	wong2	wang2	赣			109629		
交	kau1	gau1	jiao1	赣			120000		
亥	xoi4	hoi4	hai4	赣			145000		
亦	iɛʔ5	iek5	yi4	赣			120000		
产	san3	san3	chan3	赣			120000		
亨	xɛn1*	hen1*	heng1	赣			120000		
亩	mɛu3	meu3	mu3	赣			120000		
享	soŋ3	song3	xiang3	赣			120000		
京	tɕin1	jin1	jing1	赣			145000		
亭	tʰɪn2	tin2	ting2	赣			120000		
亮	lioŋ4	liong4	liang4	赣			120000		
亲	tɕʰin1*	qin1*	qin1	赣			120000		
人	lɪn2	lin2	ren2	赣			120000		
亿	i2	yi2	yi4	赣			145000		
什	səʔ5	sek5	shen2	赣			120000		
仁	lɪn2	lin2	ren2	赣			120000		
仅	tɕin3	jin3	jin3	赣			120000		
仆	pʰu1*	pu1*	pu1	赣			120000		
仆	pʰuʔ5*	puk5*	pu1	赣			120000		
仇	tʰɪu2	tiu2	chou2	赣			155000		
今	tɕin1	jin1	jin1	赣			120000		
介	kai2	gai2	jie4	赣			120000		
仍	lɪn4	lin4	reng2	赣			120000		
从	tɕʰiuŋ2	qiung2	cong2	赣			120000		
仑	lun2	lun2	lun2	赣			110671		
仓	tsʰoŋ1*	cong1*	cang1	赣			155000		
仕	sɿ4	si4	shi4	赣			120000		
他	tʰa1*	ta1*	ta1	赣			551339		
仗	tʰoŋ4	tong4	zhang4	赣			120000		
付	fu4	fu4	fu4	赣			120000		
仙	sɛn1	sen1	xian1	赣			120000		
代	tʰoi4	toi4	dai4	赣			260000		
令	lɪn4	lin4	ling4	赣			175000		
以	i3	yi3	yi3	赣			386106		
仪	ȵi4	ni4	yi2	赣			120000		
仰	ȵioŋ3	niong3	yang3	赣			195000		
件	tɕʰiɛn4	qien4	jian4	赣			170000		
价	ka2	ga2	jia4	赣			145000		
任	lɪn4	lin4	ren4	赣			120000		
份	fun4	fun4	fen4	赣			195000		
仿	foŋ3	fong3	fang3	赣			120000		
企	tɕʰi4	qi4	qi3	赣			120000		
伊	i1	i1	yi1	赣			103663		
伍	ŋ̍3	ng3	wu3	赣			120000		
伏	fu1	fu1	fu2	赣			120000		
伏	fuʔ5*	fuk5*	fu2	赣			120000		
伏	pʰu1	pu1	fu2	白			120000		
伏	pʰu1*	pu1*	fu2	赣			120000		
伐	faiʔ5	faik5	fa2	赣			120000		
休	sɪu1*	siu1*	xiu1	赣			125000		
众	tuŋ2	dung2	zhong4	赣			120000		
优	iu1	iu1	you1	赣			120000		
伙	fo3	fo3	huo3	赣			120000		
会	fəi4	fei4	hui4	赣			386025		
会	kʰuai2	kuai2	hui4	赣			386025		
伞	san3	san3	san3	赣			120000		
伟	uəi3	wei3	wei3	赣			120000		
传	tʰuon2	tuon2	chuan2	赣			120000		
传	tʰuon4	tuon4	chuan2	赣			120000		
伢	ŋa2	nga2	ya2	赣			120000		
伤	soŋ1	song1	shang1	赣			120000		
伦	lun2	lun2	lun2	赣			120000		
伪	uəi4	wei4	wei3	赣			134743		
伯	pa1	ba1	bo2	赣			120000		
伯	paʔ5	bak5	bo2	赣			120000		
伯	pɛ1	be1	bo2	赣			120000		
伯	pʰɛʔ5	pek5	bo2	赣			120000		
估	ku1	gu1	gu1	赣			120000		
伴	pʰon4	pon4	ban4	赣			120000		
伶	lɪn2	lin2	ling2	赣			120000		
伺	sɿ4	si4	ci4	赣			120000		
似	sɿ4	si4	shi4	赣			120000		
佃	tʰiɛn4	tien4	dian4	赣			101062		
但	tʰan4	tan4	dan4	赣			235000		
位	uəi4	wei4	wei4	赣			245000		
低	li1	li1	di1	赣			305000		
住	tsʰɿ4	ci4	zhu4	赣			245000		
佐	tso3	zo3	zuo3	赣			120000		
体	li3	li3	ti3	赣			205000		
体	tʰi3	ti3	ti3	赣			205000		
何	xo2	ho2	he2	赣			170000		
佘	sa1	sa1	she2	赣			120000		
余	i2	yi2	yu2	赣			175000		
佛	fəʔ5	fek5	fu2	赣			130000		
作	tso1	zo1	zuo4	赣			120000		
作	tsoʔ5	zok5	zuo4	赣			120000		
你	ȵi3	ni3	ni3	赣			120000		
佢	kiɛ1	gie1	qu2	赣			120000		
佩	pʰi4	pi4	pei4	赣			120000		
佳	ka1	ga1	jia1	赣			130000		
使	sɿ3	si3	shi3	赣			120000		
侄	tʰəʔ5*	tek5*	zhi2	赣			120000		
侈	i2	yi2	chi3	赣			120000		
例	li4	li4	li4	赣			150000		
侍	ɕi4	xi4	shi4	赣			120000		
供	tɕiuŋ1	jiung1	gong1	赣			205000		
依	i1	i1	yi1	赣			145000		
侥	iɛu1	ieu1	jiao3	赣			120000		
侦	tɪn1	din1	zhen1	赣			120000		
侧	tsəʔ5	zek5	ce4	赣			120000		
侨	tɕʰiɛu1*	qieu1*	qiao2	赣			120000		
侮	u3	wu3	wu3	赣			107043		
侯	xɛu2	heu2	hou2	赣			120000		
侵	tɕʰin1*	qin1*	qin1	赣			145000		
便	pʰiɛn4	pien4	bian4	赣			120000		
促	tɕʰiuʔ5*	qiuk5*	cu4	赣			120000		
促	tɕʰɪu1*	qiu1*	cu4	赣			120000		
俄	ŋo2	ngo2	e2	赣			120000		
俊	tɕiun2	jiun2	jun4	赣			120000		
俏	tɕʰiɛu1*	qieu1*	qiao4	赣			120000		
俗	sɪu1	siu1	su2	赣			155000		
俗	sɪuʔ5	siuk5	su2	赣			155000		
俘	fu1	fu1	fu2	赣			102061		
保	pau3	bau3	bao3	赣			145000		
俟	sɿ4	si4	qi2	赣			120000		
信	sɪn2	sin2	xin4	赣			220000		
俨	ȵiɛn3	nien3	yan3	赣			120000		
俭	tɕʰiɛn4	qien4	jian3	赣			120000		
修	sɪu1*	siu1*	xiu1	赣			310000		
俯	fu3	fu3	fu3	赣			120000		
俱	tsʰɿ4	ci4	ju4	赣			103728		
俸	fuŋ4	fung4	feng4	赣			107966		
俾	pʰi4	pi4	bi3	赣			120000		
倍	pʰi4	pi4	bei4	赣			145000		
倒	tau2	dau2	dao4	赣			195000		
倒	tau3	dau3	dao4	赣			195000		
倔	tɕiuəʔ5*	jiuek5*	jue2	赣			120000		
倘	tʰoŋ3	tong3	tang3	赣			125000		
候	xɛu4	heu4	hou4	赣			170000		
倚	i3	yi3	yi3	赣			120000		
借	tɕia2	jia2	jie4	赣			120000		
倡	tʰoŋ1*	tong1*	chang4	赣			120000		
倦	tɕʰion4	qion4	juan4	赣			145000		
倪	ȵi2	ni2	ni2	赣			73943		
倭	luəi3	luei3	wo1	赣			120000		
倭	uo1	uo1	wo1	赣			120000		
债	tsai2	zai2	zhai4	赣			120000		
值	tʰəʔ5*	tek5*	zhi2	赣			370000		
倾	tɕʰiun1*	qiun1*	qing1	赣			120000		
假	ka3	ga3	jia3	赣			120000		
偋	pɑŋ2	bang2	bing4	赣			120000		
偏	pʰiɛn1*	pien1*	pian1	赣			120000		
做	tsɿ2	zi2	zuo4	赣			428314		
健	tɕʰiɛn4	qien4	jian4	赣			120000		
偶	ŋɛu3	ngeu3	ou3	赣			120000		
偷	tʰɛu1*	teu1*	tou1	赣			120000		
偷	xɛu1*	heu1*	tou1	白			120000		
偿	soŋ3	song3	chang2	赣			136769		
傀	fai2	fai2	gui1	赣			71608		
傀	kʰuəi3	kuei3	gui1	赣			71608		
傅	fu4	fu4	fu4	赣			120000		
傍	pʰoŋ2	pong2	bang4	赣			103993		
储	tsʰɿ1*	ci1*	chu3	赣			220000		
催	tsʰuəi1*	cuei1*	cui1	赣			145000		
傲	ŋau4	ngau4	ao4	赣			120000		
傻	sa3	sa3	sha3	赣			120000		
像	soŋ2	song2	xiang4	赣			370000		
僧	sɛn1	sen1	seng1	赣			120000		
僵	tɕioŋ1	jiong1	jiang1	赣			120000		
僻	pʰiɛʔ5*	piek5*	pi4	赣			220000		
儒	ə2	e2	ru2	赣			120000		
儡	luəi3	luei3	lei3	赣			76977		
儿	ə2	e2	er2	赣			160000		
允	iun3	yun3	yun3	赣			120000		
元	ȵion2	nion2	yuan2	赣			370000		
兄	suŋ1	sung1	xiong1	赣			120000		
兄	sɑŋ1	sang1	xiong1	赣			120000		
兄	ɕiɑŋ1	xiang1	xiong1	赣			120000		
充	tʰuŋ1*	tung1*	chong1	赣			120000		
兆	tʰɛu4	teu4	zhao4	赣			120000		
先	sɛn1	sen1	xian1	赣			370000		
光	kuoŋ1	guong1	guang1	赣			120000		
克	kʰəʔ5*	kek5*	ke4	赣			145000		
免	miɛn3	mien3	mian3	赣			120000		
兑	tʰuəi4	tuei4	dui4	赣			120000		
兔	tʰu2	tu2	tu4	赣			120000		
党	toŋ3	dong3	dang3	赣			120000		
兜	tɛu1	deu1	dou1	赣			130000		
兢	tɕin3	jin3	jing1	赣			120000		
入	ləʔ5	lek5	ru4	赣			120000		
全	tɕʰion2	qion2	quan2	赣			370000		
八	paiʔ5	baik5	ba1	赣			160000		
公	kuŋ1	gung1	gong1	赣			290000		
六	liuʔ5	liuk5	liu4	赣			230000		
六	lɪu1*	liu1*	liu4	赣			230000		
兮	ɕi2	xi2	xi1	赣			120000		
兰	lan2	lan2	lan2	赣			120001		
共	tɕʰiuŋ4	qiung4	gong4	赣			120000		
关	kuɑn1	guan1	guan1	赣			180000		
关	kʰuɑn1*	kuan1*	guan1	赣			180000		
兴	sɪn1	sin1	xing1	赣			145000		
兴	sɪn4	sin4	xing1	赣			145000		
兵	pin1	bin1	bing1	赣			120000		
其	tɕʰi2	qi2	qi2	赣			120000		
具	tsʰɿ4	ci4	ju4	赣			145000		
典	liɛn3	lien3	dian3	赣			180000		
兹	tsɿ1	zi1	zi1	赣			120000		
养	ioŋ3	yong3	yang3	赣			200000		
兼	tɕiɛn1	jien1	jian1	赣			120000		
兽	sɪu2	siu2	shou4	赣			180000		
内	luəi4	luei4	nei4	赣			370000		
冈	koŋ1	gong1	gang1	赣			120000		
冉	lɛn3	len3	ran3	赣			120000		
册	tsʰa1*	ca1*	ce4	赣			145000		
册	tsʰaʔ5*	cak5*	ce4	赣			145000		
再	tsoi2	zoi2	zai4	赣			120000		
冒	mau4	mau4	mao4	赣			120000		
冗	luŋ3	lung3	rong3	赣			120000		
写	sa3	sa3	xie3	赣			370000		
军	tɕiun1	jiun1	jun1	赣			120000		
农	luŋ2	lung2	nong2	赣			145000		
冠	kuon1	guon1	guan1	赣			120000		
冠	kuon2	guon2	guan1	赣			120000		
冢	tuŋ3	dung3	zhong3	赣			107521		
冤	ion1	ion1	yuan1	赣			100164		
冬	tuŋ1	dung1	dong1	赣			120000		
冯	fuŋ1	fung1	feng2	赣			120000		
冰	pin1	bin1	bing1	赣			120000		
冲	tʰuŋ1*	tung1*	chong1	赣			120000		
决	tɕiuɔʔ5*	jiuok5*	jue2	赣			170000		
况	kʰuoŋ2	kuong2	kuang4	赣			120000		
冷	lɑŋ3	lang3	leng3	赣			120000		
冻	tuŋ2	dung2	dong4	赣			145000		
净	tɕʰin4	qin4	jing4	赣			120000		
净	tɕʰiɑŋ4	qiang4	jing4	赣			120000		
准	tun3	dun3	zhun3	赣			120000		
凉	lioŋ2	liong2	liang2	赣			120000		
凋	liɛu1	lieu1	diao1	赣			120000		
凌	lɪn2	lin2	ling2	赣			120000		
减	kan3	gan3	jian3	赣			155000		
凑	tsʰɛu2	ceu2	cou4	赣			300000		
凖	tun3	dun3	zhun3	赣			120000		
凝	ȵin2	nin2	ning2	赣			120000		
几	tɕi3	ji3	ji3	赣			414956		
凡	fan2	fan2	fan2	赣			120000		
凤	fuŋ4	fung4	feng4	赣			120000		
凯	kʰoi3	koi3	kai3	赣			120000		
凳	tɛn2	den2	deng4	赣			120000		
凶	suŋ1	sung1	xiong1	赣			120000		
出	tʰuaʔ5*	tuak5*	chu1	赣			120000		
击	tɕiɛʔ5	jiek5	ji1	赣			220000		
函	xon2	hon2	han2	赣			120000		
凿	tsʰo1*	co1*	zao2	赣			145000		
凿	tsʰoʔ5*	cok5*	zao2	赣			145000		
刀	tau1	dau1	dao1	赣			120000		
刁	liɛu1	lieu1	diao1	赣			120000		
分	fun1	fun1	fen1	赣			430000		
切	tɕʰiaiʔ5*	qiaik5*	qie4	赣			225000		
刊	kʰon1*	kon1*	kan1	赣			120000		
刎	un3	wen3	wen3	赣			108732		
刑	sɪn2	sin2	xing2	赣			120000		
划	fa2	fa2	hua4	赣			120000		
划	fa4	fa4	hua4	赣			120000		
刘	liu2	liu2	liu2	赣			150000		
则	tsəʔ5	zek5	ze2	赣			370000		
刚	koŋ1	gong1	gang1	赣			120000		
创	tsʰoŋ3	cong3	chuang4	赣			233989		
初	tsʰɿ1*	ci1*	chu1	赣			150000		
删	suon1	suon1	shan1	赣			205000		
判	pʰon4	pon4	pan4	赣			120000		
利	li4	li4	li4	赣			120000		
别	pʰiaiʔ5*	piaik5*	bie2	赣			370000		
刮	kuɛʔ5*	guek5*	gua1	赣			120000		
到	tau2	dau2	dao4	赣			455341		
刴	to2	do2	duo4	赣			120000		
制	ti2	di2	zhi4	赣			145000		
刷	suɔʔ5	suok5	shua1	赣			255000		
刺	tsʰɿ2	ci2	ci4	赣			120000		
刻	kʰəʔ5*	kek5*	ke4	赣			120000		
刽	kʰuai2	kuai2	gui4	赣			90000		
剂	tɕi2	ji2	ji4	赣			120000		
剃	tʰi2	ti2	ti4	赣			120000		
削	soʔ5	sok5	xue1	赣			175000		
前	tɕʰiɛn2	qien2	qian2	赣			412779		
剐	kua3	gua3	gua3	赣			120000		
剑	tɕiɛn2	jien2	jian4	赣			120000		
剖	pʰo2	po2	pou1	赣			108773		
剥	poʔ5*	bok5*	bo1	赣			120000		
剧	tsɿ2	zi2	ju4	赣			145000		
剩	sɪn2	sin2	sheng4	赣			145000		
剪	tɕiɛn3	jien3	jian3	赣			120000		
副	fu2	fu2	fu4	赣			220000		
割	kɔʔ5*	gok5*	ge1	赣			120000		
剿	tɕiɛu3	jieu3	jiao3	赣			120000		
劈	pʰia1*	pia1*	pi1	赣			120000		
劈	pʰiɑʔ5*	piak5*	pi1	赣			120000		
力	liɛʔ5	liek5	li4	赣			125000		
劝	tɕʰion4	qion4	quan4	赣			145000		
办	pʰan4	pan4	ban4	赣			145000		
功	kuŋ1	gung1	gong1	赣			150000		
加	ka1	ga1	jia1	赣			370000		
务	u4	wu4	wu4	赣			145000		
劣	liaiʔ5	liaik5	lie4	赣			120000		
动	tʰuŋ4	tung4	dong4	赣			270000		
助	tsʰɿ4	ci4	zhu4	赣			120000		
努	lu3	lu3	nu3	赣			120000		
劫	tɕiaiʔ5	jiaik5	jie2	赣			120000		
励	li4	li4	li4	赣			120000		
劲	tɕin2	jin2	jin4	赣			120000		
劳	lau2	lau2	lao2	赣			145000		
势	ɕi4	xi4	shi4	赣			195000		
勃	pʰəʔ5*	pek5*	bo2	赣			120000		
勇	iuŋ3	yung3	yong3	赣			120000		
勉	miɛn3	mien3	mian3	赣			120000		
勋	sun1	sun1	xun1	赣			120000		
勒	ləʔ5	lek5	lei1	赣			195000		
勘	kʰon1*	kon1*	kan1	赣			106652		
募	mu4	mu4	mu4	赣			120000		
勤	tɕʰin2	qin2	qin2	赣			145000		
勺	so1*	so1*	shao2	赣			120000		
勺	soʔ5	sok5	shao2	赣			120000		
勾	kiɛu1	gieu1	gou1	赣			210000		
勿	fəʔ5	fek5	wu4	赣			120000		
匀	iun2	yun2	yun2	赣			120000		
包	pau1	bau1	bao1	赣			325000		
化	fa2	fa2	hua4	赣			370000		
北	pɛ1	be1	bei3	赣			235000		
北	pʰɛʔ5	pek5	bei3	赣			235000		
匙	ɕi1	xi1	shi5	赣			120000		
匠	tɕʰioŋ4	qiong4	jiang4	赣			120000		
匡	tɕʰioŋ1*	qiong1*	kuang1	赣			90000		
匣	kaiʔ5	gaik5	xia2	赣			120000		
匪	fəi3	fei3	fei3	赣			145000		
匹	pʰiɛʔ5*	piek5*	pi3	赣			120000		
区	tsʰɿ1*	ci1*	qu1	赣			470000		
医	i1	i1	yi1	赣			120000		
匿	ȵiɛʔ5	niek5	ni4	赣			120000		
十	səʔ5	sek5	shi2	赣			120000		
千	tɕʰiɛn1*	qien1*	qian1	赣			160000		
升	sɪn1	sin1	sheng1	赣			218907		
午	ŋ̍3	ng3	wu3	赣			120000		
半	pon2	bon2	ban4	赣			125000		
华	fa2	fa2	hua2	赣			215000		
协	səʔ5	sek5	xie2	赣			120000		
卑	pi1	bi1	bei1	赣			120000		
卒	tsuaʔ5	zuak5	zu2	赣			120000		
卓	tsoʔ5	zok5	zhuo2	赣			133886		
单	sɛn3	sen3	dan1	赣			310000		
单	tan1	dan1	dan1	赣			310000		
卖	mai4	mai4	mai4	赣			175000		
南	lan2	lan2	nan2	赣			180001		
博	po1	bo1	bo2	赣			120000		
博	poʔ5*	bok5*	bo2	赣			120000		
卜	pu1	bu1	bo5	赣			120000		
卜	pu1*	bu1*	bo5	赣			120000		
卜	puʔ5	buk5	bo5	赣			120000		
卜	pʰu1*	pu1*	bo5	赣			120000		
占	tɛn1	den1	zhan4	赣			120000		
卡	kʰa3	ka3	ka3	赣			370000		
卢	lu2	lu2	lu2	赣			120000		
卦	kua2	gua2	gua4	赣			120000		
卧	ŋo4	ngo4	wo4	赣			148010		
卫	uəi4	wei4	wei4	赣			120000		
卯	mau3	mau3	mao3	赣			120000		
印	in2	yin2	yin4	赣			120000		
危	ŋuəi2	nguei2	wei1	赣			120000		
即	tɕiɛʔ5	jiek5	ji2	赣			270000		
卵	luon3	luon3	luan3	赣			120000		
卷	tɕion3	jion3	juan3	赣			145000		
卸	sa4	sa4	xie4	赣			104592		
卿	tɕʰin1*	qin1*	qing1	赣			120000		
厂	tʰoŋ3	tong3	chang3	赣			184000		
厅	tʰin1*	tin1*	ting1	赣			120000		
厅	tʰiɑŋ1*	tiang1*	ting1	赣			120000		
历	liɛ1	lie1	li4	赣			145000		
历	liɛʔ5	liek5	li4	赣			145000		
厉	li4	li4	li4	赣			120000		
压	ŋaiʔ5	ngaik5	ya1	赣			180000		
厌	iɛn4	yen4	yan4	赣			120000		
厕	tsʰɿ2	ci2	ce4	赣			170000		
厚	xɛu4	heu4	hou4	赣			145000		
原	ȵion2	nion2	yuan2	赣			180000		
厢	soŋ1	song1	xiang1	赣			120000		
厥	tɕʰiuɔʔ5*	qiuok5*	jue2	赣			120000		
厦	xa4	ha4	sha4	赣			120000		
厨	tsʰɿ2	ci2	chu2	赣			120000		
厮	sɿ1	si1	si1	赣			120000		
去	tsʰɿ2	ci2	qu4	赣			120000		
去	tɕʰiɛ2	qie2	qu4	白			120000		
县	suon4	suon4	xian4	赣			120000		
参	sɛn1	sen1	can1	赣			120000		
参	tsʰan1*	can1*	can1	赣			120000		
又	iu4	yiu4	you4	赣			400749		
叉	tsʰa1*	ca1*	cha1	赣			120000		
及	tɕʰiɛʔ5*	qiek5*	ji2	赣			175000		
友	iu3	yiu3	you3	赣			155000		
双	soŋ1	song1	shuang1	赣			120000		
反	fan3	fan3	fan3	赣			145000		
发	faiʔ5	faik5	fa1	赣			370000		
叔	sɿʔ5	sik5	shu1	赣			120000		
叔	sɿʔ5*	sik5*	shu1	赣			120000		
取	tɕʰi3	qi3	qu3	赣			190000		
受	sɪu4	siu4	shou4	赣			155000		
变	piɛn2	bien2	bian4	赣			270000		
叛	pʰon4	pon4	pan4	赣			120000		
叟	sɛu3	seu3	sou3	赣			120000		
叠	tʰiaiʔ5*	tiaik5*	die2	赣			115724		
口	kʰiɛu3	kieu3	kou3	赣			370000		
古	ku3	gu3	gu3	赣			120000		
句	tsɿ2	zi2	ju4	赣			222807		
叨	tʰau1*	tau1*	dao1	赣			104761		
叩	kʰiɛu2	kieu2	kou4	赣			120000		
只	ta1*	da1*	zhi3	赣			386050		
只	taʔ5	dak5	zhi3	赣			386050		
只	ti3	di3	zhi3	赣			386050		
叫	tɕiɛu2	jieu2	jiao4	赣			370000		
召	tʰɛu4	teu4	zhao4	赣			120000		
可	kʰo3	ko3	ke3	赣			370000		
台	tʰoi2	toi2	tai2	赣			155000		
史	sɿ3	si3	shi3	赣			145000		
右	iu4	yiu4	you4	赣			150000		
叶	iaiʔ5	iaik5	ye4	赣			120000		
号	xau4	hau4	hao4	赣			240000		
司	sɿ1	si1	si1	赣			120000		
叹	tʰan4	tan4	tan4	赣			120000		
叹	xan4	han4	tan4	白			120000		
吁	i1	i1	xu1	赣			120000		
吃	tɕʰiɑʔ5*	qiak5*	chi1	赣			120000		
各	ko1	go1	ge4	赣			140000		
各	kʰoʔ5	kok5	ge4	赣			140000		
吆	iɛu1	ieu1	yao1	赣			120000		
合	kɔʔ5*	gok5*	he2	赣			120000		
合	xɔʔ5*	hok5*	he2	赣			120000		
吉	tɕiɛʔ5	jiek5	ji2	赣			175000		
吊	liɛu2	lieu2	diao4	赣			145000		
同	tʰuŋ2	tung2	tong2	赣			370000		
名	min2	min2	ming2	赣			120000		
名	miɑŋ2	miang2	ming2	赣			120000		
后	xɛu4	heu4	hou4	赣			374793		
吏	li4	li4	li4	赣			103563		
吐	tʰu3	tu3	tu3	赣			170000		
向	soŋ2	song2	xiang4	赣			225000		
吓	xa1*	ha1*	xia4	赣			120000		
吓	xaʔ5*	hak5*	xia4	赣			120000		
吕	li3	li3	lv3	赣			120000		
君	tɕiun1	jiun1	jun1	赣			120000		
吝	lɪn4	lin4	lin4	赣			120000		
吞	xɛn1*	hen1*	tun1	白			160000		
吟	ȵin4	nin4	yin2	赣			109578		
吠	fəi4	fei4	fei4	赣			100574		
否	fɛu3	feu3	fou3	赣			155000		
含	xon2	hon2	han2	赣			130000		
听	tʰin1*	tin1*	ting1	赣			120000		
听	tʰiɑŋ1*	tiang1*	ting1	赣			120000		
启	tɕʰi3	qi3	qi3	赣			120000		
吴	ŋ̍2	ng2	wu2	赣			245000		
吵	tsʰau3	cau3	chao3	赣			120000		
吹	tʰuəi1*	tuei1*	chui1	赣			120000		
吻	un3	wen3	wen3	赣			145000		
吼	xɛu3	heu3	hou3	赣			120000		
呃	ə1	e1	e4	赣			120000		
呆	tai1	dai1	dai1	赣			120000		
呆	ŋoi2	ngoi2	dai1	赣			120000		
呈	tʰɪn2	tin2	cheng2	赣			125000		
告	kau2	gau2	gao4	赣			120000		
呕	ŋɛu3	ngeu3	ou3	赣			170000		
员	ion2	yon2	yuan2	赣			225000		
周	tɪu1	diu1	zhou1	赣			370000		
味	uəi4	wei4	wei4	赣			145000		
呼	fu1	fu1	hu1	赣			120000		
命	min4	min4	ming4	赣			120000		
命	miɑŋ1	miang1	ming4	赣			120000		
命	miɑŋ4	miang4	ming4	赣			120000		
咀	tsɿ3	zi3	ju3	赣			120000		
和	fo2	fo2	he2	赣			805815		
咎	tɕʰiu4	qiu4	jiu4	赣			120000		
咏	iun4	yun4	yong3	赣			120000		
咒	tɕiu2	jiu2	zhou4	赣			145000		
咒	tɪu2	diu2	zhou4	赣			145000		
咨	tsɿ1	zi1	zi1	赣			102506		
咬	ŋau3	ngau3	yao3	赣			120000		
咳	kʰəʔ5*	kek5*	ke2	赣			120000		
咸	xan2	han2	xian2	赣			120000		
哀	ŋoi1	ngoi1	ai1	赣			120000		
品	pʰin3	pin3	pin3	赣			145000		
哄	fuŋ3	fung3	hong3	赣			125000		
哇	ua1	ua1	wa5	赣			120000		
哉	tsoi1	zoi1	zai1	赣			120000		
响	soŋ3	song3	xiang3	赣			120000		
哥	ko1	go1	ge1	赣			145000		
哪	la3	la3	na3	赣			120000		
哭	kʰu1*	ku1*	ku1	赣			145000		
哭	kʰuʔ5*	kuk5*	ku1	赣			145000		
哲	tɛʔ5*	dek5*	zhe2	赣			124000		
哽	kiɛn3	gien3	geng3	赣			90000		
唆	so1	so1	suo1	赣			175000		
唇	sun2	sun2	chun2	赣			150000		
唐	tʰoŋ2	tong2	tang2	赣			120000		
唐	xoŋ1*	hong1*	tang2	赣			120000		
唠	lau2	lau2	lao2	赣			120000		
唤	fon4	fon4	huan4	赣			120000		
售	tʰɪu2	tiu2	shou4	赣			120000		
唯	uəi2	wei2	wei2	赣			120000		
唱	tʰoŋ2	tong2	chang4	赣			120000		
商	soŋ1	song1	shang1	赣			120000		
啬	səʔ5	sek5	se4	赣			120000		
啮	ŋaiʔ5	ngaik5	nie4	赣			120000		
善	sɛn4	sen4	shan4	赣			120000		
喉	xɛu2	heu2	hou2	赣			125000		
喊	xan3	han3	han3	赣			120000		
喔	uo1	uo1	o1	赣			120000		
喔	uoʔ5	uok5	o1	赣			120000		
喘	tʰuon3	tuon3	chuan3	赣			145000		
喜	ɕi3	xi3	xi3	赣			130000		
喝	xɔʔ5*	hok5*	he1	赣			135000		
喧	suon1	suon1	xuan1	赣			120000		
喷	fun2	fun2	pen1	赣			170000		
喷	pʰuŋ1*	pung1*	pen1	赣			170000		
喻	i4	yi4	yu4	赣			120000		
嗅	sɪu2	siu2	xiu4	赣			120000		
嗓	soŋ3	song3	sang3	赣			120000		
嗜	ɕi4	xi4	shi4	赣			120000		
嗣	sɿ4	si4	si4	赣			102743		
嗤	tʰi1*	ti1*	chi1	赣			120000		
嗳	oi2	oi2	ai1	赣			5295		
嗽	sɛu2	seu2	sou4	赣			120000		
嘉	ka1	ga1	jia1	赣			120000		
嘱	tu1	du1	zhu3	赣			120000		
嘴	tɕi3	ji3	zui3	赣			120000		
噍	tɕʰiɛu4	qieu4	jiao4	赣			120000		
噎	iɛʔ5	iek5	ye1	赣			120000		
器	tɕʰi4	qi4	qi4	赣			120000		
嚎	xau2	hau2	hao2	赣			120000		
嚣	sɛu1	seu1	xiao1	赣			145000		
嚼	tɕio1	jio1	jue2	赣			120000		
嚼	tɕioʔ5	jiok5	jue2	赣			120000		
囊	loŋ2	long2	nang2	赣			120000		
囚	sɪu2	siu2	qiu2	赣			120000		
四	sɿ2	si2	si4	赣			360000		
回	fəi2	fei2	hui2	赣			285000		
因	in1	in1	yin1	赣			120000		
团	tʰuon2	tuon2	tuan2	赣			120000		
囤	tʰun2	tun2	dun4	赣			120000		
困	kʰun2	kun2	kun4	赣			120000		
困	kʰun4	kun4	kun4	赣			120000		
囱	tʰuŋ1*	tung1*	cong1	赣			120000		
围	uəi2	wei2	wei2	赣			120000		
固	ku2	gu2	gu4	赣			120000		
国	kuɛʔ5*	guek5*	guo2	赣			329470		
图	tʰu2	tu2	tu2	赣			165000		
圆	ion2	yon2	yuan2	赣			170000		
圈	tɕʰion1*	qion1*	quan1	赣			225000		
土	tʰu3	tu3	tu3	赣			145000		
圣	sɪn4	sin4	sheng4	赣			120000		
在	tsʰai4	cai4	zai4	赣			431978		
圭	kuəi1	guei1	gui1	赣			120000		
地	tʰi4	ti4	di4	赣			370541		
场	tʰoŋ3	tong3	chang3	赣			145000		
址	ti3	di3	zhi3	赣			120000		
均	tɕiun1	jiun1	jun1	赣			155000		
坎	kʰon3	kon3	kan3	赣			120000		
坏	fai4	fai4	huai4	赣			120000		
坐	tsʰo4	co4	zuo4	赣			175000		
坑	kʰɑŋ1*	kang1*	keng1	赣			120000		
块	kʰuai3	kuai3	kuai4	赣			170000		
坚	tɕiɛn1	jien1	jian1	赣			120000		
坛	tʰan2	tan2	tan2	赣			120000		
坝	pa2	ba2	ba4	赣			104794		
坞	u1	u1	wu4	赣			120000		
坠	tʰuəi3	tuei3	zhui4	赣			120000		
坡	po1	bo1	po1	赣			120000		
坤	kʰun1*	kun1*	kun1	赣			120000		
坪	pʰiɑŋ1*	piang1*	ping2	赣			120000		
坪	pʰiɑŋ3	piang3	ping2	赣			120000		
坯	pʰi1*	pi1*	pi1	赣			104096		
坳	ŋau2	ngau2	ao4	赣			72351		
坳	ŋau4	ngau4	ao4	赣			72351		
坼	tsʰaʔ5*	cak5*	che4	赣			120000		
垂	suəi2	suei2	chui2	赣			120000		
垅	luŋ4	lung4	long3	赣			120000		
型	li2	li2	xing2	赣			106597		
型	sɪn2	sin2	xing2	赣			106597		
垒	luəi3	luei3	lei3	赣			102790		
垦	kʰiɛn3	kien3	ken3	赣			120000		
垫	tʰiɛn4	tien4	dian4	赣			170000		
垮	kʰua1*	kua1*	kua3	赣			145000		
垮	kʰua3	kua3	kua3	赣			145000		
埃	ŋai1	ngai1	ai1	赣			120000		
埋	mai2	mai2	mai2	赣			120000		
城	sɑŋ2	sang2	cheng2	赣			120000		
域	iuəʔ5*	iuek5*	yu4	赣			195000		
埠	pʰu4	pu4	bu4	赣			145000		
培	pʰi2	pi2	pei2	赣			109684		
基	tɕi1	ji1	ji1	赣			120000		
堂	tʰoŋ2	tong2	tang2	赣			120000		
堂	xoŋ1*	hong1*	tang2	赣			120000		
堆	toi1	doi1	dui1	赣			195000		
堆	tuəi1	duei1	dui1	赣			195000		
堎	lɛn4	len4	leng4	赣			120000		
堡	pau3	bau3	bao3	赣			120000		
堤	tʰi2	ti2	di1	赣			120000		
堪	kʰon1*	kon1*	kan1	赣			145000		
堰	iɛn2	yen2	yan4	赣			104782		
堵	tu3	du3	du3	赣			120000		
塂	koŋ3	gong3	xiang4	赣			120000		
塌	tʰaiʔ5*	taik5*	ta1	赣			120000		
塍	sɪn1	sin1	cheng2	赣			120000		
塑	soʔ5	sok5	su4	赣			120000		
塔	tʰaiʔ5*	taik5*	ta3	赣			120000		
塘	tʰoŋ2	tong2	tang2	赣			120000		
塘	xoŋ1*	hong1*	tang2	赣			120000		
塞	səʔ5	sek5	sai1	赣			230000		
填	tʰiɛn2	tien2	tian2	赣			180000		
境	tɕin3	jin3	jing4	赣			120000		
墓	mu4	mu4	mu4	赣			120000		
墙	tɕʰioŋ2	qiong2	qiang2	赣			120000		
增	tsɛn1	zen1	zeng1	赣			120000		
墟	sɿ1	si1	xu1	赣			109731		
墨	mɛ1	me1	mo4	赣			120000		
墨	mɛʔ5	mek5	mo4	赣			120000		
墩	tun1	dun1	dun1	赣			120000		
壁	pia1	bia1	bi4	赣			120000		
壁	piɑʔ5	biak5	bi4	赣			120000		
壁	pʰiɛʔ5	piek5	bi4	赣			120000		
壕	xau2	hau2	hao2	赣			120000		
壤	loŋ3	long3	rang3	赣			120000		
士	sɿ4	si4	shi4	赣			145000		
壬	lɪn2	lin2	ren2	赣			120000		
壮	tsoŋ2	zong2	zhuang4	赣			120000		
声	sɑŋ1	sang1	sheng1	赣			120000		
声	sɪn1	sin1	sheng1	赣			120000		
壳	kʰo1*	ko1*	ke2	赣			145000		
壳	kʰoʔ5*	kok5*	ke2	赣			145000		
壶	fu2	fu2	hu2	赣			120000		
处	tsʰɿ3	ci3	chu4	赣			370000		
备	pʰi4	pi4	bei4	赣			120000		
复	fu1	fu1	fu4	赣			195000		
复	fuʔ5*	fuk5*	fu4	赣			195000		
夏	xa4	ha4	xia4	赣			120000		
夕	səʔ5	sek5	xi1	赣			120000		
外	uai4	wai4	wai4	赣			260000		
多	to1	do1	duo1	赣			390000		
夜	ia4	ya4	ye4	赣			225000		
够	kiɛu2	gieu2	gou4	赣			205000		
大	tʰai2	tai2	da4	赣			394099		
大	tʰai4	tai4	da4	赣			394099		
大	xai1*	hai1*	da4	赣			394099		
大	xai4	hai4	da4	白			394099		
天	tʰiɛn1*	tien1*	tian1	赣			250000		
太	xai2	hai2	tai4	赣			370000		
夫	fu1	fu1	fu1	赣			145000		
央	ioŋ1	iong1	yang1	赣			120000		
夯	xoŋ1*	hong1*	hang1	赣			120000		
失	səʔ5	sek5	shi1	赣			125000		
头	tʰɛu2	teu2	tou2	赣			245000		
头	xɛu2	heu2	tou2	赣			245000		
夷	i2	yi2	yi2	赣			120000		
夹	kaiʔ5	gaik5	jia1	赣			255000		
夺	tʰuo1*	tuo1*	duo2	赣			195000		
夺	tʰuoʔ5*	tuok5*	duo2	赣			195000		
奇	tɕʰi2	qi2	qi2	赣			145000		
奈	lai4	lai4	nai4	赣			120000		
奉	fuŋ4	fung4	feng4	赣			120000		
奋	fun4	fun4	fen4	赣			120000		
奎	kʰuəi1*	kuei1*	kui2	赣			120000		
奏	tsɛu2	zeu2	zou4	赣			120000		
契	tɕʰi4	qi4	qi4	赣			120000		
奓	sa1	sa1	zha1	赣			120000		
奔	pun1	bun1	ben1	赣			120000		
奖	tɕioŋ3	jiong3	jiang3	赣			120000		
套	tʰau4	tau4	tao4	赣			125000		
奚	ɕi2	xi2	xi1	赣			120000		
奠	tʰiɛn4	tien4	dian4	赣			120000		
奢	sa1	sa1	she1	赣			120000		
奥	ŋau2	ngau2	ao4	赣			155000		
女	ȵi3	ni3	nv3	赣			120000		
奴	lu2	lu2	nu2	赣			120000		
奶	lai3	lai3	nai3	赣			120000		
奸	kan1	gan1	jian1	赣			120000		
好	xau3	hau3	hao3	赣			370000		
好	xau4	hau4	hao3	赣			370000		
如	ə2	e2	ru2	赣			120000		
妃	fəi1	fei1	fei1	赣			120000		
妄	uoŋ4	wong4	wang4	赣			108099		
妇	fu4	fu4	fu4	赣			120000		
妈	ma2	ma2	ma1	赣			145000		
妈	mɛ1	me1	ma1	赣			145000		
妒	tu2	du2	du4	赣			120000		
妓	tɕʰi1*	qi1*	ji4	赣			120000		
妖	iɛu1	ieu1	yao1	赣			120000		
妙	miɛu4	mieu4	miao4	赣			145000		
妥	tʰo3	to3	tuo3	赣			120000		
妨	foŋ4	fong4	fang2	赣			120000		
妹	moi2	moi2	mei4	赣			130000		
妻	tɕʰi1*	qi1*	qi1	赣			120000		
妾	tɕʰiaiʔ5*	qiaik5*	qie4	赣			120000		
姊	tsɿ3	zi3	zi3	赣			120000		
始	ɕi3	xi3	shi3	赣			120000		
姐	tɕia3	jia3	jie3	赣			145000		
姑	ku1	gu1	gu1	赣			120000		
姓	sɑŋ2	sang2	xing4	赣			120000		
姓	sɪn4	sin4	xing4	赣			120000		
委	uəi3	wei3	wei3	赣			140000		
姚	iɛu2	yeu2	yao2	赣			120000		
姜	tɕioŋ1	jiong1	jiang1	赣			145000		
姨	i2	yi2	yi2	赣			120000		
姻	in1	in1	yin1	赣			120000		
姿	tsɿ1	zi1	zi1	赣			120000		
威	uəi1	uei1	wei1	赣			120000		
娇	tɕiɛu1	jieu1	jiao1	赣			120000		
娘	ȵioŋ2	niong2	niang2	赣			120000		
娠	sɪn2	sin2	shen1	赣			120000		
娥	ŋo2	ngo2	e2	赣			120000		
娩	miɛn3	mien3	mian3	赣			120000		
娱	ȵi2	ni2	yu2	赣			101372		
娶	tɕʰi3	qi3	qu3	赣			120000		
婆	pʰo2	po2	po2	赣			140000		
婚	fun1	fun1	hun1	赣			120000		
婢	pi1	bi1	bi4	赣			120000		
婴	in1	in1	ying1	赣			120000		
婶	sɪn3	sin3	shen3	赣			145000		
婿	ɕi1	xi1	xu4	赣			120000		
媒	mi1	mi1	mei2	赣			145000		
媚	mi1	mi1	mei4	赣			108107		
媳	səʔ5	sek5	xi2	赣			120000		
嫁	ka2	ga2	jia4	赣			145000		
嫒	ŋoi2	ngoi2	ai4	赣			120000		
嫖	pʰiɛu2	pieu2	piao2	赣			90000		
嫡	tiɛʔ5	diek5	di2	赣			90000		
嫩	lun4	lun4	nen4	赣			260000		
嬉	ɕi1	xi1	xi1	赣			78730		
孀	soŋ1	song1	shuang1	赣			120000		
子	tsɿ3	zi3	zi5	赣			450000		
孔	kʰuŋ3	kung3	kong3	赣			170000		
孕	in2	yin2	yun4	赣			120000		
字	tsʰɿ4	ci4	zi4	赣			380000		
存	tsʰun2	cun2	cun2	赣			170000		
孙	sun1	sun1	sun1	赣			120000		
孜	tsɿ1	zi1	zi1	赣			120000		
孝	xau2	hau2	xiao4	赣			145000		
孟	mɛn4	men4	meng4	赣			120000		
季	tsɿ2	zi2	ji4	赣			120000		
孤	ku1	gu1	gu1	赣			120000		
学	xo1*	ho1*	xue2	赣			370000		
学	xoʔ5*	hok5*	xue2	赣			370000		
孩	xoi2	hoi2	hai2	赣			120000		
孰	sɿʔ5	sik5	shu2	赣			120000		
孰	sɿʔ5*	sik5*	shu2	赣			120000		
孵	fu1	fu1	fu1	赣			120000		
孽	ȵiaiʔ5	niaik5	nie4	赣			120000		
宁	ȵin4	nin4	ning2	赣			120000		
宅	tsʰəʔ5*	cek5*	zhai2	赣			145000		
守	sɪu3	siu3	shou3	赣			120000		
安	ŋon1	ngon1	an1	赣			245000		
宋	suŋ2	sung2	song4	赣			145000		
完	fon2	fon2	wan2	赣			120000		
宏	fɛn2	fen2	hong2	赣			125000		
宗	tsuŋ1	zung1	zong1	赣			170000		
官	kuon1	guon1	guan1	赣			120000		
宙	tʰɪu4	tiu4	zhou4	赣			104086		
定	tʰin4	tin4	ding4	赣			120000		
宛	uon3	won3	wan3	赣			120000		
宜	ȵi2	ni2	yi2	赣			120000		
宝	pau3	bau3	bao3	赣			170000		
实	səʔ5	sek5	shi2	赣			350000		
宠	tʰuŋ3	tung3	chong3	赣			120000		
审	sɪn3	sin3	shen3	赣			120000		
客	kʰa1*	ka1*	ke4	赣			120000		
客	kʰaʔ5*	kak5*	ke4	赣			120000		
宣	suon1	suon1	xuan1	赣			145000		
室	səʔ5	sek5	shi4	赣			120000		
宦	fan4	fan4	huan4	赣			100325		
宪	sɛn4	sen4	xian4	赣			170000		
宫	kuŋ1	gung1	gong1	赣			125000		
宰	tsoi3	zoi3	zai3	赣			120000		
害	xoi4	hoi4	hai4	赣			120000		
宴	iɛn4	yen4	yan4	赣			120000		
宵	sɛu1	seu1	xiao1	赣			120000		
家	ka1	ga1	jia1	赣			370000		
容	iuŋ2	yung2	rong2	赣			150000		
宽	kʰuon1*	kuon1*	kuan1	赣			125000		
宾	pin1	bin1	bin1	赣			120000		
宿	sɪu1*	siu1*	su4	赣			125000		
宿	sɪuʔ5	siuk5	su4	赣			125000		
寂	tɕʰiɛʔ5*	qiek5*	ji4	赣			120000		
寄	tɕi2	ji2	ji4	赣			120000		
寅	in2	yin2	yin2	赣			120000		
密	miɛʔ5	miek5	mi4	赣			120000		
寇	kʰiɛu4	kieu4	kou4	赣			120000		
富	fu2	fu2	fu4	赣			150000		
寐	mi4	mi4	mei4	赣			120000		
寒	xon2	hon2	han2	赣			120000		
寓	ȵi4	ni4	yu4	赣			106824		
寝	tɕʰin3	qin3	qin3	赣			120000		
寞	mo1*	mo1*	mo4	赣			120000		
寞	moʔ5	mok5	mo4	赣			120000		
察	tsʰaiʔ5*	caik5*	cha2	赣			120000		
寡	kua3	gua3	gua3	赣			120000		
寥	liɛu2	lieu2	liao2	赣			120000		
寨	tsʰai4	cai4	zhai4	赣			120000		
寰	fan2	fan2	huan2	赣			120000		
寸	tsʰun2	cun2	cun4	赣			120000		
对	tuəi2	duei2	dui4	赣			434674		
寺	sɿ4	si4	si4	赣			120000		
寻	tɕʰin2	qin2	xun2	赣			120000		
导	tʰau4	tau4	dao3	赣			195000		
寿	sɪu4	siu4	shou4	赣			145000		
封	fuŋ1	fung1	feng1	赣			120000		
射	sa4	sa4	she4	赣			120000		
将	tɕioŋ1	jiong1	jiang1	赣			372305		
将	tɕioŋ2	jiong2	jiang1	赣			372305		
尊	tsun1	zun1	zun1	赣			120000		
小	sɛu3	seu3	xiao3	赣			370000		
少	sɛu2	seu2	shao3	赣			370000		
少	sɛu3	seu3	shao3	赣			370000		
尔	ə3	e3	er3	赣			120000		
尖	tɕiɛn1	jien1	jian1	赣			145000		
尘	tʰɪn2	tin2	chen2	赣			130000		
尚	soŋ2	song2	shang4	赣			120000		
尝	soŋ2	song2	chang2	赣			145000		
尝	soŋ3	song3	chang2	赣			145000		
尤	iu2	yiu2	you2	赣			145000		
尧	ȵiɛu2	nieu2	yao2	赣			175000		
尬	kai2	gai2	ga4	赣			120000		
就	tɕʰiu4	qiu4	jiu4	赣			523122		
尴	kan1	gan1	gan1	赣			120000		
尸	ɕi1	xi1	shi1	赣			123000		
尹	iun3	yun3	yin3	赣			90000		
尺	tʰa1*	ta1*	chi3	赣			120000		
尺	tʰaʔ5*	tak5*	chi3	赣			120000		
尼	ȵi2	ni2	ni2	赣			120000		
尽	tɕʰin4	qin4	jin3	赣			120000		
尾	miɛ1	mie1	wei3	赣			120000		
尾	uəi3	wei3	wei3	赣			120000		
尿	ȵiɛu4	nieu4	niao4	赣			130000		
局	tɕʰɪu1*	qiu1*	ju2	赣			120000		
屁	pʰi2	pi2	pi4	赣			120000		
屁	pʰiɛ1*	pie1*	pi4	赣			120000		
层	tsʰɛn2	cen2	ceng2	赣			330000		
屄	piaiʔ5	biaik5	bi1	赣			120000		
居	tsɿ1	zi1	ju1	赣			120000		
屈	tɕiuəʔ5*	jiuek5*	qu1	赣			120000		
屉	tʰi4	ti4	ti4	赣			120000		
届	kai2	gai2	jie4	赣			120000		
屋	u1	u1	wu1	赣			120000		
屋	uʔ5*	uk5*	wu1	赣			120000		
屎	ɕi3	xi3	shi3	赣			155000		
屏	pʰin2	pin2	ping2	赣			150000		
屐	tɕʰia2	qia2	ji1	赣			115000		
屑	səʔ5	sek5	xie4	赣			145000		
展	tɛn3	den3	zhan3	赣			261054		
属	sɿʔ5	sik5	shu3	赣			120000		
屠	tʰu2	tu2	tu2	赣			120000		
屡	li3	li3	lv3	赣			120000		
屯	tʰun2	tun2	tun2	赣			120000		
屯	tʰun4	tun4	tun2	赣			120000		
山	san1	san1	shan1	赣			245000		
岁	ɕi2	xi2	sui4	赣			120000		
岂	tɕʰi3	qi3	qi3	赣			120000		
岐	tɕʰi1*	qi1*	qi2	赣			73440		
岑	tɕʰin2	qin2	cen2	赣			120000		
岔	tsʰa1*	ca1*	cha4	赣			120000		
岗	koŋ1	gong1	gang3	赣			120000		
岩	ŋan2	ngan2	yan2	赣			100329		
岭	lin3	lin3	ling3	赣			120000		
岭	liɑŋ3	liang3	ling3	赣			120000		
岳	ŋoʔ5	ngok5	yue4	赣			120000		
岸	ŋon4	ngon4	an4	赣			120000		
峡	xaiʔ5*	haik5*	xia2	赣			170000		
峰	fuŋ1	fung1	feng1	赣			120000		
崇	tsʰuŋ2	cung2	chong2	赣			120000		
崔	tsʰuəi1*	cuei1*	cui1	赣			120000		
崖	ŋai2	ngai2	ya2	赣			103709		
崩	pɛn1	ben1	beng1	赣			220000		
崽	tsai3	zai3	zai3	赣			145000		
嵌	kʰan2	kan2	qian4	赣			120000		
嵩	suŋ1	sung1	song1	赣			90000		
川	tʰuon1*	tuon1*	chuan1	赣			120000		
州	tɪu1	diu1	zhou1	赣			245000		
巡	sun2	sun2	xun2	赣			120000		
巢	tsʰau2	cau2	chao2	赣			120000		
工	kuŋ1	gung1	gong1	赣			220000		
左	tso3	zo3	zuo3	赣			145000		
巧	kʰau3	kau3	qiao3	赣			120000		
巨	tsʰɿ1*	ci1*	ju4	赣			120000		
巩	tɕiuŋ3	jiung3	gong3	赣			108130		
巫	u1	u1	wu1	赣			120000		
差	tsʰa1*	ca1*	cha4	赣			120000		
差	tsʰai1*	cai1*	cha4	赣			120000		
已	i3	yi3	yi3	赣			210000		
已	tɕi3	ji3	yi3	赣			210000		
巳	tsʰɿ4	ci4	si4	赣			145000		
巴	pa1	ba1	ba1	赣			120000		
巷	xoŋ4	hong4	xiang4	赣			120000		
币	pʰi4	pi4	bi4	赣			265000		
市	ɕi4	xi4	shi4	赣			160000		
布	pu2	bu2	bu4	赣			130000		
帅	sai4	sai4	shuai4	赣			120000		
帆	fan2	fan2	fan1	赣			120000		
师	sɿ1	si1	shi1	赣			120000		
帐	toŋ2	dong2	zhang4	赣			120000		
帕	pʰaʔ5*	pak5*	pa4	赣			120000		
帕	pʰɛʔ5*	pek5*	pa4	赣			120000		
帖	tʰiaiʔ5*	tiaik5*	tie1	赣			160000		
帚	tɪu3	diu3	zhou3	赣			120000		
帛	pʰaʔ5*	pak5*	bo2	赣			90000		
帛	pʰɛ1*	pe1*	bo2	赣			90000		
帛	pʰɛʔ5*	pek5*	bo2	赣			90000		
帝	li2	li2	di4	赣			145000		
带	tai2	dai2	dai4	赣			370000		
席	səʔ5	sek5	xi2	赣			120000		
席	tɕʰia1*	qia1*	xi2	赣			120000		
帮	poŋ1	bong1	bang1	赣			170000		
常	soŋ2	song2	chang2	赣			120000		
帽	mau4	mau4	mao4	赣			120000		
幅	fu1	fu1	fu2	赣			145000		
幅	fuʔ5*	fuk5*	fu2	赣			145000		
幔	man4	man4	man4	赣			90000		
幕	mo1*	mo1*	mu4	赣			121000		
幕	moʔ5	mok5	mu4	赣			121000		
干	kon1	gon1	gan4	赣			125000		
干	kon2	gon2	gan4	赣			125000		
干	tɕʰiɛn2	qien2	gan4	赣			125000		
平	pʰin2	pin2	ping2	赣			120000		
平	pʰiɑŋ2	piang2	ping2	赣			120000		
年	ȵiɛn2	nien2	nian2	赣			498559		
并	pin2	bin2	bing4	赣			415230		
幸	sɪn4	sin4	xing4	赣			120000		
幺	iɛu1	ieu1	yao1	赣			76187		
幻	fan2	fan2	huan4	赣			120000		
幻	fan4	fan4	huan4	赣			120000		
幼	iu4	yiu4	you4	赣			120000		
幽	iu1	iu1	you1	赣			145000		
广	kuoŋ3	guong3	guang3	赣			120000		
庄	tsoŋ1	zong1	zhuang1	赣			120000		
庆	tɕʰin2	qin2	qing4	赣			120000		
庇	pʰi4	pi4	bi4	赣			106922		
床	soŋ2	song2	chuang2	赣			120000		
序	ɕi4	xi4	xu4	赣			170000		
庐	lu2	lu2	lu2	赣			120000		
库	kʰu2	ku2	ku4	赣			310000		
应	in2	yin2	ying1	赣			120000		
底	li3	li3	di3	赣			245000		
店	liɛn2	lien2	dian4	赣			195000		
庙	miɛu4	mieu4	miao4	赣			120000		
庚	kiɛn1	gien1	geng1	赣			120000		
府	fu3	fu3	fu3	赣			120000		
庞	pʰoŋ2	pong2	pang2	赣			109027		
废	fəi2	fei2	fei4	赣			120000		
座	tsʰo4	co4	zuo4	赣			120000		
庭	tʰɪn2	tin2	ting2	赣			120000		
庵	ŋon1	ngon1	an1	赣			120000		
庶	sɿ2	si2	shu4	赣			120000		
康	kʰoŋ1*	kong1*	kang1	赣			120000		
廉	liɛn2	lien2	lian2	赣			120000		
廊	loŋ2	long2	lang2	赣			120000		
廓	kuo1	guo1	kuo4	赣			120000		
廓	kuoʔ5	guok5	kuo4	赣			120000		
廖	liɛu4	lieu4	liao4	赣			90000		
延	iɛn2	yen2	yan2	赣			125000		
廷	tʰɪn2	tin2	ting2	赣			120000		
开	kʰoi1*	koi1*	kai1	赣			370000		
异	i4	yi4	yi4	赣			150000		
弃	tɕʰi4	qi4	qi4	赣			101620		
弄	luŋ4	lung4	nong4	赣			170000		
弊	pʰi4	pi4	bi4	赣			120000		
式	ɕi4	xi4	shi4	赣			120000		
弓	tɕiuŋ1	jiung1	gong1	赣			145000		
引	in3	yin3	yin3	赣			120000		
弘	fɛn2	fen2	hong2	赣			120000		
弟	tʰi4	ti4	di4	赣			120000		
张	toŋ1	dong1	zhang1	赣			170000		
弦	suon2	suon2	xian2	赣			120000		
弯	uɑn1	uan1	wan1	赣			120000		
弱	ȵioʔ5	niok5	ruo4	赣			120000		
弹	tʰan2	tan2	dan4	赣			135000		
强	tɕʰioŋ2	qiong2	qiang2	赣			120000		
弼	pʰiɛʔ5*	piek5*	bi4	赣			90000		
归	kuəi1	guei1	gui1	赣			120000		
当	toŋ1	dong1	dang1	赣			370000		
当	toŋ2	dong2	dang1	赣			370000		
录	liuʔ5	liuk5	lu4	赣			120000		
录	luʔ5*	luk5*	lu4	赣			120000		
录	lɪu1	liu1	lu4	赣			120000		
形	sɪn2	sin2	xing2	赣			145000		
彩	tsʰoi3	coi3	cai3	赣			120000		
彪	piɛu1	bieu1	biao1	赣			170000		
彬	pin1	bin1	bin1	赣			120000		
彭	pʰɑŋ2	pang2	peng2	赣			120000		
影	in3	yin3	ying3	赣			120000		
影	iɑŋ3	yang3	ying3	赣			120000		
役	iuəʔ5*	iuek5*	yi4	赣			120000		
彻	tʰɛʔ5*	tek5*	che4	赣			120000		
彼	pʰi4	pi4	bi3	赣			120000		
往	uoŋ3	wong3	wang3	赣			245000		
征	tɪn1	din1	zheng1	赣			120000		
径	tɕin1	jin1	jing4	赣			120000		
待	tʰoi4	toi4	dai4	赣			205000		
很	xɛn3	hen3	hen3	赣			235000		
律	liɛʔ5	liek5	lv4	赣			245000		
徐	ɕi2	xi2	xu2	赣			120000		
徒	tʰu2	tu2	tu2	赣			120000		
得	tɛ1	de1	de2	赣			384479		
徙	ɕi3	xi3	xi3	赣			120000		
御	ȵi4	ni4	yu4	赣			102098		
循	sun2	sun2	xun2	赣			120000		
微	uəi1	uei1	wei1	赣			120000		
德	tɛ1	de1	de2	赣			124589		
徽	fəi1	fei1	hui1	赣			120000		
心	sɪn1	sin1	xin1	赣			195000		
必	pʰiɛʔ5	piek5	bi4	赣			145000		
忆	i2	yi2	yi4	赣			120000		
忌	tɕʰi4	qi4	ji4	赣			125000		
忍	ȵin3	nin3	ren3	赣			120000		
志	ti2	di2	zhi4	赣			120000		
忘	uoŋ2	wong2	wang4	赣			120000		
忙	moŋ2	mong2	mang2	赣			220000		
忠	tuŋ1	dung1	zhong1	赣			120000		
忧	iu1	iu1	you1	赣			120000		
快	kʰuai2	kuai2	kuai4	赣			280000		
念	ȵiɛn4	nien4	nian4	赣			220000		
忽	fəʔ5	fek5	hu1	赣			196400		
忽	tsʰuŋ1*	cung1*	hu1	赣			196400		
忿	fun4	fun4	fen4	赣			109322		
怀	fai2	fai2	huai2	赣			120000		
态	tʰai4	tai4	tai4	赣			120000		
怂	suŋ3	sung3	song3	赣			73515		
怄	ŋɛu2	ngeu2	ou4	赣			120000		
怕	pʰa2	pa2	pa4	赣			255000		
怖	pu2	bu2	bu4	赣			100831		
怜	liɛn2	lien2	lian2	赣			120000		
思	sɿ1	si1	si1	赣			120000		
怠	tʰoi4	toi4	dai4	赣			120000		
急	tɕiɛʔ5	jiek5	ji2	赣			250000		
性	sɑŋ2	sang2	xing4	赣			120000		
性	sɛn1	sen1	xing4	赣			120000		
性	sɪn4	sin4	xing4	赣			120000		
怨	ion4	yon4	yuan4	赣			120000		
怪	kuai2	guai2	guai4	赣			120000		
怯	tɕʰiaiʔ5*	qiaik5*	qie4	赣			120000		
总	tsuŋ3	zung3	zong3	赣			370000		
恃	ɕi4	xi4	shi4	赣			120000		
恋	liɛn2	lien2	lian4	赣			120000		
恐	kʰuŋ3	kung3	kong3	赣			120000		
恒	xɛn2	hen2	heng2	赣			120000		
恕	sɿ2	si2	shu4	赣			104005		
恢	fi1	fi1	hui1	赣			120000		
恤	suɔʔ5	suok5	xu4	赣			120000		
恨	xɛn4	hen4	hen4	赣			170000		
恩	ŋɛn1	ngen1	en1	赣			195000		
恭	tɕiuŋ1	jiung1	gong1	赣			120000		
息	səʔ5	sek5	xi1	赣			145000		
恰	kʰaiʔ5*	kaik5*	qia4	赣			120000		
恳	kʰiɛn3	kien3	ken3	赣			120000		
恶	ŋoʔ5	ngok5	e4	赣			195000		
恼	lau3	lau3	nao3	赣			120000		
悄	tɕʰiɛu3	qieu3	qiao1	赣			120000		
悟	ŋ̍4	ng4	wu4	赣			120000		
悠	iu1	iu1	you1	赣			120000		
患	fan4	fan4	huan4	赣			120000		
悦	iuɔʔ5*	iuok5*	yue4	赣			120000		
悬	suon2	suon2	xuan2	赣			120000		
悯	min3	min3	min3	赣			120000		
悲	pi1	bi1	bei1	赣			120000		
情	tɕʰin2	qin2	qing2	赣			120000		
惊	tɕin1	jin1	jing1	赣			120000		
惊	tɕiɑŋ1	jiang1	jing1	赣			120000		
惑	fɛ1	fe1	huo4	赣			120000		
惑	fɛʔ5	fek5	huo4	赣			120000		
惜	səʔ5	sek5	xi1	赣			120000		
惟	uəi2	wei2	wei2	赣			145000		
惠	fəi4	fei4	hui4	赣			145000		
惧	tsʰɿ4	ci4	ju4	赣			104048		
惨	tsʰan3	can3	can3	赣			120000		
惩	tɪn1	din1	cheng2	赣			105794		
惭	tsʰan2	can2	can2	赣			120000		
惯	kuɑn2	guan2	guan4	赣			120000		
惰	tʰo4	to4	duo4	赣			120000		
想	soŋ3	song3	xiang3	赣			120000		
惹	ia3	ya3	re3	赣			200000		
愁	tsʰɛu2	ceu2	chou2	赣			120000		
愉	i4	yi4	yu2	赣			107329		
意	i2	yi2	yi4	赣			145000		
愚	ȵi2	ni2	yu2	赣			120000		
感	kon3	gon3	gan3	赣			145000		
愤	fun2	fun2	fen4	赣			102996		
愤	fun4	fun4	fen4	赣			102996		
愧	kʰuəi2	kuei2	kui4	赣			120000		
愿	ȵion4	nion4	yuan4	赣			120000		
慈	tsʰɿ2	ci2	ci2	赣			120000		
慌	foŋ1	fong1	huang1	赣			120000		
慎	sɪn4	sin4	shen4	赣			120000		
慕	mu4	mu4	mu4	赣			120000		
慢	man4	man4	man4	赣			220000		
慢	mon4	mon4	man4	赣			220000		
慧	fəi4	fei4	hui4	赣			145000		
慨	kʰoi3	koi3	kai3	赣			120000		
慷	kʰoŋ3	kong3	kang1	赣			100431		
憋	pʰiɛʔ5	piek5	bie1	赣			120000		
憎	tsɛn1	zen1	zeng1	赣			120000		
憨	xon1*	hon1*	han1	赣			120000		
憾	xon3	hon3	han4	赣			103833		
懂	tuŋ3	dung3	dong3	赣			370000		
懊	ŋau2	ngau2	ao4	赣			105404		
懊	ŋau4	ngau4	ao4	赣			105404		
懒	lan3	lan3	lan3	赣			220000		
懵	muŋ3	mung3	meng3	赣			90000		
戊	mɛu4	meu4	wu4	赣			145000		
戌	suɔʔ5	suok5	xu1	赣			145000		
戎	luŋ2	lung2	rong2	赣			120000		
戏	ɕi2	xi2	xi4	赣			120000		
成	sɑŋ2	sang2	cheng2	赣			416686		
我	ŋo3	ngo3	wo3	赣			578841		
戒	kai2	gai2	jie4	赣			120000		
或	fɛ1	fe1	huo4	赣			135000		
或	fɛʔ5	fek5	huo4	赣			135000		
战	tɛn2	den2	zhan4	赣			145000		
戚	tɕʰiɛʔ5*	qiek5*	qi1	赣			120000		
戟	tɕiɛ1	jie1	ji3	赣			90000		
戟	tɕiɛʔ5	jiek5	ji3	赣			90000		
截	tɕʰiaiʔ5*	qiaik5*	jie2	赣			145000		
戳	tsʰo1*	co1*	chuo1	赣			370000		
戳	tsʰoʔ5*	cok5*	chuo1	赣			370000		
戴	toi2	doi2	dai4	赣			120000		
户	fu4	fu4	hu4	赣			170000		
戽	fu2	fu2	hu4	赣			120000		
房	foŋ2	fong2	fang2	赣			120000		
所	sɿ3	si3	suo3	赣			370000		
扁	piɛn3	bien3	bian3	赣			120000		
扇	sɛn2	sen2	shan4	赣			120000		
手	sɪu3	siu3	shou3	赣			370000		
才	tsʰoi2	coi2	cai2	赣			384590		
扑	pʰu1*	pu1*	pu1	赣			120000		
扑	pʰuʔ5*	puk5*	pu1	赣			120000		
打	ta3	da3	da3	赣			370000		
托	tʰo1*	to1*	tuo1	赣			125000		
扛	koŋ1	gong1	kang2	赣			145000		
扣	kʰiɛu2	kieu2	kou4	赣			150000		
执	təʔ5	dek5	zhi2	赣			120000		
扩	kʰuoʔ5*	kuok5*	kuo4	赣			120000		
扫	sau2	sau2	sao3	赣			135000		
扬	ioŋ2	yong2	yang2	赣			120000		
扮	pan2	ban2	ban4	赣			120000		
扯	tʰa3	ta3	che3	赣			120000		
扰	lɛu3	leu3	rao3	赣			120000		
扱	tsʰuŋ3	cung3	xi1	赣			120000		
扶	fu2	fu2	fu2	赣			120000		
批	pʰi4	pi4	pi1	赣			120000		
扼	ŋəʔ5	ngek5	e4	赣			109340		
扽	tun2	dun2	den4	赣			120000		
找	tsau3	zau3	zhao3	赣			370000		
承	sɪn2	sin2	cheng2	赣			120000		
技	tɕʰi1*	qi1*	ji4	赣			120000		
抄	tsʰau1*	cau1*	chao1	赣			145000		
把	pa2	ba2	ba3	赣			120000		
把	pa3	ba3	ba3	赣			120000		
抑	iɛʔ5	iek5	yi4	赣			120000		
抓	tsa1	za1	zhua1	赣			120000		
投	tʰɛu1*	teu1*	tou2	赣			120000		
投	xɛu1*	heu1*	tou2	白			120000		
抖	tɛu3	deu3	dou3	赣			120000		
抗	kʰoŋ2	kong2	kang4	赣			120000		
折	tɛʔ5*	dek5*	zhe2	赣			120000		
抚	u3	wu3	fu3	赣			120000		
抛	pʰau1*	pau1*	pao1	赣			120000		
抠	kʰiɛu1*	kieu1*	kou1	赣			120000		
抢	tɕʰioŋ3	qiong3	qiang3	赣			120000		
护	fu4	fu4	hu4	赣			120000		
报	pau2	bau2	bao4	赣			180000		
披	pʰi1*	pi1*	pi1	赣			120000		
抬	tʰoi2	toi2	tai2	赣			120000		
抱	pʰau2	pau2	bao4	赣			145000		
抵	li3	li3	di3	赣			120000		
抹	muɔʔ5	muok5	mo3	赣			146366		
抹	mɔʔ5	mok5	mo3	赣			146366		
押	ŋaiʔ5	ngaik5	ya1	赣			125000		
抽	tʰɪu1*	tiu1*	chou1	赣			170000		
担	tan1	dan1	dan1	赣			120000		
担	tan2	dan2	dan1	赣			120000		
拆	tsʰaʔ5*	cak5*	chai1	赣			145000		
拇	mu3	mu3	mu3	赣			170000		
拈	ȵiɛn2	nien2	nian1	赣			133000		
拉	la1	la1	la1	赣			370000		
拌	pʰiɛn3	pien3	ban4	赣			120000		
拍	pʰaʔ5*	pak5*	pai1	赣			120000		
拍	pʰɛ1*	pe1*	pai1	赣			120000		
拍	pʰɛʔ5*	pek5*	pai1	赣			120000		
拎	lɪn1	lin1	lin1	赣			120000		
拐	kuai3	guai3	guai3	赣			120000		
拒	tsʰɿ1*	ci1*	ju4	赣			120000		
拓	tʰo1*	to1*	tuo4	赣			120000		
拔	pʰaiʔ5*	paik5*	ba2	赣			120000		
拖	tʰo1*	to1*	tuo1	赣			170000		
拘	kiɛu3	gieu3	ju1	赣			120000		
拘	tsɿ1	zi1	ju1	赣			120000		
拙	tuɔʔ5	duok5	zhuo1	赣			120000		
拚	pʰon1*	pon1*	pan4	赣			120000		
招	tɛu1	deu1	zhao1	赣			125000		
拜	pai2	bai2	bai4	赣			120000		
拟	ȵi3	ni3	ni3	赣			130000		
拢	luŋ3	lung3	long3	赣			350000		
拣	kan3	gan3	jian3	赣			142340		
拥	iuŋ3	yung3	yong1	赣			120000		
拨	puɔʔ5	buok5	bo1	赣			120000		
拨	pɔʔ5	bok5	bo1	赣			120000		
择	tsʰa1*	ca1*	ze2	赣			145000		
择	tsʰəʔ5*	cek5*	ze2	赣			145000		
括	kuɛʔ5*	guek5*	kuo4	赣			106247		
拯	sɪn2	sin2	zheng3	赣			120000		
拱	kuŋ3	gung3	gong3	赣			120000		
拱	tɕiuŋ3	jiung3	gong3	赣			120000		
拳	tɕʰion2	qion2	quan2	赣			145000		
拴	suon1	suon1	shuan1	赣			120000		
拼	pʰin1*	pin1*	pin1	赣			120000		
拾	səʔ5	sek5	shi2	赣			120000		
拿	la1	la1	na2	赣			370000		
持	tʰi2	ti2	chi2	赣			120000		
挂	kua2	gua2	gua4	赣			130000		
指	ti3	di3	zhi3	赣			375000		
按	ŋon3	ngon3	an4	赣			370000		
挑	tʰiɛu1*	tieu1*	tiao1	赣			120000		
挖	uai1	uai1	wa1	赣			135000		
挟	tɕʰiaiʔ5*	qiaik5*	xie2	赣			120000		
挠	lɛu3	leu3	nao2	赣			109311		
挡	toŋ3	dong3	dang3	赣			170000		
挤	tɕiɛ3	jie3	ji3	赣			120000		
挥	fəi1	fei1	hui1	赣			120000		
挨	ŋai1	ngai1	ai1	赣			145000		
挨	ŋai2	ngai2	ai1	赣			145000		
挪	la1	la1	nuo2	赣			120000		
振	tɪn3	din3	zhen4	赣			120000		
挺	tʰɪn3	tin3	ting3	赣			135000		
挽	uɑn3	wan3	wan3	赣			120000		
捅	tʰuŋ3	tung3	tong3	赣			120000		
捆	kʰun3	kun3	kun3	赣			120000		
捉	tso1	zo1	zhuo1	赣			120000		
捋	luɔʔ5	luok5	lv3	赣			90000		
捎	sau1	sau1	shao1	赣			120000		
捏	ȵiaiʔ5	niaik5	nie1	赣			120000		
捐	tɕion1	jion1	juan1	赣			120000		
捕	pʰu1*	pu1*	bu3	赣			106747		
捞	lau2	lau2	lao1	赣			145000		
损	sun3	sun3	sun3	赣			120000		
换	fon4	fon4	huan4	赣			350000		
换	uon4	won4	huan4	赣			350000		
捧	puŋ3	bung3	peng3	赣			120000		
据	tsɿ2	zi2	ju4	赣			120000		
捷	tɕʰiaiʔ5*	qiaik5*	jie2	赣			120000		
捺	lai3	lai3	na4	赣			120000		
捼	lo1	lo1	ruo2	赣			120000		
掀	sɪn1	sin1	xian1	赣			120000		
掇	tuɔʔ5	duok5	duo1	赣			132650		
授	sɪu4	siu4	shou4	赣			145000		
掉	liɛu4	lieu4	diao4	赣			120000		
掌	toŋ3	dong3	zhang3	赣			145000		
掏	tʰau2	tau2	tao1	赣			120000		
掐	kʰaiʔ5*	kaik5*	qia1	赣			120000		
排	pʰai2	pai2	pai2	赣			175000		
掘	tɕiuəʔ5*	jiuek5*	jue2	赣			120000		
掠	lioʔ5	liok5	lve4	赣			106779		
探	tʰan2	tan2	tan4	赣			120000		
接	tɕiaiʔ5	jiaik5	jie1	赣			250000		
接	tɕiɛ1	jie1	jie1	赣			250000		
控	kʰuŋ3	kung3	kong4	赣			125000		
推	tʰuəi1*	tuei1*	tui1	赣			120000		
掩	iɛn3	yen3	yan3	赣			120000		
措	tsʰo1*	co1*	cuo4	赣			105010		
掬	tɕiuʔ5	jiuk5	ju1	赣			120000		
掬	tɕɪu1	jiu1	ju1	赣			120000		
掮	tɕiɛn1	jien1	qian2	赣			120000		
掸	tan3	dan3	dan3	赣			76597		
揉	liu2	liu2	rou2	赣			120000		
描	miɛu2	mieu2	miao2	赣			120000		
提	tʰi2	ti2	ti2	赣			120000		
提	tʰia1*	tia1*	ti2	赣			120000		
插	tsʰaiʔ5*	caik5*	cha1	赣			120000		
揖	iɛʔ5	iek5	yi1	赣			90000		
揞	ŋan3	ngan3	an3	赣			120000		
握	uo1	uo1	wo4	赣			195000		
握	uoʔ5	uok5	wo4	赣			195000		
揢	kʰa1*	ka1*	ke2	赣			120000		
揣	tsʰuəi3	cuei3	chuai1	赣			120000		
揩	kʰai1*	kai1*	kai1	赣			120000		
揭	tɕʰiaiʔ5*	qiaik5*	jie1	赣			120000		
援	ion2	yon2	yuan2	赣			120000		
揽	lan4	lan4	lan3	赣			120000		
搀	tsʰan2	can2	chan1	赣			120000		
搁	kʰoʔ5	kok5	ge1	赣			120000		
搂	lɛu2	leu2	lou3	赣			125000		
搂	lɛu3	leu3	lou3	赣			125000		
搅	kau3	gau3	jiao3	赣			120000		
搉	kʰoʔ5*	kok5*	que4	赣			120000		
搊	tsʰɛu1*	ceu1*	chou1	赣			120000		
搏	po1	bo1	bo2	赣			120000		
搏	poʔ5*	bok5*	bo2	赣			120000		
搓	tsʰo1*	co1*	cuo1	赣			120000		
搜	sau3	sau3	sou1	赣			130000		
搬	pon1	bon1	ban1	赣			120000		
搭	taiʔ5	daik5	da1	赣			200000		
携	ɕi2	xi2	xie2	赣			104562		
搽	tsʰa2	ca2	cha2	赣			120000		
摄	sɛʔ5*	sek5*	she4	赣			105141		
摄	tsuɔʔ5	zuok5	she4	赣			105141		
摆	pai3	bai3	bai3	赣			145000		
摇	iɛu2	yeu2	yao2	赣			145000		
摊	tʰan1*	tan1*	tan1	赣			120000		
摊	xan1*	han1*	tan1	白			120000		
摘	tsa1	za1	zhai1	赣			148904		
摘	tsaʔ5	zak5	zhai1	赣			148904		
摞	lo4	lo4	luo4	赣			120000		
摩	mo2	mo2	mo2	赣			120000		
摸	mo1	mo1	mo1	赣			120000		
摹	mu2	mu2	mo2	赣			120000		
撇	pʰiaiʔ5*	piaik5*	pie1	赣			220000		
撑	tsʰɑŋ1*	cang1*	cheng1	赣			195000		
撕	sɿ1	si1	si1	赣			120000		
撚	lɛn3	len3	nian3	赣			120000		
撞	tsʰoŋ4	cong4	zhuang4	赣			120000		
撤	tʰɛʔ5*	tek5*	che4	赣			120000		
撩	liɛu2	lieu2	liao1	赣			120000		
撮	tsʰuɔʔ5*	cuok5*	cuo1	赣			120000		
撰	tsuon3	zuon3	zhuan4	赣			105913		
撼	xon3	hon3	han4	赣			120000		
操	tsʰau1*	cau1*	cao1	赣			150000		
擒	tɕʰin2	qin2	qin2	赣			120000		
擘	pʰiɛʔ5*	piek5*	bai1	赣			120000		
擦	tsʰaiʔ5*	caik5*	ca1	赣			145000		
攀	fan2	fan2	pan1	赣			120000		
攀	pʰan1*	pan1*	pan1	赣			120000		
攘	loŋ3	long3	rang3	赣			70380		
支	ti1	di1	zhi1	赣			120000		
收	sɪu1*	siu1*	shou1	赣			145000		
改	koi3	goi3	gai3	赣			370000		
攻	kuŋ1	gung1	gong1	赣			120000		
放	foŋ2	fong2	fang4	赣			370000		
政	tɪn2	din2	zheng4	赣			120000		
故	ku2	gu2	gu4	赣			120000		
效	xau4	hau4	xiao4	赣			133508		
敌	tʰəʔ5*	tek5*	di2	赣			120000		
敍	ɕi4	xi4	xu4	赣			120000		
敏	min3	min3	min3	赣			145000		
救	tɕiu2	jiu2	jiu4	赣			145000		
教	kau2	gau2	jiao4	赣			310000		
敛	liɛn4	lien4	lian3	赣			106177		
敝	pʰi4	pi4	bi4	赣			90000		
敢	kon3	gon3	gan3	赣			120000		
散	san2	san2	san4	赣			200000		
散	san3	san3	san4	赣			200000		
敥	iɛn4	yen4	yan4	赣			120000		
敦	tun1	dun1	dun1	赣			120000		
敬	tɕin2	jin2	jing4	赣			120000		
数	sɿ2	si2	shu4	赣			310000		
敲	kʰau1*	kau1*	qiao1	赣			120000		
整	tɑŋ3	dang3	zheng3	赣			120000		
整	tɪn3	din3	zheng3	赣			120000		
敷	fu1	fu1	fu1	赣			120000		
文	un2	wen2	wen2	赣			448967		
斋	tsai1	zai1	zhai1	赣			120000		
斑	pan1	ban1	ban1	赣			120000		
斗	tɛu2	deu2	dou4	赣			180000		
斗	tɛu3	deu3	dou4	赣			180000		
料	liɛu4	lieu4	liao4	赣			195000		
斛	fu1	fu1	hu2	赣			120000		
斜	tɕʰia2	qia2	xie2	赣			120000		
斟	tɪn1	din1	zhen1	赣			120000		
斤	tɕin1	jin1	jin1	赣			120000		
斥	tsʰəʔ5*	cek5*	chi4	赣			120000		
斧	fu3	fu3	fu3	赣			120000		
斩	tsan3	zan3	zhan3	赣			125000		
斫	to1	do1	zhuo2	赣			73168		
斫	toʔ5	dok5	zhuo2	赣			73168		
断	tuon2	duon2	duan4	赣			120000		
断	xon3	hon3	duan4	赣			120000		
斯	sɿ1	si1	si1	赣			145000		
新	sɪn1	sin1	xin1	赣			370000		
方	foŋ1	fong1	fang1	赣			245000		
施	ɕi1	xi1	shi1	赣			145000		
旁	pʰoŋ2	pong2	pang2	赣			120000		
旅	li3	li3	lv3	赣			120000		
旋	suon2	suon2	xuan2	赣			120000		
旋	tɕʰiɛn4	qien4	xuan2	赣			120000		
族	tsʰɿ1*	ci1*	zu2	赣			170000		
族	tsʰɿʔ5*	cik5*	zu2	赣			170000		
旗	tɕʰi2	qi2	qi2	赣			120000		
无	u2	wu2	wu2	赣			370000		
既	tɕi2	ji2	ji4	赣			155000		
日	ləʔ5	lek5	ri4	赣			120000		
旦	tan1	dan1	dan4	赣			145000		
旧	tɕʰiu4	qiu4	jiu4	赣			370000		
旨	ti3	di3	zhi3	赣			120000		
早	tsau3	zau3	zao3	赣			350000		
旬	sun2	sun2	xun2	赣			120000		
旱	xon3	hon3	han4	赣			120000		
时	ɕi2	xi2	shi2	赣			290000		
旷	kʰuoŋ2	kuong2	kuang4	赣			120000		
旸	iɑʔ5	iak5	yang2	赣			120000		
旺	uoŋ4	wong4	wang4	赣			120000		
昂	ŋoŋ2	ngong2	ang2	赣			145000		
昆	kʰun1*	kun1*	kun1	赣			120000		
昌	tʰoŋ1*	tong1*	chang1	赣			156892		
明	min2	min2	ming2	赣			120000		
明	miɑŋ2	miang2	ming2	赣			120000		
昏	fun1	fun1	hun1	赣			120000		
易	i4	yi4	yi4	赣			120000		
易	iɑʔ5	iak5	yi4	赣			120000		
易	iɛʔ5	iek5	yi4	赣			120000		
昔	səʔ5	sek5	xi1	赣			120000		
星	sɑŋ1	sang1	xing1	赣			120000		
星	sɪn1	sin1	xing1	赣			120000		
星	ɕiɑŋ1	xiang1	xing1	赣			120000		
映	in2	yin2	ying4	赣			120000		
映	in3	yin3	ying4	赣			120000		
映	iɑŋ3	yang3	ying4	赣			120000		
春	tʰun1*	tun1*	chun1	赣			120000		
昧	moi2	moi2	mei4	赣			120000		
昨	tsʰo1*	co1*	zuo2	赣			120000		
昨	tsʰoʔ5*	cok5*	zuo2	赣			120000		
昭	tɛu1	deu1	zhao1	赣			120000		
是	ɕi4	xi4	shi4	赣			1046991		
昼	tɪu2	diu2	zhou4	赣			175000		
显	sɛn3	sen3	xian3	赣			175000		
晃	foŋ3	fong3	huang3	赣			120000		
晋	tɕin2	jin2	jin4	赣			120000		
晌	soŋ3	song3	shang3	赣			120000		
晏	ŋan2	ngan2	yan4	赣			120000		
晒	sai2	sai2	shai4	赣			120000		
晕	iun1	iun1	yun1	赣			120000		
晚	uɑn3	wan3	wan3	赣			190000		
晦	fəi4	fei4	hui4	赣			120000		
晨	sɪn2	sin2	chen2	赣			125000		
普	pʰu3	pu3	pu3	赣			145000		
景	tɕin3	jin3	jing3	赣			120000		
晰	səʔ5	sek5	xi1	赣			120000		
晴	tɕʰin2	qin2	qing2	赣			120000		
晴	tɕʰiɑŋ2	qiang2	qing2	赣			120000		
晶	tɕin1	jin1	jing1	赣			120000		
智	ti2	di2	zhi4	赣			120000		
暂	tsʰan4	can4	zan4	赣			120000		
暇	xa2	ha2	xia2	赣			120000		
暑	sɿ4	si4	shu3	赣			150000		
暖	luon3	luon3	nuan3	赣			120000		
暗	ŋon2	ngon2	an4	赣			145000		
暮	mu4	mu4	mu4	赣			120000		
暴	pʰau4	pau4	bao4	赣			120000		
曝	pʰuʔ5*	puk5*	pu4	赣			120000		
曩	loŋ3	long3	nang3	赣			120000		
曰	iuɔʔ5*	iuok5*	yue1	赣			160000		
曲	tɕʰiuʔ5*	qiuk5*	qu1	赣			145000		
曲	tɕʰɪu1*	qiu1*	qu1	赣			145000		
更	kiɛn2	gien2	geng4	赣			120000		
更	kɑŋ1	gang1	geng4	赣			120000		
曹	tsʰau2	cau2	cao2	赣			120000		
曾	tsɛn1	zen1	ceng2	赣			120000		
曾	tsʰɛn2	cen2	ceng2	赣			120000		
替	tʰi2	ti2	ti4	赣			120000		
最	tsuəi2	zuei2	zui4	赣			370000		
月	iuɔʔ5*	iuok5*	yue4	赣			120000		
有	iu3	yiu3	you3	赣			673765		
朋	pʰuŋ2	pung2	peng2	赣			120000		
服	fuʔ5*	fuk5*	fu2	赣			140000		
朔	so1	so1	shuo4	赣			71491		
朗	loŋ3	long3	lang3	赣			120000		
望	uoŋ4	wong4	wang4	赣			120000		
朝	tɛu1	deu1	chao2	赣			120000		
朝	tʰɛu2	teu2	chao2	赣			120000		
期	tɕʰi2	qi2	qi1	赣			210000		
木	muʔ5	muk5	mu4	赣			125000		
未	uəi4	wei4	wei4	赣			370000		
末	muɔʔ5	muok5	mo4	赣			145000		
末	mɔʔ5	mok5	mo4	赣			145000		
本	pun3	bun3	ben3	赣			370000		
札	tsaiʔ5	zaik5	zha2	赣			90000		
术	suaʔ5	suak5	shu4	赣			125000		
朱	tsɿ1	zi1	zhu1	赣			170000		
朴	pʰu1*	pu1*	pu3	赣			120000		
朴	pʰuʔ5*	puk5*	pu3	赣			120000		
朶	to3	do3	duo3	赣			120000		
机	tɕi1	ji1	ji1	赣			145000		
朽	sɪu3	siu3	xiu3	赣			145000		
杀	saiʔ5	saik5	sha1	赣			195000		
杂	tsʰaiʔ5*	caik5*	za2	赣			120000		
权	tɕʰion2	qion2	quan2	赣			270000		
杆	kon3	gon3	gan1	赣			120000		
杈	tsʰa1*	ca1*	cha1	赣			75744		
杌	uaʔ5	uak5	wu4	赣			90000		
李	li3	li3	li3	赣			120000		
杏	sɪn4	sin4	xing4	赣			120000		
材	tsʰoi2	coi2	cai2	赣			120000		
村	tsʰun1*	cun1*	cun1	赣			120000		
杖	tʰoŋ4	tong4	zhang4	赣			120000		
杜	tʰu3	tu3	du4	赣			120000		
杞	tɕi3	ji3	qi3	赣			90000		
束	sɿʔ5	sik5	shu4	赣			120000		
束	sɿʔ5*	sik5*	shu4	赣			120000		
束	tʰu1	tu1	shu4	赣			120000		
束	tʰuʔ5*	tuk5*	shu4	赣			120000		
杠	koŋ1	gong1	gang1	赣			125000		
条	tʰiɛu2	tieu2	tiao2	赣			290000		
来	lai2	lai2	lai2	赣			411501		
杭	xoŋ2	hong2	hang2	赣			120000		
杯	pi1	bi1	bei1	赣			120000		
杰	tɕʰiaiʔ5*	qiaik5*	jie2	赣			120000		
杳	miɛu3	mieu3	yao3	赣			120000		
杴	kʰan1*	kan1*	xian1	赣			120000		
杵	tsʰɿ2	ci2	chu3	赣			120000		
杷	pʰa2	pa2	pa2	赣			120000		
松	suŋ1	sung1	song1	赣			120000		
板	pan1	ban1	ban3	赣			120000		
板	pan3	ban3	ban3	赣			120000		
极	tɕʰiɛʔ5*	qiek5*	ji2	赣			120000		
构	kiɛu2	gieu2	gou4	赣			120000		
枇	pʰi2	pi2	pi2	赣			90000		
枉	uoŋ3	wong3	wang3	赣			120000		
析	səʔ5	sek5	xi1	赣			120000		
枕	tɪn3	din3	zhen3	赣			120000		
林	lɪn2	lin2	lin2	赣			120000		
枚	mi1	mi1	mei2	赣			108485		
果	kuo3	guo3	guo3	赣			120000		
枝	ti1	di1	zhi1	赣			120000		
枢	tsʰɿ1*	ci1*	shu1	赣			120000		
枣	tsau3	zau3	zao3	赣			145000		
枪	tɕʰioŋ1*	qiong1*	qiang1	赣			120000		
枫	fuŋ1	fung1	feng1	赣			120000		
枯	kʰu1*	ku1*	ku1	赣			120000		
架	ka2	ga2	jia4	赣			145000		
柄	pin3	bin3	bing3	赣			120000		
柏	pa1	ba1	bai3	赣			120000		
柏	paʔ5	bak5	bai3	赣			120000		
柏	pɛ1	be1	bai3	赣			120000		
柏	pʰa1*	pa1*	bai3	赣			120000		
柏	pʰɛʔ5	pek5	bai3	赣			120000		
某	mɛu3	meu3	mou3	赣			370000		
柑	kon1	gon1	gan1	赣			120000		
染	lɛn3	len3	ran3	赣			120000		
柔	liu2	liu2	rou2	赣			120000		
柚	iu2	yiu2	you4	赣			120000		
柜	kʰuəi4	kuei4	gui4	赣			120000		
柞	tsʰoʔ5*	cok5*	zha4	赣			120000		
查	tsʰa2	ca2	cha2	赣			290000		
柩	tɕiu4	jiu4	jiu4	赣			120000		
柬	kan3	gan3	jian3	赣			108030		
柱	tsʰɿ3	ci3	zhu4	赣			125000		
柱	tsʰɿ4	ci4	zhu4	赣			125000		
柳	liu2	liu2	liu3	赣			120000		
柴	tsʰai2	cai2	chai2	赣			120000		
柿	tsʰɿ4	ci4	shi4	赣			120000		
栀	ti1	di1	zhi1	赣			120000		
标	piɛu1	bieu1	biao1	赣			370000		
栈	tsʰan4	can4	zhan4	赣			120000		
栋	tuŋ2	dung2	dong4	赣			120000		
树	sɿ4	si4	shu4	赣			175000		
栖	tɕʰi1*	qi1*	qi1	赣			120000		
栗	liɑʔ5	liak5	li4	赣			120000		
栗	liɛ1	lie1	li4	赣			120000		
栗	liɛʔ5	liek5	li4	赣			120000		
校	xau4	hau4	xiao4	赣			120000		
株	tsɿ1	zi1	zhu1	赣			120000		
样	ioŋ4	yong4	yang4	赣			245000		
核	xəʔ5*	hek5*	he2	赣			120000		
根	kiɛn1	gien1	gen1	赣			195000		
格	kaʔ5	gak5	ge2	赣			120000		
格	kəʔ5	gek5	ge2	赣			120000		
桂	kuəi2	guei2	gui4	赣			120000		
桃	tʰau2	tau2	tao2	赣			120000		
桃	xau1*	hau1*	tao2	赣			120000		
桅	ŋoi2	ngoi2	wei2	赣			120000		
框	kʰuɑŋ1*	kuang1*	kuang1	赣			120000		
案	ŋon2	ngon2	an4	赣			120000		
桌	tso1	zo1	zhuo1	赣			120000		
桐	tʰuŋ2	tung2	tong2	赣			145000		
桓	fon2	fon2	huan2	赣			120000		
桔	tɕiuɔʔ5*	jiuok5*	ju2	赣			120000		
桠	ŋa1	nga1	ya1	赣			120000		
桥	tɕʰiɛu1*	qieu1*	qiao2	赣			120000		
桦	fa2	fa2	hua4	赣			120000		
桧	kʰuai2	kuai2	gui4	赣			120000		
桨	tɕioŋ3	jiong3	jiang3	赣			120000		
桩	tsoŋ1	zong1	zhuang1	赣			120000		
桶	tʰuŋ3	tung3	tong3	赣			145000		
梁	lioŋ2	liong2	liang2	赣			120000		
梅	mi1	mi1	mei2	赣			120000		
梓	tsɿ3	zi3	zi3	赣			70836		
梗	kuɑŋ3	guang3	geng3	赣			120000		
梢	sau1	sau1	shao1	赣			120000		
梦	muŋ4	mung4	meng4	赣			320000		
梭	so1	so1	suo1	赣			120000		
梯	tʰi1*	ti1*	ti1	赣			120000		
械	kʰai3	kai3	xie4	赣			145000		
梳	sɿ1	si1	shu1	赣			120000		
棉	miɛn2	mien2	mian2	赣			120000		
棋	tɕʰi2	qi2	qi2	赣			120000		
棍	kun2	gun2	gun4	赣			120000		
棒	poŋ4	bong4	bang4	赣			120000		
棕	tsuŋ1	zung1	zong1	赣			120000		
棚	pʰuŋ2	pung2	peng2	赣			120000		
棚	pʰɑŋ2	pang2	peng2	赣			120000		
棠	tʰoŋ2	tong2	tang2	赣			120000		
森	sɛn1	sen1	sen1	赣			120000		
棵	kʰuo3	kuo3	ke1	赣			120000		
棺	kuon1	guon1	guan1	赣			120000		
椅	tɕʰi4	qi4	yi3	赣			145000		
植	tʰəʔ5*	tek5*	zhi2	赣			128000		
椒	tɕiɛu1	jieu1	jiao1	赣			120000		
椭	tʰo4	to4	tuo3	赣			120000		
椽	tʰuon1*	tuon1*	chuan2	赣			120000		
楚	tsʰɿ3	ci3	chu3	赣			125000		
楝	liɛn4	lien4	lian4	赣			90000		
楣	mi1	mi1	mei2	赣			120000		
楦	tɕʰion4	qion4	xuan4	赣			90000		
楫	tɕiɛ1	jie1	ji2	赣			120000		
楷	kʰai3	kai3	kai3	赣			120000		
楼	lɛu2	leu2	lou2	赣			120000		
概	kʰoi3	koi3	gai4	赣			130000		
榄	lan4	lan4	lan3	赣			100687		
榆	i4	yi4	yu2	赣			107182		
榖	ku1	gu1	gu3	赣			120000		
榖	kuʔ5*	guk5*	gu3	赣			120000		
榛	tɕʰin2	qin2	zhen1	赣			120000		
榜	poŋ3	bong3	bang3	赣			120000		
榫	sɪn3	sin3	sun3	赣			120000		
榴	liu2	liu2	liu2	赣			120000		
榷	kʰoʔ5*	kok5*	que4	赣			120000		
榻	tʰaiʔ5*	taik5*	ta4	赣			120000		
槁	kau3	gau3	gao3	赣			120000		
槌	tsʰɿ1*	ci1*	chui2	赣			90000		
槟	pin1	bin1	bin1	赣			90000		
槽	tsʰau2	cau2	cao2	赣			145000		
樟	toŋ1	dong1	zhang1	赣			120000		
模	mu2	mu2	mo2	赣			170000		
横	uɑŋ2	wang2	heng2	赣			120000		
樱	in1	in1	ying1	赣			120000		
樵	tɕʰiɛu1*	qieu1*	qiao2	赣			120000		
橄	kon3	gon3	gan3	赣			133572		
橙	tʰɪn2	tin2	cheng2	赣			120000		
橡	soŋ4	song4	xiang4	赣			120000		
檀	tʰan2	tan2	tan2	赣			120000		
檐	iɛn2	yen2	yan2	赣			120000		
檗	pʰiɛʔ5*	piek5*	bo4	赣			120000		
欠	tɕʰiɛn2	qien2	qian4	赣			120000		
次	tsʰɿ4	ci4	ci4	赣			120000		
欢	fon1	fon1	huan1	赣			120000		
欣	sɪn1	sin1	xin1	赣			120000		
欧	ŋɛu1	ngeu1	ou1	赣			145000		
欲	iuʔ5	iuk5	yu4	赣			120000		
欺	tɕʰi1*	qi1*	qi1	赣			120000		
款	kʰon3	kon3	kuan3	赣			125000		
歇	səʔ5	sek5	xie1	赣			245000		
歉	tɕʰiɛn3	qien3	qian4	赣			120000		
歌	ko1	go1	ge1	赣			145000		
正	tɑŋ1	dang1	zheng4	赣			120000		
正	tɑŋ2	dang2	zheng4	赣			120000		
正	tɪn2	din2	zheng4	赣			120000		
此	tsʰɿ3	ci3	ci3	赣			310000		
步	pʰu4	pu4	bu4	赣			150000		
武	u3	wu3	wu3	赣			120000		
歪	uai1	uai1	wai1	赣			120000		
死	sɿ3	si3	si3	赣			370000		
歼	tɕʰiɛn1*	qien1*	jian1	赣			105537		
殃	ioŋ1	iong1	yang1	赣			120000		
殆	tʰoi4	toi4	dai4	赣			120000		
殉	sun2	sun2	xun4	赣			100710		
殊	sɿ2	si2	shu1	赣			120000		
残	tsʰan2	can2	can2	赣			120000		
殖	tʰəʔ5*	tek5*	zhi2	赣			120000		
殡	pin1	bin1	bin4	赣			90000		
殴	ŋɛu1	ngeu1	ou1	赣			120000		
段	tʰuon4	tuon4	duan4	赣			220000		
殷	in1	in1	yin1	赣			120000		
殿	tʰiɛn4	tien4	dian4	赣			120000		
毁	fəi3	fei3	hui3	赣			120000		
毅	ȵi4	ni4	yi4	赣			105838		
母	mu3	mu3	mu3	赣			275000		
每	mi3	mi3	mei3	赣			370000		
毒	tʰuʔ5*	tuk5*	du2	赣			145000		
比	pi3	bi3	bi3	赣			370000		
毕	pʰiɛʔ5	piek5	bi4	赣			120000		
毙	pʰi4	pi4	bi4	赣			120000		
毛	mau2	mau2	mao2	赣			120000		
毡	tɛn1	den1	zhan1	赣			120000		
毫	xau2	hau2	hao2	赣			120000		
毯	tʰan3	tan3	tan3	赣			120000		
氏	ɕi4	xi4	shi4	赣			145000		
民	min2	min2	min2	赣			125000		
气	tɕʰi2	qi2	qi4	赣			180000		
水	suəi3	suei3	shui3	赣			220000		
永	iun3	yun3	yong3	赣			120000		
汁	təʔ5	dek5	zhi1	赣			120000		
求	tɕʰiu2	qiu2	qiu2	赣			140000		
汆	tsʰuon1*	cuon1*	cuan1	赣			120000		
汇	fəi4	fei4	hui4	赣			145000		
汉	xon3	hon3	han4	赣			125000		
汗	xon3	hon3	han4	赣			120000		
汝	ə3	e3	ru3	赣			120000		
汞	kuŋ2	gung2	gong3	赣			102222		
江	koŋ1	gong1	jiang1	赣			150000		
池	tʰi2	ti2	chi2	赣			120000		
污	u1	u1	wu1	赣			120000		
汤	tʰoŋ1*	tong1*	tang1	赣			120000		
汤	xoŋ1*	hong1*	tang1	赣			120000		
汪	uoŋ1	uong1	wang1	赣			170000		
汽	tɕʰi2	qi2	qi4	赣			120000		
沂	ȵi2	ni2	yi2	赣			70109		
沃	u1	u1	wo4	赣			135000		
沃	uʔ5*	uk5*	wo4	赣			135000		
沈	sɪn3	sin3	shen3	赣			145000		
沉	tʰɪn2	tin2	chen2	赣			120000		
沓	tʰaiʔ5*	taik5*	da2	赣			120000		
沙	sa1	sa1	sha1	赣			145000		
沛	pʰi4	pi4	pei4	赣			108478		
沟	kiɛu1	gieu1	gou1	赣			120000		
没	məʔ5	mek5	mei2	赣			120000		
沤	ŋɛu2	ngeu2	ou1	赣			120000		
沦	lun2	lun2	lun2	赣			120000		
沪	fu2	fu2	hu4	赣			145000		
沫	muɔʔ5	muok5	mo4	赣			120000		
沫	mɔʔ5	mok5	mo4	赣			120000		
河	xo2	ho2	he2	赣			145000		
油	iu2	yiu2	you2	赣			145000		
治	tʰi4	ti4	zhi4	赣			120000		
沼	tɛu2	deu2	zhao3	赣			109461		
沼	tʰɛu4	teu4	zhao3	赣			109461		
沾	tɛn1	den1	zhan1	赣			120000		
沿	ion2	yon2	yan2	赣			120000		
泄	suɔʔ5	suok5	xie4	赣			120000		
泅	sɪu2	siu2	qiu2	赣			120000		
泉	tɕʰion2	qion2	quan2	赣			120000		
泊	pʰoʔ5*	pok5*	po1	赣			132463		
泌	mi1	mi1	mi4	赣			120000		
泔	kon1	gon1	gan1	赣			71615		
法	faiʔ5	faik5	fa3	赣			120000		
泛	fan4	fan4	fan4	赣			155293		
泡	pʰau1*	pau1*	pao4	赣			170000		
泡	pʰau2	pau2	pao4	赣			170000		
波	po1	bo1	bo1	赣			150000		
泣	liɛʔ5	liek5	qi4	赣			120000		
泥	ȵi2	ni2	ni2	赣			120000		
注	tsɿ2	zi2	zhu4	赣			170000		
泪	li4	li4	lei4	赣			120000		
泰	tʰai2	tai2	tai4	赣			120000		
泰	xai2	hai2	tai4	赣			120000		
泳	iun4	yun4	yong3	赣			125000		
泻	sa4	sa4	xie4	赣			120000		
泼	pʰuɔʔ5*	puok5*	po1	赣			120000		
泼	pʰɔʔ5*	pok5*	po1	赣			120000		
泽	tsʰəʔ5*	cek5*	ze2	赣			170000		
洁	tɕiaiʔ5	jiaik5	jie2	赣			120000		
洋	ioŋ2	yong2	yang2	赣			155000		
洒	sai3	sai3	sa3	赣			120000		
洗	ɕi3	xi3	xi3	赣			170000		
洙	tsɿ1	zi1	zhu1	赣			120000		
洛	loʔ5	lok5	luo4	赣			120000		
洞	tʰuŋ4	tung4	dong4	赣			120000		
津	tɕin1	jin1	jin1	赣			120000		
洪	fuŋ1	fung1	hong2	赣			120000		
洲	tɪu1	diu1	zhou1	赣			170000		
活	fɔʔ5*	fok5*	huo2	赣			220000		
洼	ua1	ua1	wa1	赣			120000		
洽	xaiʔ5*	haik5*	qia4	赣			107170		
派	pʰai2	pai2	pai4	赣			195000		
流	liu2	liu2	liu2	赣			300000		
浅	tɕʰiɛn3	qien3	qian3	赣			120000		
浆	tɕioŋ1	jiong1	jiang1	赣			120000		
浇	tɕiɛu1	jieu1	jiao1	赣			120000		
浊	tsʰo1*	co1*	zhuo2	赣			120000		
浊	tsʰoʔ5*	cok5*	zhuo2	赣			120000		
测	tsʰəʔ5*	cek5*	ce4	赣			120000		
济	tɕi2	ji2	ji4	赣			120000		
浑	fun1	fun1	hun2	赣			120000		
浒	fu3	fu3	hu3	赣			90000		
浓	iuŋ2	yung2	nong2	赣			145000		
浙	tɛʔ5*	dek5*	zhe4	赣			120000		
浦	pʰu3	pu3	pu3	赣			102044		
浩	xau2	hau2	hao4	赣			103401		
浪	loŋ4	long4	lang4	赣			145000		
浮	fɛu2	feu2	fu2	赣			120000		
浴	iuʔ5	iuk5	yu4	赣			125538		
海	xoi3	hoi3	hai3	赣			240000		
浸	tɕin2	jin2	jin4	赣			145000		
涂	tʰu2	tu2	tu2	赣			120000		
消	sɛu1	seu1	xiao1	赣			120000		
涉	sɛʔ5*	sek5*	she4	赣			120000		
涌	iuŋ3	yung3	yong3	赣			108233		
涎	sɛn2	sen2	xian2	赣			115000		
涎	ɕiɛn2	xien2	xian2	赣			115000		
涕	tʰi4	ti4	ti4	赣			120000		
涛	tʰau2	tau2	tao1	赣			125000		
涝	lau2	lau2	lao4	赣			120000		
润	lun4	lun4	run4	赣			108696		
涧	kan1	gan1	jian4	赣			120000		
涨	toŋ3	dong3	zhang3	赣			130000		
涩	səʔ5	sek5	se4	赣			120000		
涯	ŋai2	ngai2	ya2	赣			120000		
液	iɛʔ5	iek5	ye4	赣			100135		
涿	tsoʔ5	zok5	zhuo1	赣			120000		
淆	xau2	hau2	xiao2	赣			120000		
淋	lɪn2	lin2	lin2	赣			145000		
淑	sɿʔ5	sik5	shu1	赣			120000		
淡	tʰan4	tan4	dan4	赣			120000		
淡	xan3	han3	dan4	白			120000		
淤	i1	i1	yu1	赣			104142		
淫	in2	yin2	yin2	赣			120000		
淮	fai2	fai2	huai2	赣			120000		
深	sɪn1	sin1	shen1	赣			120000		
混	fun4	fun4	hun4	赣			275000		
淹	iɛn1	ien1	yan1	赣			120000		
添	tʰiɛn1*	tien1*	tian1	赣			120000		
清	tɕʰin1*	qin1*	qing1	赣			120000		
渊	ion1	ion1	yuan1	赣			120000		
渐	tɕʰiɛn4	qien4	jian4	赣			145000		
渔	ȵi2	ni2	yu2	赣			120000		
渗	tsʰan1*	can1*	shen4	赣			108153		
渠	kiɛ1	gie1	qu2	赣			120000		
渠	tsʰɿ1*	ci1*	qu2	赣			120000		
渣	tsa1	za1	zha1	赣			120000		
温	un1	un1	wen1	赣			223674		
港	koŋ3	gong3	gang3	赣			175000		
渴	kɔʔ5*	gok5*	ke3	赣			145000		
渴	kʰɔʔ5*	kok5*	ke3	赣			145000		
游	iu2	yiu2	you2	赣			145000		
渺	miɛu3	mieu3	miao3	赣			120000		
湖	fu2	fu2	hu2	赣			145000		
湘	soŋ1	song1	xiang1	赣			120000		
湾	uɑn1	uan1	wan1	赣			145000		
湿	səʔ5	sek5	shi1	赣			145000		
溃	kʰuəi4	kuei4	kui4	赣			120000		
溉	kʰoi3	koi3	gai4	赣			102260		
源	ȵion2	nion2	yuan2	赣			170000		
溜	liu1	liu1	liu1	赣			120000		
溪	tɕʰi1*	qi1*	xi1	赣			145000		
溻	tʰaiʔ5*	taik5*	ta1	赣			120000		
溽	lu1*	lu1*	ru4	赣			120000		
滂	pʰoŋ2	pong2	pang1	赣			120000		
滋	tsɿ1	zi1	zi1	赣			120000		
滑	uəiʔ5	ueik5	hua2	赣			120000		
滔	tʰau1*	tau1*	tao1	赣			120000		
滚	kun3	gun3	gun3	赣			120000		
滞	tʰi4	ti4	zhi4	赣			120000		
满	mon4	mon4	man3	赣			225000		
滤	li4	li4	lv4	赣			120000		
滥	lan4	lan4	lan4	赣			103472		
滩	tʰan1*	tan1*	tan1	赣			120000		
滩	xan1*	han1*	tan1	白			120000		
滴	tiɛʔ5	diek5	di1	赣			120000		
漂	pʰiɛu2	pieu2	piao1	赣			145000		
漆	tɕʰiɛʔ5*	qiek5*	qi1	赣			120000		
漉	lu1*	lu1*	lu4	赣			120000		
漏	lɛu4	leu4	lou4	赣			170000		
演	iɛn3	yen3	yan3	赣			120000		
漕	tsʰau2	cau2	cao2	赣			120000		
漫	man4	man4	man4	赣			120000		
漱	sɛu2	seu2	shu4	赣			120000		
潘	pʰon1*	pon1*	pan1	赣			120000		
潜	tɕʰiɛn2	qien2	qian2	赣			107029		
潭	tʰan2	tan2	tan2	赣			120000		
潮	tʰɛu2	teu2	chao2	赣			120000		
潲	sau2	sau2	shao4	赣			120000		
潲	tsʰau4	cau4	shao4	赣			120000		
澄	tʰɪn2	tin2	cheng2	赣			105547		
澡	tsau3	zau3	zao3	赣			120000		
激	tɕiɛʔ5	jiek5	ji1	赣			145000		
濬	sun2	sun2	jun4	赣			120000		
瀑	pʰu1*	pu1*	pu4	赣			120000		
瀑	pʰuʔ5*	puk5*	pu4	赣			120000		
灌	kuon2	guon2	guan4	赣			120000		
火	fo3	fo3	huo3	赣			120000		
灭	miaiʔ5	miaik5	mie4	赣			120000		
灯	tɛn1	den1	deng1	赣			120000		
灰	foi1	foi1	hui1	赣			120000		
灵	lɪn2	lin2	ling2	赣			120000		
灶	tsau2	zau2	zao4	赣			120000		
灸	tɕiu3	jiu3	jiu3	赣			102788		
灾	tsoi1	zoi1	zai1	赣			120000		
灿	tsʰan4	can4	can4	赣			103060		
炉	lu2	lu2	lu2	赣			120000		
炊	tʰuəi1*	tuei1*	chui1	赣			120000		
炎	iɛn2	yen2	yan2	赣			120000		
炒	tsʰau3	cau3	chao3	赣			155000		
炕	kʰoŋ2	kong2	kang4	赣			120000		
炭	tʰan2	tan2	tan4	赣			120000		
炭	xan2	han2	tan4	白			120000		
炮	pʰau4	pau4	pao4	赣			145000		
炸	tsa2	za2	zha4	赣			170000		
点	liɛn3	lien3	dian3	赣			370000		
炼	liɛn4	lien4	lian4	赣			120000		
烂	lan4	lan4	lan4	赣			170000		
烈	liaiʔ5	liaik5	lie4	赣			120000		
烊	ioŋ2	yong2	yang2	赣			120000		
烘	fuŋ1	fung1	hong1	赣			120000		
烙	loʔ5	lok5	lao4	赣			120000		
烛	tu1	du1	zhu2	赣			120000		
烟	iɛn1	ien1	yan1	赣			120000		
烤	kʰau3	kau3	kao3	赣			120000		
烦	fan2	fan2	fan2	赣			120000		
烧	sɛu1	seu1	shao1	赣			145000		
烫	tʰoŋ4	tong4	tang4	赣			120000		
热	lɛ1	le1	re4	赣			145000		
热	lɛʔ5	lek5	re4	赣			145000		
烹	pʰɛn1*	pen1*	peng1	赣			120000		
焉	iɛn1	ien1	yan1	赣			120000		
焕	fon4	fon4	huan4	赣			120000		
焙	pʰoi4	poi4	bei4	赣			90000		
焚	fun2	fun2	fen2	赣			104701		
焦	tɕiɛu1	jieu1	jiao1	赣			120000		
焰	iɛn4	yen4	yan4	赣			120000		
然	lɛn2	len2	ran2	赣			145000		
煎	tɕiɛn1	jien1	jian1	赣			120000		
煤	mi1	mi1	mei2	赣			145000		
照	tɛu2	deu2	zhao4	赣			120000		
煨	uəi1	uei1	wei1	赣			95000		
煮	tsɿ3	zi3	zhu3	赣			170000		
熄	səʔ5	sek5	xi1	赣			120000		
熊	suŋ2	sung2	xiong2	赣			170000		
熏	sun1	sun1	xun1	赣			120000		
熔	iuŋ2	yung2	rong2	赣			120000		
熙	ɕi1	xi1	xi1	赣			120000		
熟	sɿʔ5	sik5	shu2	赣			150000		
熟	sɿʔ5*	sik5*	shu2	赣			150000		
熬	ŋau2	ngau2	ao2	赣			120000		
燃	lɛn3	len3	ran2	赣			120000		
燎	liɛu2	lieu2	liao2	赣			90000		
燐	lɪn2	lin2	lin2	赣			120000		
燕	iɛn1	ien1	yan4	赣			120000		
燕	iɛn2	yen2	yan4	赣			120000		
爆	pau2	bau2	bao4	赣			170000		
爨	tsʰuon4	cuon4	cuan4	赣			120000		
爪	tsau3	zau3	zhao3	赣			120000		
爬	pʰa2	pa2	pa2	赣			130000		
爰	ŋoi2	ngoi2	yuan2	赣			120000		
爵	tɕio1	jio1	jue2	赣			120000		
爵	tɕioʔ5	jiok5	jue2	赣			120000		
父	fu4	fu4	fu4	赣			120000		
爷	ia2	ya2	ye2	赣			155000		
爸	pa2	ba2	ba4	赣			120000		
爹	tiɛ2	die2	die1	赣			120000		
爽	soŋ3	song3	shuang3	赣			120000		
片	pʰiɛn2	pien2	pian4	赣			170000		
版	pan3	ban3	ban3	赣			120000		
牌	pʰai2	pai2	pai2	赣			145000		
牍	tʰuʔ5*	tuk5*	du2	赣			72668		
牒	tʰiaiʔ5*	tiaik5*	die2	赣			77959		
牙	ŋa2	nga2	ya2	赣			120000		
牚	tsʰɑŋ2	cang2	cheng1	赣			120000		
牛	niu2	niu2	niu2	赣			120000		
牡	mɛu3	meu3	mu3	赣			120000		
牢	lau2	lau2	lao2	赣			145000		
牧	mu1*	mu1*	mu4	赣			120000		
牧	muʔ5	muk5	mu4	赣			120000		
物	uaʔ5	uak5	wu4	赣			205100		
牯	ku3	gu3	gu3	赣			90000		
牲	sɑŋ2	sang2	sheng1	赣			120000		
牵	tɕʰiɛn1*	qien1*	qian1	赣			130000		
牸	tsʰɿ2	ci2	zi4	赣			120000		
特	tʰɛʔ5*	tek5*	te4	赣			120000		
牺	ɕi1	xi1	xi1	赣			120000		
犀	ɕi1	xi1	xi1	赣			120000		
犊	tʰuʔ5*	tuk5*	du2	赣			120000		
犍	tɕiɛn2	jien2	jian1	赣			120000		
犒	kʰau3	kau3	kao4	赣			120000		
犬	tɕʰion3	qion3	quan3	赣			120000		
犯	fan4	fan4	fan4	赣			120000		
状	tsʰoŋ4	cong4	zhuang4	赣			120000		
犹	iu2	yiu2	you2	赣			120000		
狂	kʰuoŋ2	kuong2	kuang2	赣			130000		
狄	tʰəʔ5*	tek5*	di2	赣			120000		
狐	fu2	fu2	hu2	赣			120000		
狡	kau3	gau3	jiao3	赣			100180		
独	tʰuʔ5*	tuk5*	du2	赣			120000		
狭	xaiʔ5*	haik5*	xia2	赣			145000		
狮	sɿ1	si1	shi1	赣			120000		
狱	ȵiuʔ5	niuk5	yu4	赣			120000		
狱	ȵɪu1*	niu1*	yu4	赣			120000		
狸	li2	li2	li2	赣			120000		
狼	loŋ2	long2	lang2	赣			120000		
猎	liaiʔ5	liaik5	lie4	赣			145000		
猜	tsʰai1*	cai1*	cai1	赣			235000		
猪	tsɿ1	zi1	zhu1	赣			320000		
猫	mau1	mau1	mao1	赣			120000		
献	sɛn4	sen4	xian4	赣			120000		
猴	xɛu2	heu2	hou2	赣			120000		
猾	uəiʔ5	ueik5	hua2	赣			120000		
獭	tʰaiʔ5*	taik5*	ta3	赣			90000		
玄	suon2	suon2	xuan2	赣			120000		
率	liɛʔ5	liek5	lv4	赣			280000		
率	suaʔ5	suak5	lv4	赣			280000		
玉	ȵiuʔ5	niuk5	yu4	赣			145000		
玉	ȵɪu1*	niu1*	yu4	赣			145000		
王	uoŋ2	wong2	wang2	赣			145000		
玩	ŋon4	ngon4	wan2	赣			120000		
环	fan2	fan2	huan2	赣			120000		
现	sɛn4	sen4	xian4	赣			255000		
玺	ɕi3	xi3	xi3	赣			90000		
玻	po1	bo1	bo1	赣			120000		
珊	san1	san1	shan1	赣			105907		
珍	tɪn1	din1	zhen1	赣			120000		
班	pan1	ban1	ban1	赣			120000		
球	tɕʰiu2	qiu2	qiu2	赣			130000		
理	li3	li3	li3	赣			150000		
琉	liu2	liu2	liu2	赣			102629		
琐	so3	so3	suo3	赣			120000		
琢	tsoʔ5	zok5	zuo2	赣			105424		
琴	tɕʰin2	qin2	qin2	赣			120000		
琵	pʰi2	pi2	pi2	赣			90000		
琶	pʰa2	pa2	pa2	赣			120000		
琼	tɕʰiun2	qiun2	qiong2	赣			130000		
瑕	xa2	ha2	xia2	赣			120000		
瑞	suəi4	suei4	rui4	赣			154739		
瑟	səʔ5	sek5	se4	赣			120000		
璃	li2	li2	li2	赣			120000		
瓜	kua1	gua1	gua1	赣			120000		
瓠	fu2	fu2	hu4	赣			90000		
瓠	pʰu1*	pu1*	hu4	赣			90000		
瓢	pʰiɛu3	pieu3	piao2	赣			120000		
瓣	pʰan4	pan4	ban4	赣			120000		
瓤	loŋ2	long2	rang2	赣			120000		
瓦	ŋa3	nga3	wa3	赣			120000		
瓮	uŋ1	ung1	weng4	赣			120000		
瓯	ŋɛu1	ngeu1	ou1	赣			90000		
瓶	pʰin2	pin2	ping2	赣			120000		
瓷	tsʰɿ2	ci2	ci2	赣			120000		
甏	pʰɑŋ4	pang4	beng4	赣			120000		
甘	kon1	gon1	gan1	赣			120000		
甚	sɪn4	sin4	shen4	赣			120000		
甜	tʰiɛn2	tien2	tian2	赣			120000		
生	sɑŋ1	sang1	sheng1	赣			120000		
生	sɛn1	sen1	sheng1	赣			120000		
甥	sɑŋ1	sang1	sheng1	赣			120000		
用	iuŋ4	yung4	yong4	赣			400000		
甫	pʰu3	pu3	fu3	赣			120000		
甬	iuŋ3	yung3	yong3	赣			79242		
田	tʰiɛn2	tien2	tian2	赣			120000		
由	iu2	yiu2	you2	赣			370000		
甲	kaiʔ5	gaik5	jia3	赣			130000		
申	sɪn1	sin1	shen1	赣			145000		
电	tʰiɛn4	tien4	dian4	赣			200000		
男	lan2	lan2	nan2	赣			195000		
画	fa4	fa4	hua4	赣			145000		
畅	tʰoŋ4	tong4	chang4	赣			120000		
界	kai2	gai2	jie4	赣			150000		
畏	uəi2	wei2	wei4	赣			120000		
留	liu2	liu2	liu2	赣			175000		
畜	tʰuʔ5*	tuk5*	chu4	赣			125000		
略	lioʔ5	liok5	lve4	赣			135000		
番	fan1	fan1	fan1	赣			145000		
疆	tɕioŋ1	jiong1	jiang1	赣			120000		
疑	ȵi2	ni2	yi2	赣			155000		
疔	lin1	lin1	ding1	赣			120000		
疔	liɑŋ1	liang1	ding1	赣			120000		
疗	liɛu2	lieu2	liao2	赣			100732		
疝	san2	san2	shan4	赣			70712		
疟	ȵioʔ5	niok5	nve4	赣			120000		
疡	ioŋ2	yong2	yang2	赣			120000		
疤	pa1	ba1	ba1	赣			120000		
疥	kai2	gai2	jie4	赣			90000		
疫	io1	io1	yi4	赣			120000		
疫	iuəʔ5*	iuek5*	yi4	赣			120000		
疬	lia1	lia1	li4	赣			120000		
疬	liɑʔ5	liak5	li4	赣			120000		
疮	tsʰoŋ1*	cong1*	chuang1	赣			145000		
疯	fuŋ1	fung1	feng1	赣			120000		
疲	pʰi2	pi2	pi2	赣			120000		
疵	tsʰɿ3	ci3	ci1	赣			75230		
疹	tɪn1	din1	zhen3	赣			120000		
疾	tɕʰiɛʔ5*	qiek5*	ji2	赣			120000		
痂	ka1	ga1	jia1	赣			120000		
病	pʰin4	pin4	bing4	赣			120000		
病	pʰiɑŋ4	piang4	bing4	赣			120000		
症	tɪn2	din2	zheng4	赣			120000		
痈	iuŋ1	iung1	yong1	赣			120000		
痒	ioŋ3	yong3	yang3	赣			120000		
痔	tʰi4	ti4	zhi4	赣			120000		
痕	xɛn2	hen2	hen2	赣			145000		
痛	tʰuŋ2	tung2	tong4	赣			145000		
痢	li4	li4	li4	赣			120000		
痣	ti2	di2	zhi4	赣			120000		
痰	tʰan2	tan2	tan2	赣			145000		
痰	xan2	han2	tan2	白			145000		
痴	tʰi1*	ti1*	chi1	赣			120000		
痺	pi2	bi2	bi4	赣			4423		
瘟	un1	un1	wen1	赣			120000		
瘦	sɛu2	seu2	shou4	赣			120000		
瘴	toŋ2	dong2	zhang4	赣			90000		
瘸	tɕʰio1*	qio1*	que2	赣			120000		
癞	lai4	lai4	lai4	赣			90000		
癞	laiʔ5	laik5	lai4	赣			90000		
癣	suon2	suon2	xuan3	赣			120000		
癸	kʰuəi2	kuei2	gui3	赣			120000		
登	tɛn1	den1	deng1	赣			145000		
白	pʰa1*	pa1*	bai2	赣			120000		
白	pʰaʔ5*	pak5*	bai2	赣			120000		
白	pʰɛ1*	pe1*	bai2	赣			120000		
白	pʰɛʔ5*	pek5*	bai2	赣			120000		
百	pa1	ba1	bai3	赣			120000		
百	paʔ5	bak5	bai3	赣			120000		
百	pɛ1	be1	bai3	赣			120000		
百	pʰa1*	pa1*	bai3	赣			120000		
百	pʰɛʔ5	pek5	bai3	赣			120000		
皂	tsʰau3	cau3	zao4	赣			120000		
的	tiɛʔ5	diek5	de5	官			370000		
皆	kai1	gai1	jie1	赣			150000		
皇	foŋ2	fong2	huang2	赣			120000		
皖	uon3	won3	wan3	赣			120000		
皮	pʰi2	pi2	pi2	赣			130000		
皱	tsɛu2	zeu2	zhou4	赣			120000		
皲	tɕʰiun1*	qiun1*	jun1	赣			90000		
皿	min3	min3	min3	赣			120000		
盂	i1	i1	yu2	赣			90000		
盅	tuŋ1	dung1	zhong1	赣			90000		
盆	pʰun2	pun2	pen2	赣			120000		
盈	in2	yin2	ying2	赣			120000		
盈	iɑŋ4	yang4	ying2	赣			120000		
益	iɛ1	ie1	yi4	赣			120000		
益	iɛʔ5	iek5	yi4	赣			120000		
盏	tsan3	zan3	zhan3	赣			120000		
盐	iɛn2	yen2	yan2	赣			150000		
监	kan1	gan1	jian1	赣			120000		
监	kan2	gan2	jian1	赣			120000		
盒	xɔʔ5*	hok5*	he2	赣			120000		
盔	kʰuəi1*	kuei1*	kui1	赣			120000		
盖	koi2	goi2	gai4	赣			145000		
盗	tʰau2	tau2	dao4	赣			120000		
盘	pʰon2	pon2	pan2	赣			185000		
盛	sɪn4	sin4	sheng4	赣			120000		
盟	min3	min3	meng2	赣			120000		
目	mu1*	mu1*	mu4	赣			200000		
目	muʔ5	muk5	mu4	赣			200000		
盲	moŋ2	mong2	mang2	赣			120000		
直	tʰəʔ5*	tek5*	zhi2	赣			210000		
相	soŋ1	song1	xiang1	赣			120000		
相	soŋ4	song4	xiang1	赣			120000		
盼	pʰan1*	pan1*	pan4	赣			120000		
盾	tʰun4	tun4	dun4	赣			130000		
省	sɑŋ3	sang3	sheng3	赣			120000		
省	sɛn3	sen3	sheng3	赣			120000		
眉	mi1	mi1	mei2	赣			120000		
看	kʰon2	kon2	kan4	赣			370000		
真	tɪn1	din1	zhen1	赣			120000		
眠	miɛn2	mien2	mian2	赣			120000		
眨	tsaiʔ5	zaik5	zha3	赣			120000		
眩	suon2	suon2	xuan4	赣			120000		
眶	tɕʰioŋ1*	qiong1*	kuang4	赣			120000		
眷	tɕion2	jion2	juan4	赣			120000		
着	to1	do1	zhe5	赣			120000		
着	toʔ5	dok5	zhe5	赣			120000		
睁	tsɛn1	zen1	zheng1	赣			120000		
睇	tʰi1*	ti1*	di4	赣			120000		
睛	tɕin1	jin1	jing1	赣			120000		
睛	tɕiɑŋ1	jiang1	jing1	赣			120000		
睡	suəi2	suei2	shui4	赣			120000		
督	tu1	du1	du1	赣			120000		
督	tuʔ5*	duk5*	du1	赣			120000		
瞄	miɛu1	mieu1	miao2	赣			120000		
瞌	kʰɔʔ5*	kok5*	ke1	赣			120000		
瞎	xaiʔ5*	haik5*	xia1	赣			245000		
瞒	mon2	mon2	man2	赣			120000		
瞖	i2	yi2	yi4	赣			4274		
瞧	tɕʰiɛu1*	qieu1*	qiao2	赣			120000		
瞪	lɪn1	lin1	deng4	赣			120000		
瞭	liɛu2	lieu2	liao3	赣			120000		
瞳	tʰuŋ2	tung2	tong2	赣			170000		
瞻	tɛn1	den1	zhan1	赣			120000		
瞻	tʰɛn1	ten1	zhan1	赣			120000		
瞿	tsʰɿ1*	ci1*	qu2	赣			140000		
矛	mau2	mau2	mao2	赣			120000		
矢	ɕi3	xi3	shi3	赣			120000		
矣	i3	yi3	yi3	赣			120000		
知	ti1	di1	zhi1	赣			185000		
矩	tsɿ3	zi3	ju3	赣			120000		
矫	tɕiɛu3	jieu3	jiao3	赣			120000		
矬	tsʰo1*	co1*	cuo2	赣			120000		
短	tuon3	duon3	duan3	赣			120000		
矮	ŋai3	ngai3	ai3	赣			120000		
石	sa1	sa1	shi2	赣			120000		
石	saʔ5	sak5	shi2	赣			120000		
矿	kʰuoŋ2	kuong2	kuang4	赣			120000		
码	ma3	ma3	ma3	赣			170000		
砌	tɕʰi2	qi2	qi4	赣			120000		
砍	kʰon3	kon3	kan3	赣			120000		
砑	ŋa4	nga4	ya4	赣			120000		
研	ȵiɛn3	nien3	yan2	赣			256796		
砖	tuon1	duon1	zhuan1	赣			160000		
砚	ȵiɛn4	nien4	yan4	赣			120000		
破	pʰo2	po2	po4	赣			125000		
础	tsʰɿ3	ci3	chu3	赣			120000		
硫	liu2	liu2	liu2	赣			195000		
硬	ŋɑŋ4	ngang4	ying4	赣			120000		
确	kʰoʔ5*	kok5*	que4	赣			190000		
碍	ŋoi4	ngoi4	ai4	赣			120000		
碎	suoi2	suoi2	sui4	赣			120000		
碑	pi1	bi1	bei1	赣			120000		
碓	toi2	doi2	dui4	赣			90000		
碗	uon3	won3	wan3	赣			120000		
碟	tʰiaiʔ5*	tiaik5*	die2	赣			145000		
碧	pʰiɛʔ5	piek5	bi4	赣			120000		
碰	pʰuŋ4	pung4	peng4	赣			125000		
碱	kan3	gan3	jian3	赣			105904		
碾	ȵiɛn3	nien3	nian3	赣			120000		
磁	tsʰɿ2	ci2	ci2	赣			120000		
磉	suon2	suon2	sang3	赣			30000		
磕	kʰoʔ5*	kok5*	ke1	赣			120000		
磨	mo2	mo2	mo2	赣			120000		
磨	mo4	mo4	mo2	赣			120000		
磬	tɕʰiɑŋ4	qiang4	qing4	赣			120000		
礓	tɕioŋ1	jiong1	jiang1	赣			120000		
示	ɕi4	xi4	shi4	赣			230250		
礼	li3	li3	li3	赣			145000		
社	sa4	sa4	she4	赣			120000		
祀	sɿ4	si4	si4	赣			107020		
祁	tɕʰi2	qi2	qi2	赣			73078		
祈	tɕʰi2	qi2	qi2	赣			100300		
祐	iu4	yiu4	you4	赣			120000		
祖	tsɿ3	zi3	zu3	赣			120000		
祝	tu1	du1	zhu4	赣			120000		
祝	tuʔ5*	duk5*	zhu4	赣			120000		
神	sɪn2	sin2	shen2	赣			231223		
祠	tsʰɿ2	ci2	ci2	赣			120000		
祥	soŋ2	song2	xiang2	赣			145000		
票	pʰiɛu2	pieu2	piao4	赣			120000		
祭	tɕi2	ji2	ji4	赣			120000		
祷	tau3	dau3	dao3	赣			120000		
祸	fo4	fo4	huo4	赣			120000		
禁	tɕin2	jin2	jin4	赣			120000		
禄	lu1*	lu1*	lu4	赣			105782		
禄	luʔ5*	luk5*	lu4	赣			105782		
禅	sɛn2	sen2	chan2	赣			120000		
福	fu1	fu1	fu2	赣			120000		
福	fuʔ5*	fuk5*	fu2	赣			120000		
禹	i3	yi3	yu3	赣			120000		
离	li2	li2	li2	赣			370000		
禽	tɕʰin2	qin2	qin2	赣			120000		
禾	uo2	wo2	he2	赣			120000		
秀	sɪu2	siu2	xiu4	赣			120000		
私	sɿ1	si1	si1	赣			145000		
秆	kon3	gon3	gan3	赣			120000		
秉	pin3	bin3	bing3	赣			120000		
秋	tɕʰiu1*	qiu1*	qiu1	赣			145000		
种	tuŋ2	dung2	zhong3	赣			310000		
种	tuŋ3	dung3	zhong3	赣			310000		
科	kʰo1*	ko1*	ke1	赣			150000		
秒	miɛu3	mieu3	miao3	赣			165000		
秘	mi1	mi1	mi4	赣			145000		
租	tsɿ1	zi1	zu1	赣			145000		
秦	tɕʰin2	qin2	qin2	赣			120000		
秧	ioŋ1	iong1	yang1	赣			120000		
秩	tʰəʔ5*	tek5*	zhi4	赣			125000		
秫	suaʔ5	suak5	shu2	赣			120000		
积	tɕiɛʔ5	jiek5	ji1	赣			120000		
称	tʰɪn1*	tin1*	cheng1	赣			130000		
移	i2	yi2	yi2	赣			145000		
秽	fəi2	fei2	hui4	赣			120000		
稀	ɕi1	xi1	xi1	赣			120000		
稇	kʰun3	kun3	kun3	赣			120000		
程	tʰɪn2	tin2	cheng2	赣			120000		
稍	sau3	sau3	shao1	赣			120000		
税	suəi2	suei2	shui4	赣			220000		
稗	pʰa1*	pa1*	bai4	赣			90000		
稚	tʰi2	ti2	zhi4	赣			120000		
稠	tʰɪu2	tiu2	chou2	赣			120000		
稳	un3	wen3	wen3	赣			125998		
稻	tʰau2	tau2	dao4	赣			120000		
稼	ka2	ga2	jia4	赣			120000		
稽	tɕi1	ji1	ji1	赣			120000		
稿	kau3	gau3	gao3	赣			120000		
穆	mu1*	mu1*	mu4	赣			120000		
穆	muʔ5	muk5	mu4	赣			120000		
穗	ɕi2	xi2	sui4	赣			120000		
穴	suɔʔ5	suok5	xue2	赣			120000		
究	tɕiu2	jiu2	jiu1	赣			120000		
穷	tɕʰiuŋ2	qiung2	qiong2	赣			155000		
空	kʰuŋ1*	kung1*	kong1	赣			250000		
空	kʰuŋ2	kung2	kong1	赣			250000		
穿	tʰuon1*	tuon1*	chuan1	赣			120000		
突	tʰuaʔ5*	tuak5*	tu1	赣			185000		
窄	tsa1	za1	zhai3	赣			120000		
窍	tɕʰiɛu4	qieu4	qiao4	赣			120000		
窑	iɛu2	yeu2	yao2	赣			120000		
窖	kau2	gau2	jiao4	赣			120000		
窗	tsʰoŋ1*	cong1*	chuang1	赣			125000		
窘	tɕʰiun1*	qiun1*	jiong3	赣			120000		
窜	tsʰuon3	cuon3	cuan4	赣			170000		
窝	uo1	uo1	wo1	赣			120000		
窟	kʰuaʔ5*	kuak5*	ku1	赣			120000		
窠	kʰo1*	ko1*	ke1	赣			125000		
窥	kʰuəi1*	kuei1*	kui1	赣			120000		
立	liɛʔ5	liek5	li4	赣			175000		
竖	sɿ4	si4	shu4	赣			120000		
站	tsan2	zan2	zhan4	赣			125000		
站	tsʰan4	can4	zhan4	赣			125000		
竞	tɕin3	jin3	jing4	赣			157694		
章	toŋ1	dong1	zhang1	赣			150000		
童	tʰuŋ2	tung2	tong2	赣			170000		
端	tuon1	duon1	duan1	赣			120000		
竹	tu1	du1	zhu2	赣			175000		
竹	tuʔ5*	duk5*	zhu2	赣			175000		
竿	kon1	gon1	gan1	赣			104121		
笃	tu1	du1	du3	赣			90000		
笃	tuʔ5*	duk5*	du3	赣			90000		
笋	sɪn3	sin3	sun3	赣			120000		
笑	sɛu2	seu2	xiao4	赣			145000		
笔	pʰiɛʔ5	piek5	bi3	赣			125000		
笕	tɕiɛn3	jien3	jian3	赣			90000		
笙	sɛn1	sen1	sheng1	赣			120000		
笛	tʰəʔ5*	tek5*	di2	赣			120000		
笠	liɛʔ5	liek5	li4	赣			90000		
笡	tɕʰia2	qia2	qie4	赣			120000		
符	fu2	fu2	fu2	赣			120000		
笨	pʰun4	pun4	ben4	赣			120000		
第	tʰi4	ti4	di4	赣			250000		
笺	tɕʰiɛn1*	qien1*	jian1	赣			72395		
笼	luŋ1	lung1	long2	赣			120000		
笼	luŋ2	lung2	long2	赣			120000		
等	tɛn3	den3	deng3	赣			120000		
筋	tɕin1	jin1	jin1	赣			120000		
筏	faiʔ5	faik5	fa2	赣			120000		
筐	tɕʰioŋ1*	qiong1*	kuang1	赣			105363		
筑	tu1	du1	zhu4	赣			145000		
筑	tuʔ5*	duk5*	zhu4	赣			145000		
筒	tʰuŋ2	tung2	tong3	赣			120000		
答	taiʔ5	daik5	da2	赣			145000		
策	tsʰəʔ5*	cek5*	ce4	赣			120000		
筛	sai1	sai1	shai1	赣			120000		
筝	tɛn1	den1	zheng1	赣			120000		
筵	iɛn4	yen4	yan2	赣			90000		
筷	kʰuai2	kuai2	kuai4	赣			120000		
筹	tʰɪu2	tiu2	chou2	赣			120000		
签	tɕʰiɛn1*	qien1*	qian1	赣			220000		
简	kan3	gan3	jian3	赣			130000		
箍	ku1	gu1	gu1	赣			115000		
算	suon2	suon2	suan4	赣			370000		
管	kuon3	guon3	guan3	赣			370000		
箩	lo2	lo2	luo2	赣			120000		
箭	tɕiɛn2	jien2	jian4	赣			120000		
箱	soŋ1	song1	xiang1	赣			120000		
箸	tsɿ2	zi2	zhu4	赣			71663		
篆	tʰuon4	tuon4	zhuan4	赣			90000		
篇	pʰiɛn1*	pien1*	pian1	赣			145000		
篓	lɛu3	leu3	lou3	赣			120000		
篙	kau1	gau1	gao1	赣			120000		
篡	tsʰuon4	cuon4	cuan4	赣			120000		
篦	pʰi1*	pi1*	bi4	赣			90000		
篦	pʰi4	pi4	bi4	赣			90000		
篮	lan2	lan2	lan2	赣			120000		
篱	li2	li2	li2	赣			120000		
篷	pʰuŋ2	pung2	peng2	赣			120000		
篾	miaiʔ5	miaik5	mie4	赣			73133		
簇	tsʰɿ1*	ci1*	cu4	赣			120000		
簟	tʰiɛn4	tien4	dian4	赣			90000		
簧	foŋ2	fong2	huang2	赣			120000		
簪	tsan1	zan1	zan1	赣			90000		
簰	pʰai2	pai2	pai2	赣			120000		
簸	po2	bo2	bo3	赣			120000		
簿	pʰu4	pu4	bu4	赣			120000		
籍	tɕʰiɛ1*	qie1*	ji2	赣			120000		
籍	tɕʰiɛʔ5*	qiek5*	ji2	赣			120000		
米	mi3	mi3	mi3	赣			145000		
籴	tʰiɑʔ5*	tiak5*	di2	赣			77211		
类	li4	li4	lei4	赣			310000		
粉	fun3	fun3	fen3	赣			120000		
粒	liɛʔ5	liek5	li4	赣			120000		
粗	tsʰɿ1*	ci1*	cu1	赣			120000		
粘	tɛn1	den1	zhan1	赣			120000		
粘	ȵiɛn2	nien2	zhan1	赣			120000		
粜	tʰiɛu2	tieu2	tiao4	赣			78080		
粟	sɪu1	siu1	su4	赣			145000		
粟	sɪuʔ5	siuk5	su4	赣			145000		
粤	iuɔʔ5*	iuok5*	yue4	赣			145000		
粥	tu1	du1	zhou1	赣			120000		
粥	tuʔ5*	duk5*	zhou1	赣			120000		
粪	fun2	fun2	fen4	赣			120000		
粮	lioŋ2	liong2	liang2	赣			120000		
粱	lioŋ2	liong2	liang2	赣			120000		
粹	tɕʰi4	qi4	cui4	赣			120000		
粽	tsuŋ2	zung2	zong4	赣			90000		
粽	tsuŋ3	zung3	zong4	赣			90000		
精	tɕin1	jin1	jing1	赣			120000		
精	tɕiɑŋ1	jiang1	jing1	赣			120000		
糊	fu2	fu2	hu2	赣			120000		
糍	tsʰɿ2	ci2	ci2	赣			90000		
糕	kau1	gau1	gao1	赣			145000		
糖	tʰoŋ2	tong2	tang2	赣			120000		
糖	xoŋ1*	hong1*	tang2	赣			120000		
糙	tsʰau2	cau2	cao1	赣			120000		
糟	tsau1	zau1	zao1	赣			120000		
糠	kʰoŋ1*	kong1*	kang1	赣			120000		
糯	lo4	lo4	nuo4	赣			120000		
系	tɕi2	ji2	xi4	赣			550000		
系	ɕi2	xi2	xi4	赣			550000		
素	sɿ4	si4	su4	赣			150000		
索	so1	so1	suo3	赣			200000		
索	soʔ5	sok5	suo3	赣			200000		
紥	tsaiʔ5	zaik5	za1	赣			120000		
紧	tɕin3	jin3	jin3	赣			145000		
紫	tsɿ3	zi3	zi3	赣			120000		
累	loi4	loi4	lei4	赣			215000		
累	luəi3	luei3	lei4	赣			215000		
絮	ɕi4	xi4	xu4	赣			120000		
繁	fan2	fan2	fan2	赣			125000		
纂	tsʰuon4	cuon4	zuan3	赣			140000		
纠	tɕiu1	jiu1	jiu1	赣			120000		
纠	tʰɪu4	tiu4	jiu1	赣			120000		
红	fuŋ1	fung1	hong2	赣			140000		
约	io1	io1	yue1	赣			125000		
约	ioʔ5	iok5	yue1	赣			125000		
级	tɕiɛʔ5	jiek5	ji2	赣			170000		
纪	tɕi3	ji3	ji4	赣			120000		
纬	uəi3	wei3	wei3	赣			120000		
纯	sun2	sun2	chun2	赣			146000		
纱	sa1	sa1	sha1	赣			120000		
纲	koŋ1	gong1	gang1	赣			120000		
纳	laiʔ5	laik5	na4	赣			145000		
纴	lɪn4	lin4	ren4	赣			120000		
纵	tɕiuŋ2	jiung2	zong4	赣			120000		
纷	fun1	fun1	fen1	赣			145000		
纸	ti3	di3	zhi3	赣			120000		
纹	un2	wen2	wen2	赣			120000		
纺	foŋ3	fong3	fang3	赣			120000		
纽	niu3	niu3	niu3	赣			120000		
线	sɛn2	sen2	xian4	赣			370000		
练	liɛn4	lien4	lian4	赣			120000		
组	tsɿ3	zi3	zu3	赣			125000		
细	ɕi2	xi2	xi4	赣			170000		
织	tɕiɛ1	jie1	zhi1	赣			120000		
织	təʔ5	dek5	zhi1	赣			120000		
终	tuŋ1	dung1	zhong1	赣			120000		
绉	tsɛu2	zeu2	zhou4	赣			90000		
绍	sɛu4	seu4	shao4	赣			145000		
经	tɕin1	jin1	jing1	赣			120000		
绑	poŋ3	bong3	bang3	赣			170000		
绒	luŋ2	lung2	rong2	赣			120000		
结	tɕiaiʔ5	jiaik5	jie2	赣			130000		
绕	lɛu3	leu3	rao4	赣			120000		
绘	fəi4	fei4	hui4	赣			102358		
络	loʔ5	lok5	luo4	赣			120000		
绝	tɕʰio1*	qio1*	jue2	赣			120000		
绝	tɕʰiuɔʔ5*	qiuok5*	jue2	赣			120000		
绞	kau3	gau3	jiao3	赣			120000		
统	tʰuŋ3	tung3	tong3	赣			170000		
绢	tɕion2	jion2	juan4	赣			120000		
绣	sɪu2	siu2	xiu4	赣			120000		
绥	ɕi4	xi4	sui2	赣			79011		
继	tɕi2	ji2	ji4	赣			145000		
绩	tɕiɛʔ5	jiek5	ji4	赣			120000		
绪	ɕi4	xi4	xu4	赣			102148		
续	sɪu1	siu1	xu4	赣			155514		
续	sɪuʔ5	siuk5	xu4	赣			155514		
绰	tsoʔ5	zok5	chuo4	赣			120000		
绳	sɪn2	sin2	sheng2	赣			120000		
维	uəi2	wei2	wei2	赣			120000		
绵	miɛn2	mien2	mian2	赣			120000		
绷	puŋ1	bung1	beng1	赣			145000		
绸	tʰɪu2	tiu2	chou2	赣			125000		
综	tsuŋ1	zung1	zong1	赣			120000		
绿	liuʔ5	liuk5	lv4	赣			146800		
绿	lɪu1	liu1	lv4	赣			146800		
缀	tuɔʔ5	duok5	zhui4	赣			152288		
缅	miɛn4	mien4	mian3	赣			102482		
缆	lan4	lan4	lan3	赣			108723		
缉	tɕʰiɛ1*	qie1*	ji1	赣			145000		
缉	tɕʰiɛʔ5*	qiek5*	ji1	赣			145000		
缎	tʰuon4	tuon4	duan4	赣			120000		
缓	fon4	fon4	huan3	赣			120000		
缕	li3	li3	lv3	赣			120000		
编	piɛn1	bien1	bian1	赣			295000		
缘	ion2	yon2	yuan2	赣			120000		
缚	poʔ5*	bok5*	fu4	赣			120000		
缝	fuŋ4	fung4	feng4	赣			120000		
缠	tʰɛn2	ten2	chan2	赣			125000		
缢	iɛʔ5	iek5	yi4	赣			120000		
缩	soʔ5	sok5	suo1	赣			145000		
缰	tɕioŋ1	jiong1	jiang1	赣			120000		
缲	tɕʰiɛu1*	qieu1*	qiao1	赣			90000		
缴	tɕiɛu3	jieu3	jiao3	赣			120000		
缸	koŋ1	gong1	gang1	赣			120000		
缺	tɕʰiuɔʔ5*	qiuok5*	que1	赣			200000		
罐	kuon2	guon2	guan4	赣			120000		
网	moŋ3	mong3	wang3	赣			120000		
罕	xon3	hon3	han3	赣			103940		
罗	lo1	lo1	luo2	赣			175000		
罗	lo2	lo2	luo2	赣			175000		
罚	faiʔ5	faik5	fa2	赣			150000		
罢	pa4	ba4	ba4	赣			120000		
罢	pʰa4	pa4	ba4	赣			120000		
罩	tsau2	zau2	zhao4	赣			120000		
罪	tsʰuəi4	cuei4	zui4	赣			120000		
置	ti2	di2	zhi4	赣			120000		
署	sɿ4	si4	shu3	赣			120000		
羊	ioŋ2	yong2	yang2	赣			120000		
羌	tɕioŋ2	jiong2	qiang1	赣			75659		
美	mi3	mi3	mei3	赣			155000		
羔	kau1	gau1	gao1	赣			120000		
羞	sɪu1*	siu1*	xiu1	赣			145000		
羡	sɛn4	sen4	xian4	赣			102922		
群	tɕʰiun2	qiun2	qun2	赣			370000		
羹	kiɛn1	gien1	geng1	赣			120000		
羽	i3	yi3	yu3	赣			120000		
翁	uŋ1	ung1	weng1	赣			120000		
翅	tɕʰi4	qi4	chi4	赣			120000		
翎	lɪn4	lin4	ling2	赣			120000		
翠	tɕʰi4	qi4	cui4	赣			120000		
翡	fəi1	fei1	fei3	赣			120000		
翰	xon3	hon3	han4	赣			120000		
翻	fan1	fan1	fan1	赣			220000		
翼	iɛʔ5	iek5	yi4	赣			120000		
耀	iɛu4	yeu4	yao4	赣			120000		
考	kʰau3	kau3	kao3	赣			245000		
者	ta3	da3	zhe3	赣			370000		
而	ə2	e2	er2	赣			393233		
耍	sa3	sa3	shua3	赣			120000		
耐	lai4	lai4	nai4	赣			120000		
耕	kɑŋ1	gang1	geng1	赣			120000		
耙	pʰa4	pa4	ba4	赣			120000		
耳	ə3	e3	er3	赣			120000		
耶	ia2	ya2	ye2	赣			90000		
耻	tʰi3	ti3	chi3	赣			120000		
耽	tan1	dan1	dan1	赣			145000		
耿	kiɛn3	gien3	geng3	赣			170000		
聂	ȵiaiʔ5	niaik5	nie4	赣			120000		
聂	ȵiɛ1	nie1	nie4	赣			120000		
聂	ȵiɛʔ5	niek5	nie4	赣			120000		
聊	liɛu2	lieu2	liao2	赣			155000		
聋	luŋ1	lung1	long2	赣			120000		
职	təʔ5	dek5	zhi2	赣			120000		
聒	kuɛʔ5*	guek5*	gua1	赣			120000		
联	liɛn2	lien2	lian2	赣			195000		
聘	pʰin4	pin4	pin4	赣			120000		
聚	tɕʰi4	qi4	ju4	赣			145000		
聪	tsʰuŋ1*	cung1*	cong1	赣			120000		
肃	sɪuʔ5	siuk5	su4	赣			125000		
肄	i2	yi2	yi4	赣			78406		
肆	sɿ2	si2	si4	赣			120000		
肉	ȵiuʔ5	niuk5	rou4	赣			170000		
肉	ȵɪu1*	niu1*	rou4	赣			170000		
肋	ləʔ5	lek5	le1	赣			120000		
肋	səʔ5	sek5	le1	赣			120000		
肌	tɕi1	ji1	ji1	赣			120000		
肘	tɕiu1	jiu1	zhou3	赣			120000		
肚	tu3	du3	du4	赣			120000		
肚	tʰu4	tu4	du4	赣			120000		
肝	kon1	gon1	gan1	赣			120000		
肠	tʰoŋ1*	tong1*	chang2	赣			120000		
股	ku3	gu3	gu3	赣			230000		
肢	ti1	di1	zhi1	赣			120000		
肤	fu1	fu1	fu1	赣			107042		
肥	fəi2	fei2	fei2	赣			145000		
肩	tɕiɛn1	jien1	jian1	赣			120000		
肪	foŋ2	fong2	fang2	赣			120000		
肮	ŋoŋ1	ngong1	ang1	赣			120000		
肯	kʰiɛn3	kien3	ken3	赣			120000		
育	iuʔ5	iuk5	yu4	赣			120000		
育	ɪu1*	iu1*	yu4	赣			120000		
肴	xau2	hau2	yao2	赣			107638		
肺	fəi2	fei2	fei4	赣			120000		
肾	sɪn4	sin4	shen4	赣			120000		
肿	tuŋ3	dung3	zhong3	赣			120000		
胀	toŋ2	dong2	zhang4	赣			120000		
胃	uəi4	wei4	wei4	赣			120000		
胆	tan3	dan3	dan3	赣			120000		
背	pi2	bi2	bei4	赣			120000		
背	pʰi4	pi4	bei4	赣			120000		
胎	tʰoi1*	toi1*	tai1	赣			120000		
胖	pʰon3	pon3	pang4	赣			102768		
胚	pʰi1*	pi1*	pei1	赣			109245		
胛	kaiʔ5	gaik5	jia3	赣			120000		
胜	sɪn4	sin4	sheng4	赣			179897		
胞	pau1	bau1	bao1	赣			120000		
胡	fu2	fu2	hu2	赣			120000		
胯	kʰa4	ka4	kua4	赣			90000		
胳	kʰoʔ5	kok5	ge1	赣			105342		
胶	kau1	gau1	jiao1	赣			120000		
胸	suŋ1	sung1	xiong1	赣			120000		
能	lɛn2	len2	neng2	赣			370000		
脂	ti3	di3	zhi1	赣			120000		
脆	tsʰuəi4	cuei4	cui4	赣			120000		
脊	tɕiɑʔ5	jiak5	ji2	赣			120000		
脏	tsoŋ1	zong1	zang4	赣			270000		
脏	tsʰoŋ2	cong2	zang4	赣			270000		
脐	tɕʰi2	qi2	qi2	赣			120000		
脑	lau3	lau3	nao3	赣			150000		
脓	luŋ2	lung2	nong2	赣			120000		
脚	tɕio1	jio1	jiao3	赣			120000		
脚	tɕioʔ5	jiok5	jiao3	赣			120000		
脯	pʰu2	pu2	pu2	赣			105797		
脯	pʰu3	pu3	pu2	赣			105797		
脱	tʰuɔʔ5*	tuok5*	tuo1	赣			120000		
脶	lo2	lo2	luo2	赣			30000		
脸	liɛn3	lien3	lian3	赣			145000		
脾	pʰi1*	pi1*	pi2	赣			120000		
脾	pʰi2	pi2	pi2	赣			120000		
腆	liɛn3	lien3	tian3	赣			120000		
腈	tɕiɑŋ1	jiang1	jing1	赣			5964		
腈	tɕʰin2	qin2	jing1	赣			5964		
腊	laiʔ5	laik5	la4	赣			120000		
腋	iɛʔ5	iek5	ye4	赣			120000		
腌	iɛn1	ien1	yan1	赣			90000		
腐	fu3	fu3	fu3	赣			120000		
腑	fu3	fu3	fu3	赣			120000		
腔	tɕʰioŋ1*	qiong1*	qiang1	赣			120000		
腥	sɑŋ1	sang1	xing1	赣			120000		
腥	ɕiɑŋ1	xiang1	xing1	赣			120000		
腮	suoi1	suoi1	sai1	赣			120000		
腰	iɛu1	ieu1	yao1	赣			120000		
腱	tɕʰiɛn4	qien4	jian4	赣			120000		
腹	fu1	fu1	fu4	赣			120000		
腹	fuʔ5*	fuk5*	fu4	赣			120000		
腾	tʰɛn2	ten2	teng2	赣			120000		
腿	tʰuəi3	tuei3	tui3	赣			120000		
膊	po1	bo1	bo2	赣			120000		
膏	kau1	gau1	gao1	赣			120000		
膜	mo1*	mo1*	mo2	赣			120000		
膜	moʔ5	mok5	mo2	赣			120000		
膝	səʔ5	sek5	xi1	赣			120000		
膨	pʰɑŋ2	pang2	peng2	赣			120000		
膳	sɛn4	sen4	shan4	赣			90000		
膻	sɛn1	sen1	shan1	赣			120000		
臂	piɛ1	bie1	bi4	赣			120000		
臊	sau1	sau1	sao1	赣			120000		
臕	piɛu1	bieu1	biao1	赣			5992		
臣	tʰɪn2	tin2	chen2	赣			120000		
自	tsʰɿ4	ci4	zi4	赣			205000		
臭	tʰɪu2	tiu2	chou4	赣			165000		
至	ti2	di2	zhi4	赣			125000		
致	ti2	di2	zhi4	赣			175000		
臻	tɕʰin2	qin2	zhen1	赣			90000		
臼	tɕʰiu4	qiu4	jiu4	赣			107805		
舀	iɛu3	yeu3	yao3	赣			145000		
舂	tuŋ1	dung1	chong1	赣			90000		
舅	tɕʰiu4	qiu4	jiu4	赣			120000		
舌	sɛʔ5*	sek5*	she2	赣			145000		
舍	sa3	sa3	she3	赣			225000		
舍	sa4	sa4	she3	赣			225000		
舐	sɛ3	se3	shi4	赣			120000		
舒	sɿ1	si1	shu1	赣			145000		
舜	sun4	sun4	shun4	赣			77305		
舞	u3	wu3	wu3	赣			295000		
舟	tɪu1	diu1	zhou1	赣			120000		
航	xoŋ2	hong2	hang2	赣			120000		
般	pon1	bon1	ban1	赣			190000		
舰	kan2	gan2	jian4	赣			120000		
舵	tʰo4	to4	duo4	赣			120000		
舶	pʰoʔ5*	pok5*	bo2	赣			120000		
船	suon2	suon2	chuan2	赣			120000		
艇	tʰɪn3	tin3	ting3	赣			105341		
良	lioŋ2	liong2	liang2	赣			145000		
艰	kan1	gan1	jian1	赣			120000		
色	sɛ1*	se1*	se4	赣			150000		
艳	iɛn4	yen4	yan4	赣			120000		
艺	ȵi4	ni4	yi4	赣			120000		
艾	ŋai4	ngai4	ai4	赣			145000		
节	tɕiaiʔ5	jiaik5	jie2	赣			135000		
芋	i4	yi4	yu4	赣			120000		
芍	so1*	so1*	shao2	赣			75877		
芍	soʔ5	sok5	shao2	赣			75877		
芒	moŋ2	mong2	mang2	赣			120000		
芙	fu2	fu2	fu2	赣			120000		
芝	ti1	di1	zhi1	赣			120000		
芦	lu2	lu2	lu2	赣			120000		
芬	fun1	fun1	fen1	赣			120000		
芭	pa1	ba1	ba1	赣			120000		
花	fa1	fa1	hua1	赣			170000		
芳	foŋ1	fong1	fang1	赣			120000		
芹	tɕʰin2	qin2	qin2	赣			120000		
芽	ŋa2	nga2	ya2	赣			120000		
苇	uəi3	wei3	wei3	赣			100630		
苋	xan1*	han1*	xian4	赣			90000		
苍	tsʰoŋ1*	cong1*	cang1	赣			120000		
苎	tsʰɿ4	ci4	zhu4	赣			4818		
苏	sɿ1	si1	su1	赣			145000		
苔	tʰoi2	toi2	tai2	赣			120000		
苗	miɛu2	mieu2	miao2	赣			120000		
苟	kiɛu3	gieu3	gou3	赣			120000		
若	loʔ5	lok5	ruo4	赣			225000		
若	luo1	luo1	ruo4	赣			225000		
若	luoʔ5*	luok5*	ruo4	赣			225000		
苦	kʰu3	ku3	ku3	赣			120000		
英	in1	in1	ying1	赣			120000		
苶	ȵia1	nia1	nie2	赣			120000		
茂	mɛu4	meu4	mao4	赣			120000		
范	fan2	fan2	fan4	赣			120000		
茄	tɕʰio1*	qio1*	jia1	赣			120000		
茎	tɕin1	jin1	jing1	赣			103391		
茧	tɕiɛn3	jien3	jian3	赣			120000		
茫	moŋ2	mong2	mang2	赣			145000		
茴	fəi2	fei2	hui2	赣			115000		
茶	tsʰa2	ca2	cha2	赣			120000		
茸	luŋ2	lung2	rong1	赣			120000		
荀	sun2	sun2	xun2	赣			71805		
荆	tɕin1	jin1	jing1	赣			120000		
荆	tɕiɑŋ1	jiang1	jing1	赣			120000		
草	tsʰau3	cau3	cao3	赣			120000		
荐	tɕiɛn2	jien2	jian4	赣			125000		
荒	foŋ1	fong1	huang1	赣			120000		
荔	li4	li4	li4	赣			145000		
荞	tɕʰiɛu1*	qieu1*	qiao2	赣			90000		
荠	tɕʰi3	qi3	ji4	赣			120000		
荡	tʰoŋ4	tong4	dang4	赣			120000		
荣	iun2	yun2	rong2	赣			120000		
荤	fun1	fun1	hun1	赣			120000		
荫	in1	in1	yin1	赣			120000		
药	io1	io1	yao4	赣			120000		
药	ioʔ5	iok5	yao4	赣			120000		
荷	xo2	ho2	he2	赣			120000		
荷	xo4	ho4	he2	赣			120000		
莠	iu3	yiu3	you3	赣			120000		
莫	mo1*	mo1*	mo4	赣			170000		
莫	moʔ5	mok5	mo4	赣			170000		
莲	liɛn2	lien2	lian2	赣			120000		
获	foʔ5	fok5	huo4	赣			120000		
莺	in1	in1	ying1	赣			120000		
莼	sun2	sun2	chun2	赣			120000		
莽	moŋ3	mong3	mang3	赣			120000		
菊	tɕiuʔ5	jiuk5	ju2	赣			120000		
菊	tɕɪu1	jiu1	ju2	赣			120000		
菌	tɕiun3	jiun3	jun1	赣			100933		
菌	tɕʰin1*	qin1*	jun1	赣			100933		
菖	tʰoŋ1*	tong1*	chang1	赣			90000		
菜	tsʰoi2	coi2	cai4	赣			225000		
菠	po1	bo1	bo1	赣			120000		
菢	pʰau4	pau4	bao4	赣			120000		
菩	pʰu2	pu2	pu2	赣			145000		
菱	lɪn2	lin2	ling2	赣			120000		
萄	tʰau2	tau2	tao2	赣			120000		
萌	mɛn2	men2	meng2	赣			120000		
萍	pʰin2	pin2	ping2	赣			120000		
萤	in1	in1	ying2	赣			120000		
萤	iɑŋ1	iang1	ying2	赣			120000		
萦	iɑŋ1	iang1	ying2	赣			120000		
萨	saiʔ5	saik5	sa4	赣			125000		
落	loʔ5	lok5	luo4	赣			120000		
著	tsɿ2	zi2	zhu4	赣			120000		
葛	kɔʔ5*	gok5*	ge2	赣			120000		
董	tuŋ3	dung3	dong3	赣			120000		
葬	tsoŋ2	zong2	zang4	赣			120000		
葱	tsʰuŋ1*	cung1*	cong1	赣			120000		
葵	kʰuəi2	kuei2	kui2	赣			120000		
蒋	tɕioŋ3	jiong3	jiang3	赣			145000		
蒙	muŋ2	mung2	meng2	赣			120000		
蒜	suon2	suon2	suan4	赣			120000		
蒲	pʰu2	pu2	pu2	赣			120000		
蒸	tɪn1	din1	zheng1	赣			120000		
蓄	sɪu1*	siu1*	xu4	赣			120000		
蓉	iuŋ2	yung2	rong2	赣			120000		
蓑	so1	so1	suo1	赣			95000		
蓖	pʰi1*	pi1*	bi4	赣			90000		
蓝	lan2	lan2	lan2	赣			120000		
蓬	pʰuŋ2	pung2	peng2	赣			120000		
蔓	man4	man4	man4	赣			120000		
蔗	ta2	da2	zhe4	赣			120000		
蔡	tsʰai4	cai4	cai4	赣			120000		
蔫	ȵiɛn1	nien1	nian1	赣			120000		
蔬	sɿ1	si1	shu1	赣			120000		
蔼	ŋoi3	ngoi3	ai3	赣			108194		
蔽	pʰi4	pi4	bi4	赣			132930		
蕉	tɕiɛu1	jieu1	jiao1	赣			120000		
蕊	luəi3	luei3	rui3	赣			120000		
蕹	uŋ2	wng2	weng4	赣			120000		
薄	pʰo1*	po1*	bao2	赣			120000		
薄	pʰo4	po4	bao2	赣			120000		
薄	pʰoʔ5*	pok5*	bao2	赣			120000		
薛	suɔʔ5	suok5	xue1	赣			120000		
薪	sɪn1	sin1	xin1	赣			220000		
薯	sɿ2	si2	shu3	赣			120000		
薰	sun1	sun1	xun1	赣			73178		
藉	tɕʰia4	qia4	ji2	赣			120000		
藉	tɕʰiɛʔ5*	qiek5*	ji2	赣			120000		
藏	tsʰoŋ2	cong2	cang2	赣			145000		
藐	miɛu3	mieu3	miao3	赣			120000		
藕	ŋɛu3	ngeu3	ou3	赣			145000		
藤	tʰɛn2	ten2	teng2	赣			120000		
藤	xɛn2	hen2	teng2	白			120000		
藩	fan1	fan1	fan1	赣			90000		
藿	foʔ5	fok5	huo4	赣			90000		
蘸	tsan2	zan2	zhan4	赣			90000		
虎	fu3	fu3	hu3	赣			120000		
虐	ȵioʔ5	niok5	nve4	赣			120000		
虑	li4	li4	lv4	赣			126565		
虔	tɕʰiɛn2	qien2	qian2	赣			90000		
虚	sɿ1	si1	xu1	赣			120000		
虞	ȵi2	ni2	yu2	赣			72855		
虫	tʰuŋ2	tung2	chong2	赣			145000		
虱	səʔ5	sek5	shi1	赣			90000		
虹	fuŋ1	fung1	hong2	赣			120000		
虹	koŋ2	gong2	hong2	赣			120000		
虻	moŋ2	mong2	meng2	赣			120000		
虽	ɕi1	xi1	sui1	赣			120000		
虾	xa2	ha2	xia1	赣			170000		
蚀	səʔ5	sek5	shi2	赣			120000		
蚁	ȵi4	ni4	yi3	赣			120000		
蚊	un2	wen2	wen2	赣			120000		
蚌	pʰoŋ1*	pong1*	bang4	赣			120000		
蚕	tsʰan2	can2	can2	赣			120000		
蚣	kuŋ1	gung1	gong1	赣			120000		
蛀	tsɿ2	zi2	zhu4	赣			120000		
蛆	tɕʰi1*	qi1*	qu1	赣			90000		
蛇	sa2	sa2	she2	赣			120000		
蛋	tʰan4	tan4	dan4	赣			120000		
蛙	ua1	ua1	wa1	赣			120000		
蛛	tsɿ1	zi1	zhu1	赣			120000		
蛤	kɔʔ5*	gok5*	ha2	赣			120000		
蛮	man2	man2	man2	赣			370000		
蛰	tɛʔ5*	dek5*	zhe2	赣			120000		
蜀	sɿʔ5	sik5	shu3	赣			102630		
蜂	fuŋ1	fung1	feng1	赣			120000		
蜈	ŋ̍2	ng2	wu2	赣			120000		
蜋	loŋ2	long2	lang2	赣			120000		
蜕	tʰuəi2	tuei2	tui4	赣			120000		
蜗	uo1	uo1	wo1	赣			109665		
蜘	ti1	di1	zhi1	赣			101174		
蜜	miɛʔ5	miek5	mi4	赣			120000		
蜡	laiʔ5	laik5	la4	赣			120000		
蝇	in3	yin3	ying2	赣			120000		
蝉	sɛn2	sen2	chan2	赣			163845		
蝗	foŋ2	fong2	huang2	赣			120000		
蝙	piɛn1	bien1	bian1	赣			120000		
蝠	fu1	fu1	fu2	赣			120000		
蝠	fuʔ5*	fuk5*	fu2	赣			120000		
蝶	tʰiaiʔ5*	tiaik5*	die2	赣			120000		
螃	pʰoŋ2	pong2	pang2	赣			120000		
融	iuŋ2	yung2	rong2	赣			120000		
螳	tʰoŋ2	tong2	tang2	赣			90000		
螺	lo2	lo2	luo2	赣			145000		
蟆	ma2	ma2	ma2	赣			120000		
蟒	moŋ3	mong3	mang3	赣			90000		
蟹	xai3	hai3	xie4	赣			120000		
蠢	tʰun3	tun3	chun3	赣			120000		
血	suɔʔ5	suok5	xue4	赣			170000		
衅	sɪn4	sin4	xin4	赣			108091		
行	sɪn2	sin2	xing2	赣			270000		
行	xoŋ2	hong2	xing2	赣			270000		
行	xɑŋ2	hang2	xing2	赣			270000		
行	xɛn2	hen2	xing2	赣			270000		
衔	xan2	han2	xian2	赣			120000		
街	kai1	gai1	jie1	赣			145000		
衙	ŋa2	nga2	ya2	赣			120000		
衡	xɛn2	hen2	heng2	赣			120000		
衣	i1	i1	yi1	赣			120000		
补	pu3	bu3	bu3	赣			350000		
表	piɛu2	bieu2	biao3	赣			180000		
表	piɛu3	bieu3	biao3	赣			180000		
衫	sa1	sa1	shan1	赣			120000		
衫	san1	san1	shan1	赣			120000		
衬	tsʰɛn4	cen4	chen4	赣			120000		
衰	suoi1	suoi1	shuai1	赣			120000		
袁	ion2	yon2	yuan2	赣			120000		
袂	kaiʔ5	gaik5	mei4	赣			120000		
袄	ŋau3	ngau3	ao3	赣			120000		
袋	tʰoi4	toi4	dai4	赣			120000		
袍	pʰau2	pau2	pao2	赣			120000		
袖	tɕʰiu4	qiu4	xiu4	赣			120000		
袜	uəiʔ5	ueik5	wa4	赣			120000		
被	pʰi4	pi4	bei4	赣			406300		
袭	səʔ5	sek5	xi2	赣			101876		
袱	fuʔ5*	fuk5*	fu2	赣			120000		
裁	tsʰoi2	coi2	cai2	赣			120000		
裂	liaiʔ5	liaik5	lie4	赣			120000		
装	tsoŋ1	zong1	zhuang1	赣			123600		
裕	i4	yi4	yu4	赣			120000		
裙	tɕʰiun2	qiun2	qun2	赣			120000		
裤	kʰu2	ku2	ku4	赣			120000		
裳	soŋ2	song2	shang5	赣			120000		
裴	pʰi2	pi2	pei2	赣			90000		
裸	kʰo3	ko3	luo3	赣			200000		
裹	kuo3	guo3	guo3	赣			120000		
褒	pau3	bau3	bao1	赣			120000		
褡	taiʔ5	daik5	da1	赣			120000		
褥	luʔ5*	luk5*	ru4	赣			120000		
褪	tʰuəi2	tuei2	tui4	赣			120000		
褯	tɕʰiɑʔ5*	qiak5*	jie4	赣			120000		
褶	tɛʔ5*	dek5*	zhe3	赣			120000		
襄	soŋ1	song1	xiang1	赣			90000		
襟	tɕin2	jin2	jin1	赣			120000		
襻	pʰan1*	pan1*	pan4	赣			90000		
西	ɕi1	xi1	xi1	赣			120000		
要	iɛu1	ieu1	yao4	赣			406581		
要	iɛu2	yeu2	yao4	赣			406581		
覆	fu1	fu1	fu4	赣			120000		
覆	fuʔ5*	fuk5*	fu4	赣			120000		
见	tɕiɛn2	jien2	jian4	赣			245000		
观	kuon1	guon1	guan1	赣			145000		
规	kuəi1	guei1	gui1	赣			145000		
觅	miɛʔ5	miek5	mi4	赣			120000		
视	ɕi4	xi4	shi4	赣			145000		
览	lan4	lan4	lan3	赣			120000		
觉	kau2	gau2	jue2	赣			180000		
觉	ko1	go1	jue2	赣			180000		
觉	kʰoʔ5	kok5	jue2	赣			180000		
角	ko1	go1	jiao3	赣			145000		
角	kʰoʔ5	kok5	jiao3	赣			145000		
解	kai3	gai3	jie3	赣			170000		
解	xai3	hai3	jie3	赣			170000		
触	tʰu1	tu1	chu4	赣			120000		
触	tʰuʔ5*	tuk5*	chu4	赣			120000		
言	ȵiɛn2	nien2	yan2	赣			120000		
誉	i4	yi4	yu4	赣			120000		
誓	ɕi4	xi4	shi4	赣			120000		
警	tɕin3	jin3	jing3	赣			120000		
譬	pʰi2	pi2	pi4	赣			120000		
计	tɕi2	ji2	ji4	赣			200000		
订	tʰin4	tin4	ding4	赣			120000		
订	tʰiɑŋ4	tiang4	ding4	赣			120000		
讣	pʰu2	pu2	fu4	赣			90000		
讥	tɕi1	ji1	ji1	赣			120000		
讨	tʰau3	tau3	tao3	赣			120000		
讨	xau3	hau3	tao3	赣			120000		
让	ȵioŋ4	niong4	rang4	赣			370000		
讫	tɕʰiɛʔ5*	qiek5*	qi4	赣			77832		
训	sun2	sun2	xun4	赣			120000		
议	ȵi4	ni4	yi4	赣			120000		
讯	sun2	sun2	xun4	赣			106006		
记	tɕi2	ji2	ji4	赣			163850		
讲	koŋ3	gong3	jiang3	赣			175000		
许	sɿ4	si4	xu3	赣			120000		
讹	ŋo2	ngo2	e2	赣			120000		
论	lun4	lun4	lun4	赣			120000		
讼	suŋ4	sung4	song4	赣			131654		
讽	fuŋ1	fung1	feng3	赣			105298		
设	sɛʔ5*	sek5*	she4	赣			120000		
访	foŋ3	fong3	fang3	赣			120000		
诀	tɕiuɔʔ5*	jiuok5*	jue2	赣			125000		
证	tɪn2	din2	zheng4	赣			170000		
评	pʰin2	pin2	ping2	赣			150000		
识	səʔ5	sek5	shi2	赣			120000		
诈	tsa2	za2	zha4	赣			120000		
诉	sɿ4	si4	su4	赣			120000		
诊	tɪn1	din1	zhen3	赣			120000		
词	tsʰɿ2	ci2	ci2	赣			380000		
译	iɛʔ5	iek5	yi4	赣			125000		
试	ɕi4	xi4	shi4	赣			220000		
诗	ɕi1	xi1	shi1	赣			120000		
诚	sɪn2	sin2	cheng2	赣			120000		
诛	tsɿ1	zi1	zhu1	赣			115000		
话	fa4	fa4	hua4	赣			120000		
诞	tʰan2	tan2	dan4	赣			104129		
诡	kuəi3	guei3	gui3	赣			120000		
该	koi1	goi1	gai1	赣			120000		
详	soŋ2	song2	xiang2	赣			120000		
诬	u1	u1	wu1	赣			120000		
语	ȵi3	ni3	yu3	赣			120000		
误	ŋ̍4	ng4	wu4	赣			160000		
诱	iu4	yiu4	you4	赣			100343		
说	suɔʔ5	suok5	shuo1	赣			469817		
诵	suŋ4	sung4	song4	赣			120000		
请	tɕʰin3	qin3	qing3	赣			120000		
请	tɕʰiɑŋ3	qiang3	qing3	赣			120000		
诸	tsɿ1	zi1	zhu1	赣			145000		
诺	loʔ5	lok5	nuo4	赣			104414		
读	tʰuʔ5*	tuk5*	du2	赣			370000		
课	kʰo4	ko4	ke4	赣			120000		
谁	suəi2	suei2	shui2	赣			120000		
调	liɛu4	lieu4	diao4	赣			370000		
调	tʰiɛu2	tieu2	diao4	赣			370000		
谅	lioŋ4	liong4	liang4	赣			120000		
谈	tʰan4	tan4	tan2	赣			255000		
谊	ȵi2	ni2	yi4	赣			101764		
谋	mɛu2	meu2	mou2	赣			120000		
谍	tʰiaiʔ5*	tiaik5*	die2	赣			120000		
谎	foŋ3	fong3	huang3	赣			120000		
谏	kan1	gan1	jian4	赣			72509		
谐	kʰai3	kai3	xie2	赣			120000		
谓	uəi4	wei4	wei4	赣			120000		
谕	i4	yi4	yu4	赣			120000		
谗	tsʰan2	can2	chan2	赣			120000		
谚	ȵiɛn4	nien4	yan4	赣			101345		
谜	mi1	mi1	mi2	赣			145000		
谢	sa4	sa4	xie4	赣			120000		
谣	iɛu2	yeu2	yao2	赣			120000		
谤	pʰoŋ2	pong2	bang4	赣			108430		
谦	tɕʰiɛn1*	qien1*	qian1	赣			120000		
谨	tɕin3	jin3	jin3	赣			120000		
谬	miu4	miu4	miu4	赣			109006		
谭	tʰan2	tan2	tan2	赣			120000		
谱	pʰu3	pu3	pu3	赣			120000		
谷	ku1	gu1	gu3	赣			170000		
谷	kuʔ5*	guk5*	gu3	赣			170000		
豁	fɔʔ5*	fok5*	huo1	赣			120000		
豆	tʰɛu4	teu4	dou4	赣			120000		
豆	xɛu4	heu4	dou4	白			120000		
豇	koŋ1	gong1	jiang1	赣			120000		
豉	ɕi4	xi4	shi4	赣			120000		
豌	uon1	uon1	wan1	赣			120000		
豕	ɕi3	xi3	shi3	赣			120000		
豚	tʰun2	tun2	tun2	赣			120000		
象	soŋ4	song4	xiang4	赣			120000		
豪	xau2	hau2	hao2	赣			120000		
豫	i4	yi4	yu4	赣			120000		
豹	pau2	bau2	bao4	赣			120000		
豺	tsʰai2	cai2	chai2	赣			120000		
貂	liɛu1	lieu1	diao1	赣			95000		
貌	mau4	mau4	mao4	赣			120000		
贝	pi2	bi2	bei4	赣			120000		
贞	tɪn1	din1	zhen1	赣			120000		
负	fu4	fu4	fu4	赣			250000		
贡	kuŋ2	gung2	gong4	赣			120000		
财	tsʰoi2	coi2	cai2	赣			145000		
责	tsəʔ5	zek5	ze2	赣			120000		
贤	sɛn2	sen2	xian2	赣			120000		
败	pʰai4	pai4	bai4	赣			120000		
账	toŋ2	dong2	zhang4	赣			120000		
质	təʔ5	dek5	zhi4	赣			177000		
贩	fan2	fan2	fan4	赣			120000		
贪	tʰan1*	tan1*	tan1	赣			120000		
贫	pʰin2	pin2	pin2	赣			120000		
购	kiɛu2	gieu2	gou4	赣			120000		
贯	kuon2	guon2	guan4	赣			120000		
贰	ə4	e4	er4	赣			120000		
贱	tɕʰiɛn4	qien4	jian4	赣			120000		
贴	tʰiaiʔ5*	tiaik5*	tie1	赣			120000		
贵	kuəi2	guei2	gui4	赣			125000		
贷	tʰoi4	toi4	dai4	赣			120000		
贸	mɛu4	meu4	mao4	赣			120000		
费	fəi2	fei2	fei4	赣			170000		
贺	xo4	ho4	he4	赣			120000		
贻	i2	yi2	yi2	赣			120000		
贼	tsʰəʔ5*	cek5*	zei2	赣			134902		
贾	ka3	ga3	jia3	赣			120000		
贿	fəi3	fei3	hui4	赣			102979		
赁	lɪn4	lin4	lin4	赣			101509		
赂	lu3	lu3	lu4	赣			106773		
资	tsɿ1	zi1	zi1	赣			120000		
赊	sa1	sa1	she1	赣			90000		
赋	fu4	fu4	fu4	赣			107326		
赌	tu3	du3	du3	赣			120000		
赎	sɿʔ5	sik5	shu2	赣			145000		
赐	sɿ4	si4	ci4	赣			120000		
赔	pʰi2	pi2	pei2	赣			120000		
赖	lai4	lai4	lai4	赣			170000		
赘	tuəi2	duei2	zhui4	赣			120000		
赚	tsʰan4	can4	zhuan4	赣			150000		
赛	sai4	sai4	sai4	赣			120000		
赞	tsan2	zan2	zan4	赣			125000		
赠	tsʰɛn4	cen4	zeng4	赣			120000		
赢	in2	yin2	ying2	赣			120000		
赢	iɑŋ2	yang2	ying2	赣			120000		
赤	tʰa1*	ta1*	chi4	赣			120000		
赤	tʰaʔ5*	tak5*	chi4	赣			120000		
赤	tʰəʔ5*	tek5*	chi4	赣			120000		
赦	sa4	sa4	she4	赣			120000		
赫	xaʔ5*	hak5*	he4	赣			145000		
走	tsɛu3	zeu3	zou3	赣			330000		
赴	pʰu2	pu2	fu4	赣			120000		
赵	tʰɛu4	teu4	zhao4	赣			145000		
起	tɕʰi3	qi3	qi3	赣			170000		
超	tʰɛu1*	teu1*	chao1	赣			120000		
越	iuɔʔ5*	iuok5*	yue4	赣			230000		
趋	tɕʰi1*	qi1*	qu1	赣			106253		
趟	tʰoŋ4	tong4	tang4	赣			120000		
趣	tɕʰi4	qi4	qu4	赣			120000		
足	tɕiuʔ5	jiuk5	zu2	赣			180000		
足	tɕɪu1	jiu1	zu2	赣			180000		
趸	toi3	doi3	dun3	赣			120000		
趼	tɕiɛn3	jien3	jian3	赣			120000		
趾	ti3	di3	zhi3	赣			104564		
跃	ioʔ5	iok5	yue4	赣			107988		
跌	liaiʔ5	liaik5	die1	赣			180000		
跐	tsʰɿ3	ci3	ci1	赣			120000		
跑	pʰau3	pau3	pao3	赣			370000		
距	tsʰɿ1*	ci1*	ju4	赣			120000		
跟	kiɛn1	gien1	gen1	赣			370000		
跨	kʰua1*	kua1*	kua4	赣			200000		
跪	kʰuəi3	kuei3	gui4	赣			120000		
路	lu3	lu3	lu4	赣			155000		
跳	tʰiɛu2	tieu2	tiao4	赣			255000		
践	tɕʰiɛn4	qien4	jian4	赣			120000		
踏	tʰaiʔ5*	taik5*	ta4	赣			120000		
踒	uai1	uai1	wo1	赣			120000		
踢	tʰia1*	tia1*	ti1	赣			170000		
踢	tʰiɑʔ5*	tiak5*	ti1	赣			170000		
踢	tʰiɛʔ5*	tiek5*	ti1	赣			170000		
踢	tʰəʔ5*	tek5*	ti1	赣			170000		
踪	tɕiuŋ1	jiung1	zong1	赣			120000		
蹄	tʰi2	ti2	ti2	赣			120000		
蹑	ȵiaiʔ5	niaik5	nie4	赣			120000		
蹲	tun1	dun1	dun1	赣			145000		
躁	tsau2	zau2	zao4	赣			120000		
身	sɪn1	sin1	shen1	赣			120000		
躬	tɕiuŋ1	jiung1	gong1	赣			145000		
躱	to3	do3	duo3	赣			120000		
躺	tʰoŋ3	tong3	tang3	赣			120000		
车	tsɿ1	zi1	che1	赣			120000		
车	tʰa1*	ta1*	che1	赣			120000		
轧	tsaiʔ5	zaik5	ya4	赣			120000		
轨	kuəi3	guei3	gui3	赣			120000		
轩	sɛn1	sen1	xuan1	赣			145000		
转	tuon3	duon3	zhuan3	赣			370000		
轭	ŋəʔ5	ngek5	e4	赣			5868		
轮	lun2	lun2	lun2	赣			190000		
软	ȵion3	nion3	ruan3	赣			120000		
轰	fɛn1	fen1	hong1	赣			120000		
轴	tʰuʔ5*	tuk5*	zhou2	赣			120000		
轻	tɕʰin1*	qin1*	qing1	赣			120000		
轻	tɕʰiɑŋ1*	qiang1*	qing1	赣			120000		
载	tsoi2	zoi2	zai4	赣			120000		
载	tsoi3	zoi3	zai4	赣			120000		
轿	tɕʰiɛu4	qieu4	jiao4	赣			120000		
较	kau2	gau2	jiao4	赣			205000		
辅	pʰu3	pu3	fu3	赣			108378		
辇	liɛn2	lien2	nian3	赣			120000		
辈	pi2	bi2	bei4	赣			145000		
辉	fəi1	fei1	hui1	赣			145000		
辋	moŋ3	mong3	wang3	赣			120000		
辎	tsɿ1	zi1	zi1	赣			79103		
辑	tɕʰiɛʔ5*	qiek5*	ji2	赣			200000		
输	sɿ1	si1	shu1	赣			200000		
辖	xaiʔ5*	haik5*	xia2	赣			101515		
辙	tʰɛʔ5*	tek5*	zhe2	赣			120000		
辛	sɪn1	sin1	xin1	赣			145000		
辞	tsʰɿ2	ci2	ci2	赣			120000		
辟	pʰiɛʔ5*	piek5*	pi4	赣			120000		
辣	laiʔ5	laik5	la4	赣			120000		
辨	pʰiɛn4	pien4	bian4	赣			120000		
辩	pʰiɛn4	pien4	bian4	赣			120000		
辫	piɛn1	bien1	bian4	赣			120000		
辰	sɪn2	sin2	chen2	赣			124678		
辱	luʔ5*	luk5*	ru3	赣			120000		
边	piɛn1	bien1	bian1	赣			175000		
辽	liɛu2	lieu2	liao2	赣			145000		
达	tʰaiʔ5*	taik5*	da2	赣			175000		
迁	tɕʰiɛn1*	qien1*	qian1	赣			120000		
迂	i1	i1	yu1	赣			120000		
迅	sun2	sun2	xun4	赣			106647		
过	kuo2	guo2	guo4	赣			370000		
迈	man3	man3	mai4	赣			120000		
迎	ȵin2	nin2	ying2	赣			120000		
运	iun4	yun4	yun4	赣			135000		
近	tɕʰin4	qin4	jin4	赣			145000		
还	fan2	fan2	hai2	赣			120000		
还	uɑn2	wan2	hai2	赣			120000		
进	tɕin2	jin2	jin4	赣			150000		
远	ion3	yon3	yuan3	赣			370000		
违	uəi2	wei2	wei2	赣			120000		
连	liɛn2	lien2	lian2	赣			280000		
迟	tʰi2	ti2	chi2	赣			120000		
迥	tɕiun2	jiun2	jiong3	赣			120000		
迩	ə3	e3	er3	赣			120000		
迫	pɛ1	be1	po4	赣			120000		
迫	pʰɛʔ5	pek5	po4	赣			120000		
述	suaʔ5	suak5	shu4	赣			120000		
迷	mi1	mi1	mi2	赣			145000		
迹	tɕiɑʔ5	jiak5	ji4	赣			120000		
追	tuəi1	duei1	zhui1	赣			145000		
退	tʰuəi2	tuei2	tui4	赣			370000		
送	suŋ2	sung2	song4	赣			195000		
适	səʔ5	sek5	shi4	赣			120000		
逃	tʰau2	tau2	tao2	赣			120000		
逆	ȵiɑʔ5	niak5	ni4	赣			120000		
选	suon2	suon2	xuan3	赣			240000		
逊	sun4	sun4	xun4	赣			107005		
透	tʰɛu4	teu4	tou4	赣			120000		
逐	tʰu1	tu1	zhu2	赣			120000		
逐	tʰuʔ5*	tuk5*	zhu2	赣			120000		
递	tʰi4	ti4	di4	赣			107990		
途	tʰu2	tu2	tu2	赣			120000		
逗	tʰɛu4	teu4	dou4	赣			105279		
通	tʰuŋ1*	tung1*	tong1	赣			195000		
逛	kʰuɑŋ1*	kuang1*	guang4	赣			120000		
逝	ɕi4	xi4	shi4	赣			102514		
逞	tʰɪn3	tin3	cheng3	赣			108731		
速	sɿ1	si1	su4	赣			120000		
速	sɿʔ5	sik5	su4	赣			120000		
速	sɿʔ5*	sik5*	su4	赣			120000		
造	tsʰau4	cau4	zao4	赣			370000		
逢	fuŋ1	fung1	feng2	赣			120000		
逵	kʰuəi2	kuei2	kui2	赣			90000		
逸	iɛʔ5	iek5	yi4	赣			120000		
逼	pʰiɛʔ5	piek5	bi1	赣			145000		
逾	i4	yi4	yu2	赣			106745		
遁	tʰun4	tun4	dun4	赣			120000		
遂	ɕi2	xi2	sui4	赣			120000		
遇	ȵi4	ni4	yu4	赣			120000		
遍	pʰiɛn1*	pien1*	bian4	赣			180000		
遐	xa2	ha2	xia2	赣			120000		
道	tʰau4	tau4	dao4	赣			320545		
遗	i2	yi2	yi2	赣			145000		
遣	tɕʰiɛn3	qien3	qian3	赣			120000		
遭	tsau1	zau1	zao1	赣			120000		
遮	ta1	da1	zhe1	赣			120000		
遵	tsun1	zun1	zun1	赣			120000		
避	pʰi4	pi4	bi4	赣			120000		
邀	iɛu1	ieu1	yao1	赣			120000		
邋	lɛʔ5	lek5	la1	赣			90000		
邓	tʰɛn4	ten4	deng4	赣			120000		
邓	xɛn4	hen4	deng4	白			120000		
那	la3	la3	na4	官			120000		
邪	sa2	sa2	xie2	赣			155000		
邮	iu2	yiu2	you2	赣			120000		
邵	sɛu4	seu4	shao4	赣			90000		
邹	tsɛu1	zeu1	zou1	赣			90000		
邻	lɪn2	lin2	lin2	赣			120000		
郁	iuʔ5	iuk5	yu4	赣			120000		
郊	kau3	gau3	jiao1	赣			120000		
郎	loŋ2	long2	lang2	赣			145000		
郑	tʰɑŋ4	tang4	zheng4	白			120000		
郑	tʰɛn4	ten4	zheng4	赣			120000		
郡	tɕʰiun4	qiun4	jun4	赣			90000		
部	pʰu4	pu4	bu4	赣			145000		
郭	kuo1	guo1	guo1	赣			120000		
郭	kuoʔ5	guok5	guo1	赣			120000		
都	tu1	du1	dou1	赣			452780		
鄂	ŋoʔ5	ngok5	e4	赣			120000		
鄙	pʰi4	pi4	bi3	赣			120000		
酉	iu4	yiu4	you3	赣			145000		
酌	toʔ5	dok5	zhuo2	赣			120000		
配	pʰi4	pi4	pei4	赣			195000		
酒	tɕiu3	jiu3	jiu3	赣			120000		
酥	sɿ1	si1	su1	赣			120000		
酪	loʔ5	lok5	lao4	赣			120000		
酬	tʰɪu2	tiu2	chou2	赣			120000		
酱	tɕioŋ2	jiong2	jiang4	赣			120000		
酵	xau4	hau4	jiao4	赣			106723		
酷	ku1	gu1	ku4	赣			120000		
酷	kuʔ5*	guk5*	ku4	赣			120000		
酸	suon1	suon1	suan1	赣			120000		
酿	loŋ3	long3	niang4	赣			120000		
醇	sun2	sun2	chun2	赣			114921		
醉	tɕi2	ji2	zui4	赣			120000		
醋	tsʰɿ2	ci2	cu4	赣			120000		
醒	sɑŋ3	sang3	xing3	赣			120000		
醮	tɕiɛu2	jieu2	jiao4	赣			90000		
采	tsʰoi3	coi3	cai3	赣			120000		
釉	iu4	yiu4	you4	赣			120000		
释	səʔ5	sek5	shi4	赣			120000		
里	li3	li3	li3	赣			205000		
重	tʰuŋ2	tung2	zhong4	赣			370000		
重	tʰuŋ4	tung4	zhong4	赣			370000		
野	ia3	ya3	ye3	赣			370000		
量	lioŋ2	liong2	liang4	赣			120000		
量	lioŋ4	liong4	liang4	赣			120000		
金	tɕin1	jin1	jin1	赣			175000		
釜	fu3	fu3	fu3	赣			120000		
銲	xon3	hon3	han4	赣			120000		
錾	tsʰan4	can4	zan4	赣			120000		
针	tɪn1	din1	zhen1	赣			120000		
钉	lin1	lin1	ding1	赣			120000		
钉	lin2	lin2	ding1	赣			120000		
钉	liɑŋ1	liang1	ding1	赣			120000		
钉	liɑŋ2	liang2	ding1	赣			120000		
钓	liɛu2	lieu2	diao4	赣			120000		
钗	tsʰai1*	cai1*	chai1	赣			90000		
钝	tʰun4	tun4	dun4	赣			108444		
钞	tsʰau1*	cau1*	chao1	赣			120000		
钟	tuŋ1	dung1	zhong1	赣			120000		
钢	koŋ1	gong1	gang1	赣			120000		
钢	koŋ2	gong2	gang1	赣			120000		
钥	ioʔ5	iok5	yao4	赣			120000		
钦	tɕʰin1*	qin1*	qin1	赣			120000		
钧	tɕiun1	jiun1	jun1	赣			120000		
钩	kiɛu1	gieu1	gou1	赣			120000		
钯	pʰa2	pa2	ba3	赣			120000		
钱	tɕʰiɛn2	qien2	qian2	赣			370000		
钳	tɕʰiɛn2	qien2	qian2	赣			120000		
钵	puɔʔ5	buok5	bo1	赣			90000		
钵	pɔʔ5	bok5	bo1	赣			90000		
钻	tsuon1	zuon1	zuan1	赣			124879		
钻	tsuon2	zuon2	zuan1	赣			124879		
铁	tʰiaiʔ5*	tiaik5*	tie3	赣			150000		
铃	lin2	lin2	ling2	赣			120000		
铃	liɑŋ2	liang2	ling2	赣			120000		
铇	pʰau4	pau4	bao4	赣			120000		
铎	tʰo1*	to1*	duo2	赣			120000		
铜	tʰuŋ2	tung2	tong2	赣			170000		
铡	tsʰaiʔ5*	caik5*	zha2	赣			90000		
铤	tʰɪn3	tin3	ding4	赣			120000		
铧	fa2	fa2	hua2	赣			120000		
铭	min2	min2	ming2	赣			102319		
铰	kau3	gau3	jiao3	赣			90000		
铲	tsʰan3	can3	chan3	赣			120000		
铳	tʰuŋ2	tung2	chong4	赣			90000		
银	ȵin2	nin2	yin2	赣			126500		
铸	tsɿ2	zi2	zhu4	赣			145000		
铺	pʰu1*	pu1*	pu4	赣			120000		
销	sɛu1	seu1	xiao1	赣			145000		
锁	so3	so3	suo3	赣			145000		
锄	tsʰɿ2	ci2	chu2	赣			120000		
锈	sɪu2	siu2	xiu4	赣			120000		
锉	tsʰo1*	co1*	cuo4	赣			90000		
锋	fuŋ1	fung1	feng1	赣			120000		
锐	luəi4	luei4	rui4	赣			109429		
错	tsʰo1*	co1*	cuo4	赣			370000		
锛	pun1	bun1	ben1	赣			120000		
锡	səʔ5	sek5	xi1	赣			120000		
锢	ku2	gu2	gu4	赣			120000		
锣	lo2	lo2	luo2	赣			120000		
锤	tsʰɿ1*	ci1*	chui2	赣			120000		
锥	tuəi1	duei1	zhui1	赣			120000		
锦	tɕin3	jin3	jin3	赣			120000		
锭	tʰɪn3	tin3	ding4	赣			90000		
键	tɕʰiɛn4	qien4	jian4	赣			163920		
锯	tsɿ2	zi2	ju4	赣			145000		
锹	tɕʰiɛu1*	qieu1*	qiao1	赣			120000		
锻	tuon2	duon2	duan4	赣			120000		
镇	tɪn3	din3	zhen4	赣			120000		
镊	ȵiaiʔ5	niaik5	nie4	赣			120000		
镜	tɕin2	jin2	jing4	赣			103654		
镜	tɕiɑŋ2	jiang2	jing4	赣			103654		
镢	tɕioʔ5	jiok5	jue2	赣			78044		
镫	tɛn2	den2	deng4	赣			120000		
镬	uo1	uo1	huo4	赣			72695		
镬	uoʔ5	uok5	huo4	赣			72695		
镰	liɛn2	lien2	lian2	赣			120000		
镶	soŋ1	song1	xiang1	赣			120000		
长	toŋ3	dong3	zhang3	赣			120000		
长	tʰoŋ2	tong2	zhang3	赣			120000		
閧	fuŋ4	fung4	hong4	赣			120000		
门	mun2	mun2	men2	赣			170000		
闩	suon1	suon1	shuan1	赣			120000		
闪	sɛn3	sen3	shan3	赣			135907		
闭	pi2	bi2	bi4	赣			135000		
问	un4	wen4	wen4	赣			120000		
闯	tʰoŋ3	tong3	chuang3	赣			120000		
闰	lun4	lun4	run4	赣			120000		
闲	xan2	han2	xian2	赣			150000		
间	kan1	gan1	jian1	赣			120000		
间	kan2	gan2	jian1	赣			120000		
闷	mun4	mun4	men4	赣			120000		
闸	kaiʔ5	gaik5	zha2	赣			120000		
闹	lau4	lau4	nao4	赣			120000		
闺	kuəi1	guei1	gui1	赣			150000		
闻	un2	wen2	wen2	赣			136980		
闽	min3	min3	min3	赣			120000		
阁	kʰoʔ5	kok5	ge2	赣			120000		
阄	kiɛu1	gieu1	jiu1	赣			90000		
阅	iuɔʔ5*	iuok5*	yue4	赣			130000		
阉	iɛn1	ien1	yan1	赣			154153		
阎	iɛn2	yen2	yan2	赣			120000		
阔	kʰuɔʔ5*	kuok5*	kuo4	赣			120000		
阜	fu4	fu4	fu4	赣			90000		
队	tuəi2	duei2	dui4	赣			145000		
阮	ȵion3	nion3	ruan3	赣			90000		
防	foŋ4	fong4	fang2	赣			170000		
阳	ioŋ2	yong2	yang2	赣			170000		
阴	in1	in1	yin1	赣			120000		
阵	tʰɪn4	tin4	zhen4	赣			120000		
阶	kai1	gai1	jie1	赣			145000		
阻	tsɿ3	zi3	zu3	赣			125000		
阿	o1	o1	a1	赣			325000		
附	fu4	fu4	fu4	赣			120000		
际	tɕi2	ji2	ji4	赣			120000		
陆	liuʔ5	liuk5	lu4	赣			120000		
陆	lɪu1*	liu1*	lu4	赣			120000		
陇	luŋ4	lung4	long3	赣			77224		
陈	tʰɪn2	tin2	chen2	赣			131300		
陋	lɛu4	leu4	lou4	赣			120000		
陌	ma1*	ma1*	mo4	赣			120000		
陌	mɛ1	me1	mo4	赣			120000		
陌	mɛʔ5	mek5	mo4	赣			120000		
降	koŋ2	gong2	jiang4	赣			170000		
限	xan4	han4	xian4	赣			125000		
陕	sɛn3	sen3	shan3	赣			120000		
陛	pʰi4	pi4	bi4	赣			90000		
陡	tɛu3	deu3	dou3	赣			150000		
院	ion4	yon4	yuan4	赣			120000		
除	tsʰɿ2	ci2	chu2	赣			120000		
险	sɛn3	sen3	xian3	赣			120000		
陪	pʰi2	pi2	pei2	赣			120000		
陵	lɪn2	lin2	ling2	赣			120000		
陶	tʰau2	tau2	tao2	赣			120000		
陷	xan4	han4	xian4	赣			120000		
隆	liuŋ2	liung2	long2	赣			120000		
隋	ɕi2	xi2	sui2	赣			120000		
隐	in3	yin3	yin3	赣			120000		
隔	kaʔ5	gak5	ge2	赣			120000		
隔	kəʔ5	gek5	ge2	赣			120000		
隘	ŋai4	ngai4	ai4	赣			108531		
障	toŋ2	dong2	zhang4	赣			120000		
隧	ɕi2	xi2	sui4	赣			103913		
隶	tʰi4	ti4	li4	赣			145000		
难	lan2	lan2	nan2	赣			180000		
难	lan4	lan4	nan2	赣			180000		
雀	tɕʰio1*	qio1*	que4	赣			140000		
雀	tɕʰioʔ5*	qiok5*	que4	赣			140000		
雁	ŋai4	ngai4	yan4	赣			120000		
雄	suŋ2	sung2	xiong2	赣			120000		
雅	ŋa3	nga3	ya3	赣			145000		
集	tɕʰiɛʔ5*	qiek5*	ji2	赣			145000		
雇	ku2	gu2	gu4	赣			125000		
雉	tʰi4	ti4	zhi4	赣			120000		
雌	tsʰɿ1*	ci1*	ci2	赣			145000		
雍	iuŋ1	iung1	yong1	赣			78890		
雏	tsʰɿ1*	ci1*	chu2	赣			120000		
雕	liɛu1	lieu1	diao1	赣			120000		
雨	i3	yi3	yu3	赣			170000		
雪	suɔʔ5	suok5	xue3	赣			120000		
零	lin2	lin2	ling2	赣			120000		
零	liɑŋ2	liang2	ling2	赣			120000		
雷	luəi2	luei2	lei2	赣			120000		
雾	u4	wu4	wu4	赣			120000		
需	ɕi1	xi1	xu1	赣			120000		
霄	sɛu1	seu1	xiao1	赣			109732		
震	tɪn3	din3	zhen4	赣			120000		
霉	mi1	mi1	mei2	赣			120000		
霍	foʔ5	fok5	huo4	赣			120000		
霜	soŋ1	song1	shuang1	赣			120000		
霞	xa2	ha2	xia2	赣			170000		
露	lu3	lu3	lu4	赣			130000		
青	tɕʰin1*	qin1*	qing1	赣			120000		
靖	tɕʰin4	qin4	jing4	赣			120000		
静	tɕʰin4	qin4	jing4	赣			120000		
非	fəi1	fei1	fei1	赣			120000		
靠	kʰau2	kau2	kao4	赣			310000		
靡	mi1	mi1	mi2	赣			120000		
面	miɛn2	mien2	mian4	赣			386025		
面	miɛn4	mien4	mian4	赣			386025		
革	kəʔ5	gek5	ge2	赣			145000		
靪	lin1	lin1	ding1	赣			120000		
靪	liɑŋ1	liang1	ding1	赣			120000		
靴	so1	so1	xue1	赣			120000		
鞍	ŋon1	ngon1	an1	赣			145000		
鞘	sɛu1	seu1	qiao4	赣			120000		
鞠	tɕiuʔ5	jiuk5	ju1	赣			120000		
鞠	tɕɪu1	jiu1	ju1	赣			120000		
鞭	piɛn1	bien1	bian1	赣			120000		
韩	xon2	hon2	han2	赣			120000		
韭	tɕiu3	jiu3	jiu3	赣			120000		
音	in1	in1	yin1	赣			370000		
韵	iun4	yun4	yun4	赣			310000		
韶	sɛu4	seu4	shao2	赣			70809		
顶	lɪn3	lin3	ding3	赣			120000		
项	xoŋ4	hong4	xiang4	赣			170000		
顺	sun4	sun4	shun4	赣			170000		
须	ɕi1	xi1	xu1	赣			120000		
顽	ŋan2	ngan2	wan2	赣			120000		
顾	ku2	gu2	gu4	赣			120000		
顿	tun2	dun2	dun4	赣			120000		
颁	pʰan3	pan3	ban1	赣			108769		
颂	suŋ4	sung4	song4	赣			101684		
预	i4	yi4	yu4	赣			120000		
领	lin3	lin3	ling3	赣			120000		
领	liɑŋ3	liang3	ling3	赣			120000		
颈	tɕin3	jin3	jing3	赣			120000		
颈	tɕiɑŋ3	jiang3	jing3	赣			120000		
频	pʰin2	pin2	pin2	赣			286707		
颖	in3	yin3	ying3	赣			107726		
颗	kʰuo3	kuo3	ke1	赣			120000		
题	tʰi2	ti2	ti2	赣			145000		
颜	ŋan2	ngan2	yan2	赣			120000		
额	ȵiɑʔ5	niak5	e2	赣			120000		
颠	liɛn1	lien1	dian1	赣			120000		
颤	tɛn1	den1	chan4	赣			120000		
颧	tɕʰion2	qion2	quan2	赣			90000		
风	fuŋ1	fung1	feng1	赣			155000		
飘	pʰiɛu1*	pieu1*	piao1	赣			120000		
飞	fəi1	fei1	fei1	赣			120000		
食	səʔ5	sek5	shi2	赣			120000		
餐	tsʰan1*	can1*	can1	赣			145000		
饥	tɕi1	ji1	ji1	赣			120000		
饨	tʰun2	tun2	tun2	赣			120000		
饬	tʰəʔ5*	tek5*	chi4	赣			120000		
饭	fan4	fan4	fan4	赣			195000		
饮	in3	yin3	yin3	赣			120000		
饯	tɕiɛn2	jien2	jian4	赣			120000		
饱	pau3	bau3	bao3	赣			145000		
饲	sɿ4	si4	si4	赣			109731		
饵	ə3	e3	er3	赣			120000		
饶	lɛu2	leu2	rao2	赣			205000		
饼	piɑŋ3	biang3	bing3	赣			120000		
饿	ŋo4	ngo4	e4	赣			120000		
馃	kuo3	guo3	guo3	赣			120000		
馄	fun4	fun4	hun2	赣			120000		
馆	kuon3	guon3	guan3	赣			145000		
馈	kʰuəi4	kuei4	kui4	赣			120000		
馋	tsʰan2	can2	chan2	赣			120000		
馍	mo1	mo1	mo2	赣			120000		
馏	liu2	liu2	liu2	赣			120000		
馒	mon2	mon2	man2	赣			120000		
首	sɪu3	siu3	shou3	赣			370000		
香	soŋ1	song1	xiang1	赣			120000		
馨	sɪn1	sin1	xin1	赣			120000		
马	ma3	ma3	ma3	赣			120000		
驮	tʰo2	to2	tuo2	赣			418203		
驰	tʰi2	ti2	chi2	赣			108784		
驱	tsʰɿ1*	ci1*	qu1	赣			120000		
驳	poʔ5*	bok5*	bo2	赣			120000		
驴	li2	li2	lv2	赣			145000		
驶	sɿ3	si3	shi3	赣			120000		
驹	tsɿ1	zi1	ju1	赣			120000		
驼	tʰo2	to2	tuo2	赣			120000		
驾	ka2	ga2	jia4	赣			120000		
骂	ma2	ma2	ma4	赣			150000		
骄	tɕiɛu1	jieu1	jiao1	赣			120000		
骆	loʔ5	lok5	luo4	赣			120000		
骇	xai3	hai3	hai4	赣			120000		
验	ȵiɛn4	nien4	yan4	赣			145000		
骑	tɕʰi2	qi2	qi2	赣			120000		
骗	pʰiɛn2	pien2	pian4	赣			185000		
骚	sau1	sau1	sao1	赣			132505		
骡	lo2	lo2	luo2	赣			120000		
骤	tsʰɛu4	ceu4	zhou4	赣			120000		
骨	kuaʔ5	guak5	gu3	赣			170000		
髓	ɕi3	xi3	sui3	赣			109275		
高	kau1	gau1	gao1	赣			419230		
髻	tɕi2	ji2	ji4	赣			120000		
鬃	tsuŋ1	zung1	zong1	赣			90000		
鬏	tɕiu2	jiu2	jiu1	赣			120000		
鬓	pin1	bin1	bin4	赣			101607		
鬼	kuəi3	guei3	gui3	赣			120000		
魁	kʰuəi1*	kuei1*	kui2	赣			120000		
魂	fun2	fun2	hun2	赣			120000		
魄	pʰa1*	pa1*	po4	赣			120000		
魄	pʰai2	pai2	po4	赣			120000		
魄	pʰɛ1*	pe1*	po4	赣			120000		
魄	pʰɛʔ5*	pek5*	po4	赣			120000		
魏	uəi4	wei4	wei4	赣			120000		
魔	mo2	mo2	mo2	赣			120000		
鱼	ȵi2	ni2	yu2	赣			180000		
鲇	ȵiɛn3	nien3	nian2	赣			79988		
鲍	pʰau3	pau3	bao4	赣			145000		
鲜	sɛn1	sen1	xian1	赣			120000		
鲤	li3	li3	li3	赣			120000		
鲫	tsəʔ5	zek5	ji4	赣			120000		
鲸	tɕin1	jin1	jing1	赣			106672		
鳃	suoi1	suoi1	sai1	赣			90000		
鳍	tɕʰi2	qi2	qi2	赣			109188		
鳏	kuɑn1	guan1	guan1	赣			90000		
鳔	piɛu1	bieu1	biao4	赣			120000		
鳖	pʰiaiʔ5*	piaik5*	bie1	赣			120000		
鸟	tʰiɛu1*	tieu1*	niao3	赣			120000		
鸟	tʰiɛu3	tieu3	niao3	赣			120000		
鸠	tɕiu1	jiu1	jiu1	赣			90000		
鸡	tɕi1	ji1	ji1	赣			120000		
鸣	min2	min2	ming2	赣			130964		
鸦	ŋa1	nga1	ya1	赣			120000		
鸬	lu2	lu2	lu2	赣			72708		
鸭	ŋaiʔ5	ngaik5	ya1	赣			120000		
鸽	kɔʔ5*	gok5*	ge1	赣			120000		
鸾	luon2	luon2	luan2	赣			120000		
鸿	fuŋ1	fung1	hong2	赣			120000		
鹄	fu1	fu1	gu3	赣			120000		
鹅	ŋo2	ngo2	e2	赣			120000		
鹉	u3	wu3	wu3	赣			106941		
鹊	tɕʰioʔ5*	qiok5*	que4	赣			130000		
鹞	iɛu2	yeu2	yao4	赣			120000		
鹤	xoʔ5*	hok5*	he4	赣			125000		
鹦	in1	in1	ying1	赣			120000		
鹭	lu3	lu3	lu4	赣			120000		
鹰	in1	in1	ying1	赣			120000		
鹿	lu1*	lu1*	lu4	赣			120000		
鹿	luʔ5*	luk5*	lu4	赣			120000		
麝	sa4	sa4	she4	赣			120000		
麦	ma1*	ma1*	mai4	赣			120000		
麦	maʔ5	mak5	mai4	赣			120000		
麸	fu1	fu1	fu1	赣			120000		
麻	ma2	ma2	ma2	赣			145000		
麾	fəi1	fei1	hui1	赣			71569		
黄	foŋ2	fong2	huang2	赣			120000		
黍	sɿ4	si4	shu3	赣			120000		
黎	li2	li2	li2	赣			120000		
黑	xəʔ5*	hek5*	hei1	赣			125000		
默	mɛ1	me1	mo4	赣			120000		
默	mɛʔ5	mek5	mo4	赣			120000		
鼎	lɪn3	lin3	ding3	赣			120000		
鼓	ku3	gu3	gu3	赣			120000		
鼠	suəi3	suei3	shu3	赣			120000		
鼠	sɿ4	si4	shu3	赣			120000		
齈	ȵin1	nin1	nong4	赣			120000		
齐	tɕʰi2	qi2	qi2	赣			150000		
齿	tʰi3	ti3	chi3	赣			120000		
龙	liuŋ2	liung2	long2	赣			120000		
龛	kʰan1*	kan1*	kan1	赣			90000		
龟	kuəi1	guei1	gui1	赣			120000		
一	iəʔ5	iek5	yi1	赣			467830		
丁	tʰiaŋ1	tiang1	ding1	赣			120000		
丁	tʰin1	tin1	ding1	文			120000		
丈	tʰɔŋ2	tong2	zhang4	赣			120000		
上	θɔŋ3	song3	shang4	赣			508101		
上	θɔŋ4	song4	shang4	赣			508101		
下	ha3	ha3	xia4	赣			120000		
下	ha4	ha4	xia4	赣			120000		
不	pɔʔ5	bok5	bu4	赣			610331		
与	y3	yu3	yu3	文			395033		
丑	tɕʰiu3	qiu3	chou3	赣			130000		
专	tɔn1	don1	zhuan1	赣			170000		
且	tɕʰie3	qie3	qie3	文			370000		
两	tʰiɔŋ1	tiong1	liang3	赣			370000		
两	tʰiɔŋ3	tiong3	liang3	赣			370000		
个	ko4	go4	ge4	赣			120000		
丫	ia1	ia1	ya1	赣			120000		
中	tuŋ2	dung2	zhong1	赣			493191		
丰	uŋ1	ung1	feng1	赣			120000		
串	tʰɔn3	ton3	chuan4	赣			260000		
临	tʰin2	tin2	lin2	赣			120000		
为	ui2	wui2	wei4	赣			545952		
为	ui4	wui4	wei4	赣			545952		
丽	tʰi2	ti2	li4	赣			120000		
举	tsʰɿ3	ci3	ju3	赣			155000		
么	ma2	ma2	me5	赣			120000		
么	mo1	mo1	me5	赣			120000		
义	ȵi4	ni4	yi4	赣			195000		
之	tɕi1	ji1	zhi1	赣			390957		
乏	uaʔ5	uak5	fa2	赣			127351		
乐	lo1	lo1	le4	赣			180000		
乒	pʰin1*	pin1*	ping1	赣			120000		
乓	pʰɔŋ1*	pong1*	pang1	赣			120000		
乔	tɕʰiəu2	qieu2	qiao2	赣			120000		
也	ia1	ia1	ye3	赣			557851		
也	ie3	ye3	ye3	文			557851		
乱	lɔn4	lon4	luan4	赣			370000		
了	tʰiəu3	tieu3	le5	赣			470908		
了	tʰiəu4	tieu4	le5	赣			470908		
争	tɕiaŋ1	jiang1	zheng1	赣			120000		
争	tɕien1	jien1	zheng1	文			120000		
二	oi4	oi4	er4	赣			310000		
于	y1	yu1	yu2	文			370000		
亏	kʰui1*	kui1*	kui1	赣			120000		
云	un2	wen2	yun2	赣			305000		
互	u4	wu4	hu4	赣			125000		
亥	hɔi3	hoi3	hai4	赣			145000		
亨	hen1*	hen1*	heng1	赣			120000		
亮	tʰiɔŋ4	tiong4	liang4	赣			120000		
人	tʰin2	tin2	ren2	文			120000		
人	ŋ̍1	ng1	ren2	赣			120000		
人	ȵin2	nin2	ren2	赣			120000		
仁	lin1*	lin1*	ren2	文			120000		
仁	tʰin2	tin2	ren2	赣			120000		
仁	ȵin1*	nin1*	ren2	赣			120000		
仃	tʰiaŋ1	tiang1	ding1	赣			120000		
仄	tɕie1	jie1	ze4	赣			120000		
仇	tɕʰiu2	qiu2	chou2	赣			155000		
仍	lin1	lin1	reng2	赣			120000		
从	tɕʰiuŋ1*	qiung1*	cong2	赣			120000		
仓	tɕʰiɔŋ1*	qiong1*	cang1	赣			155000		
仗	tɔŋ2	dong2	zhang4	赣			120000		
付	u4	wu4	fu4	赣			120000		
令	tʰin4	tin4	ling4	赣			175000		
仰	ŋɔŋ3	ngong3	yang3	赣			195000		
仰	ȵiɔŋ1*	niong1*	yang3	赣			195000		
任	tʰin4	tin4	ren4	赣			120000		
份	un4	wen4	fen4	赣			195000		
仿	uɔŋ3	wong3	fang3	赣			120000		
企	tɕʰi3	qi3	qi3	赣			120000		
伐	uaʔ5	uak5	fa2	赣			120000		
休	θiu1	siu1	xiu1	赣			125000		
伙	uo3	wo3	huo3	赣			120000		
会	ui4	wui4	hui4	文			386025		
会	uɔi4	woi4	hui4	赣			386025		
伟	ui3	wui3	wei3	赣			120000		
传	tʰɔn2	ton2	chuan2	赣			120000		
传	tʰɔn4	ton4	chuan2	赣			120000		
估	ku3	gu3	gu1	赣			120000		
伸	θin1	sin1	shen1	赣			120000		
伺	sɿ2	si2	ci4	赣			120000		
位	ui4	wui4	wei4	赣			245000		
低	tʰi1	ti1	di1	赣			305000		
住	tsʰɿ3	ci3	zhu4	赣			245000		
佐	tɕio1	jio1	zuo3	赣			120000		
佐	tɕio3	jio3	zuo3	赣			120000		
佑	iu4	yiu4	you4	赣			105446		
何	ho2	ho2	he2	赣			170000		
余	i4	yi4	yu2	赣			175000		
余	y2	yu2	yu2	文			175000		
佛	uɔʔ5	uok5	fu2	赣			130000		
作	tɕio1	jio1	zuo4	赣			120000		
你	ȵi1	ni1	ni3	白			120000		
佬	lau1*	lau1*	lao3	赣			120000		
佮	kɔʔ5	gok5	ge2	赣			120000		
例	tʰi4	ti4	li4	赣			150000		
侍	sɿ2	si2	shi4	赣			120000		
供	kuŋ1	gung1	gong1	赣			205000		
侧	tɕie1	jie1	ce4	赣			120000		
侨	tɕʰiəu2	qieu2	qiao2	赣			120000		
侯	həu2	heu2	hou2	赣			120000		
便	pʰien2	pien2	bian4	赣			120000		
俏	tɕʰiəu2	qieu2	qiao4	赣			120000		
俘	u1	u1	fu2	赣			102061		
修	θiu1	siu1	xiu1	赣			310000		
俵	piəu2	bieu2	biao4	赣			120000		
俵	piəu3	bieu3	biao4	赣			120000		
倌	kuɔn1	guon1	guan1	赣			120000		
候	həu2	heu2	hou4	赣			170000		
债	tɕiai2	jiai2	zhai4	赣			120000		
值	tɕʰiəʔ5*	qiek5*	zhi2	赣			370000		
停	tʰin2	tin2	ting2	赣			170000		
偷	həu1*	heu1*	tou1	赣			120000		
傅	u4	wu4	fu4	赣			120000		
傣	tai3	dai3	dai3	赣			120000		
傲	ŋau2	ngau2	ao4	赣			120000		
像	θɔŋ3	song3	xiang4	赣			370000		
僚	tʰiəu2	tieu2	liao2	赣			120000		
儿	oi2	oi2	er2	赣			160000		
克	kʰe1*	ke1*	ke4	赣			145000		
兑	toi2	doi2	dui4	赣			120000		
入	lu1	lu1	ru4	文			120000		
入	tʰiəʔ5	tiek5	ru4	赣			120000		
八	paʔ5	bak5	ba1	赣			160000		
六	tʰiu1	tiu1	liu4	赣			230000		
共	kʰuŋ4	kung4	gong4	赣			120000		
具	tsʰɿ2	ci2	ju4	赣			145000		
具	tsʰɿ3	ci3	ju4	赣			145000		
典	tʰien3	tien3	dian3	赣			180000		
内	loi4	loi4	nei4	赣			370000		
冇	mau4	mau4	mao3	赣			120000		
册	tɕʰia1*	qia1*	ce4	赣			145000		
再	tɕiɔi2	jioi2	zai4	赣			120000		
写	θe3	se3	xie3	文			370000		
冠	kuɔn1*	guon1*	guan1	赣			120000		
冠	kɔn1*	gon1*	guan1	赣			120000		
冯	uŋ2	wng2	feng2	赣			120000		
决	tɕiɔʔ5	jiok5	jue2	赣			170000		
冶	ia3	ya3	ye3	赣			120000		
净	tɕiaŋ2	jiang2	jing4	赣			120000		
凉	tʰiɔŋ2	tiong2	liang2	赣			120000		
凡	uan2	wan2	fan2	赣			120000		
凤	uŋ4	wng4	feng4	赣			120000		
凭	pʰin2	pin2	ping2	赣			120000		
凰	uɔŋ2	wong2	huang2	赣			120000		
凹	ŋəu1	ngeu1	ao1	赣			120000		
凹	əu1	eu1	ao1	赣			120000		
出	tʰɔʔ5*	tok5*	chu1	赣			120000		
凼	hɔŋ4	hong4	dang4	赣			120000		
刁	tʰiəu1	tieu1	diao1	赣			120000		
分	un1	un1	fen1	赣			430000		
切	tɕʰiəʔ5*	qiek5*	qie4	赣			225000		
划	ua2	wa2	hua4	赣			120000		
列	tʰiəʔ5	tiek5	lie4	赣			120000		
刘	tʰiu2	tiu2	liu2	赣			150000		
则	tɕie1	jie1	ze2	文			370000		
创	tɕʰiɔŋ2	qiong2	chuang4	赣			233989		
删	θan1	san1	shan1	赣			205000		
刨	pʰau4	pau4	pao2	赣			108066		
利	tʰi4	ti4	li4	赣			120000		
别	pʰiəʔ5*	piek5*	bie2	赣			370000		
刮	kuaʔ5	guak5	gua1	赣			120000		
制	tɕi2	ji2	zhi4	赣			145000		
刷	θɔʔ5	sok5	shua1	赣			255000		
刹	θaʔ5	sak5	sha1	赣			120000		
刻	kʰe1*	ke1*	ke4	赣			120000		
削	θo1	so1	xue1	赣			175000		
剖	pʰiəu1*	pieu1*	pou1	赣			108773		
剥	po1	bo1	bo1	赣			120000		
副	u2	wu2	fu4	赣			220000		
割	kɔʔ5	gok5	ge1	赣			120000		
劄	tɕiaʔ5	jiak5	zha1	赣			120000		
劈	pʰa1*	pa1*	pi1	赣			120000		
力	tʰiəʔ5	tiek5	li4	赣			125000		
劝	tɕʰiɔn2	qion2	quan4	赣			145000		
劣	tʰiəʔ5	tiek5	lie4	赣			120000		
动	tɕʰian3	qian3	dong4	赣			270000		
助	tsʰɿ3	ci3	zhu4	文			120000		
勒	le1	le1	lei1	赣			195000		
勺	θo1	so1	shao2	赣			120000		
匈	θuŋ1	sung1	xiong1	赣			120000		
匏	pʰu1*	pu1*	pao2	赣			120000		
化	ua2	wa2	hua4	赣			370000		
匠	tɕʰiɔŋ2	qiong2	jiang4	赣			120000		
匪	ui3	wui3	fei3	赣			145000		
区	ŋəu1	ngeu1	qu1	赣			470000		
匾	pien3	bien3	bian3	赣			120000		
午	u3	wu3	wu3	赣			120000		
华	ua2	wa2	hua2	赣			215000		
卒	tɕiɔʔ5	jiok5	zu2	赣			120000		
卓	tɕio1	jio1	zhuo2	赣			133886		
占	ten2	den2	zhan4	赣			120000		
卤	lu3	lu3	lu3	赣			120000		
卧	uo4	wo4	wo4	赣			148010		
卫	ui4	wui4	wei4	赣			120000		
危	ui2	wui2	wei1	赣			120000		
卵	lo3	lo3	luan3	赣			120000		
卵	lɔn3	lon3	luan3	赣			120000		
卷	tɕiɔn2	jion2	juan3	赣			145000		
历	tʰiəʔ5	tiek5	li4	赣			145000		
压	ŋaʔ5	ngak5	ya1	赣			180000		
厘	tʰi2	ti2	li2	赣			120000		
厚	həu4	heu4	hou4	赣			145000		
厦	ha4	ha4	sha4	赣			120000		
厦	θa4	sa4	sha4	赣			120000		
厾	tu1	du1	du1	赣			120000		
县	θɔn4	son4	xian4	赣			120000		
参	tɕʰian1*	qian1*	can1	赣			120000		
叉	tɕʰia1*	qia1*	cha1	赣			120000		
反	uan3	wan3	fan3	赣			145000		
发	uaʔ5	uak5	fa1	赣			370000		
叔	sɿ1	si1	shu1	赣			120000		
叠	tʰiəʔ5*	tiek5*	die2	赣			115724		
另	tʰin4	tin4	ling4	赣			102964		
只	ta1	da1	zhi3	赣			386050		
只	tɕi1	ji1	zhi3	白			386050		
只	tɕi3	ji3	zhi3	赣			386050		
召	təu1	deu1	zhao4	赣			120000		
叮	tʰiaŋ1	tiang1	ding1	赣			120000		
台	hɔi1*	hoi1*	tai2	赣			155000		
叶	iəʔ5	iek5	ye4	赣			120000		
叹	tʰan2	tan2	tan4	赣			120000		
吃	tɕʰia1*	qia1*	chi1	赣			120000		
吃	tɕʰiəʔ5*	qiek5*	chi1	文			120000		
合	hɔʔ5*	hok5*	he2	赣			120000		
合	ka1	ga1	he2	赣			120000		
吊	tʰiəu2	tieu2	diao4	赣			145000		
后	həu4	heu4	hou4	赣			374793		
吓	ha1*	ha1*	xia4	赣			120000		
吕	tʰi3	ti3	lv3	赣			120000		
吞	hen1*	hen1*	tun1	赣			160000		
否	uəu3	weu3	fou3	赣			155000		
吨	tun3	dun3	dun1	赣			120000		
含	hɔn2	hon2	han2	赣			130000		
吵	tɕʰiau3	qieu3	chao3	赣			120000		
吸	tɕiəʔ5	jiek5	xi1	赣			120000		
吸	θəʔ5	sek5	xi1	赣			120000		
吹	tʰoi1*	toi1*	chui1	赣			120000		
周	tɕiu1	jiu1	zhou1	赣			370000		
呱	kua2	gua2	gu1	赣			120000		
味	ui4	wui4	wei4	赣			145000		
呼	u1	u1	hu1	赣			120000		
和	ho2	ho2	he2	赣			805815		
和	ho4	ho4	he2	赣			805815		
和	u2	wu2	he2	赣			805815		
和	uaʔ5	uak5	he2	赣			805815		
咕	ku4	gu4	gu1	赣			120000		
咚	tuŋ1*	dung1*	dong1	赣			120000		
咚	tuŋ4	dung4	dong1	赣			120000		
咦	i1*	i1*	yi2	赣			120000		
咪	mi1	mi1	mi1	赣			120000		
咳	kʰe1*	ke1*	ke2	赣			120000		
咸	han2	han2	xian2	赣			120000		
哀	ŋai1	ngai1	ai1	赣			120000		
哈	haʔ5*	hak5*	ha1	赣			120000		
哎	ɔi1	oi1	ai1	赣			120000		
哑	ŋa3	nga3	ya3	赣			120000		
哕	ȵiɔʔ5	niok5	hui4	赣			120000		
哥	ko3	go3	ge1	赣			145000		
哪	la2	la2	na3	赣			120000		
哪	lai4	lai4	na3	赣			120000		
哲	təʔ5	dek5	zhe2	赣			124000		
唆	θo2	so2	suo1	赣			175000		
唏	ɕi1	xi1	xi1	赣			120000		
唢	θo3	so3	suo3	赣			5678		
唤	uɔn4	won4	huan4	赣			120000		
售	tɕʰiu2	qiu2	shou4	赣			120000		
售	θiu2	siu2	shou4	赣			120000		
唾	tʰo2	to2	tuo4	文			120000		
啄	tɕia1	jia1	zhuo2	白			145000		
啥	θa4	sa4	sha2	赣			120000		
啧	tɕie2	jie2	ze2	赣			120000		
啧	tɕiɔʔ5	jiok5	ze2	赣			120000		
啮	ŋaʔ5	ngak5	nie4	赣			120000		
啰	lo4	lo4	luo1	赣			370000		
喇	la3	la3	la3	赣			120000		
喉	həu2	heu2	hou2	赣			125000		
喊	han3	han3	han3	赣			120000		
喌	tʰiu1	tiu1	zhou1	赣			120000		
喝	hɔʔ5*	hok5*	he1	赣			135000		
喷	pʰun4	pun4	pen1	赣			170000		
喻	y2	yu2	yu4	文			120000		
嗡	uŋ4	wng4	weng1	赣			120000		
嗡	ŋ̍4	ng4	weng1	赣			120000		
嗦	θo1	so1	suo5	赣			120000		
嗯	n̩3	n3	n2	赣			123456		
嗯	ŋ̍1	ng1	n2	赣			123456		
嗯	ŋ̍3	ng3	n2	赣			123456		
嘭	pʰaŋ2	pang2	peng1	赣			120000		
嘴	tɕi1*	ji1*	zui3	赣			120000		
嘴	tɕioi3	jioi3	zui3	赣			120000		
嘻	ɕi1	xi1	xi1	赣			120000		
器	tɕʰi2	qi2	qi4	赣			120000		
噪	tɕiau2	jieu2	zao4	赣			120000		
嚷	lɔŋ3	long3	rang3	赣			120000		
嚼	tɕʰiəu4	qieu4	jue2	赣			120000		
回	ui2	wui2	hui2	赣			285000		
囟	θin2	sin2	xin4	赣			76873		
团	tʰɔn2	ton2	tuan2	赣			120000		
囤	tʰun4	tun4	dun4	赣			120000		
园	iɔn4	yon4	yuan2	赣			145000		
囱	tʰuŋ2	tung2	cong1	赣			120000		
围	ui2	wui2	wei2	赣			120000		
国	kuɔʔ5	guok5	guo2	赣			329470		
在	tɕʰiai4	qiai4	zai4	赣			431978		
在	tɕʰiɔi4	qioi4	zai4	赣			431978		
圳	tun2	dun2	zhen4	赣			120000		
址	tɕi3	ji3	zhi3	赣			120000		
坏	uai4	wai4	huai4	赣			120000		
坐	tɕʰio2	qio2	zuo4	赣			175000		
块	kʰuai1*	kuai1*	kuai4	赣			170000		
坟	un2	wen2	fen2	赣			120000		
坡	pʰo1*	po1*	po1	赣			120000		
坤	kʰun1	kun1	kun1	赣			120000		
坦	tʰan3	tan3	tan3	赣			120000		
坨	tʰo2	to2	tuo2	赣			120000		
坼	tɕʰia1*	qia1*	che4	赣			120000		
垒	loi3	loi3	lei3	赣			102790		
垘	pʰe1*	pe1*	fu2	赣			120000		
垦	kʰien1*	kien1*	ken3	赣			120000		
垱	tɔŋ2	dong2	dang4	赣			120000		
城	tɕʰin2	qin2	cheng2	赣			120000		
埘	tsɿ2	zi2	shi2	赣			120000		
域	iɔʔ5	iok5	yu4	赣			195000		
堂	tʰɔŋ1*	tong1*	tang2	赣			120000		
塍	θin2	sin2	cheng2	赣			120000		
塑	θo1	so1	su4	赣			120000		
塔	tʰaʔ5*	tak5*	ta3	赣			120000		
塘	hɔŋ2	hong2	tang2	赣			120000		
塞	θe1	se1	sai1	赣			230000		
填	tʰen1*	ten1*	tian2	赣			180000		
墈	kʰɔn2	kon2	kan4	赣			120000		
墒	θɔŋ1	song1	shang1	赣			120000		
墓	mu2	mu2	mu4	赣			120000		
增	tɕien1	jien1	zeng1	赣			120000		
墟	ɕi1	xi1	xu1	赣			109731		
壅	iuŋ1	iung1	yong1	赣			90000		
壕	hau2	hau2	hao2	赣			120000		
壮	tɕiɔŋ2	jiong2	zhuang4	赣			120000		
壶	u2	wu2	hu2	赣			120000		
复	u1	u1	fu4	赣			195000		
夏	ha4	ha4	xia4	赣			120000		
夕	ɕi1	xi1	xi1	赣			120000		
外	ŋɔi2	ngoi2	wai4	赣			260000		
夜	ie4	ye4	ye4	文			225000		
大	hai4	hai4	da4	白			394099		
大	ho4	ho4	da4	赣			394099		
大	ta4	da4	da4	文			394099		
太	tʰai4	tai4	tai4	赣			370000		
夫	u1	u1	fu1	赣			145000		
头	həu1*	heu1*	tou2	赣			245000		
头	həu2	heu2	tou2	赣			245000		
夸	kʰua1*	kua1*	kua1	赣			120000		
夹	kaʔ5	gak5	jia1	赣			255000		
夺	tʰɔʔ5*	tok5*	duo2	赣			195000		
奋	un4	wen4	fen4	赣			120000		
奎	kʰui1*	kui1*	kui2	赣			120000		
套	tʰau2	tau2	tao4	赣			125000		
奶	lai1*	lai1*	nai3	赣			120000		
好	hau1*	hau1*	hao3	赣			370000		
好	hau2	hau2	hao3	赣			370000		
好	hau3	hau3	hao3	赣			370000		
妆	tɕiɔŋ1	jiong1	zhuang1	赣			120000		
妇	u4	wu4	fu4	赣			120000		
妈	ma1	ma1	ma1	赣			145000		
妙	miəu3	mieu3	miao4	赣			145000		
妮	ȵi2	ni2	ni1	赣			120000		
妹	mi2	mi2	mei4	赣			130000		
姆	mu3	mu3	mu3	赣			145000		
姆	m̩2	m2	mu3	赣			145000		
始	sɿ3	si3	shi3	赣			120000		
委	ui3	wui3	wei3	赣			140000		
威	ui1	ui1	wei1	赣			120000		
娘	ȵio2	nio2	niang2	赣			120000		
娟	tɕiɔn1	jion1	juan1	赣			120000		
娱	ȵɿ4	ni4	yu2	赣			101372		
娼	tʰɔŋ4	tong4	chang1	赣			120000		
婆	pʰo3	po3	po2	赣			140000		
婊	piəu3	bieu3	biao3	赣			120000		
婚	un1	un1	hun1	赣			120000		
婢	pʰi1*	pi1*	bi4	赣			120000		
婢	pʰi4	pi4	bi4	赣			120000		
婸	tʰaŋ3	tang3	dang4	赣			120000		
媒	mɔi2	moi2	mei2	赣			145000		
嫂	θau3	sau3	sao3	赣			120000		
嫌	θen2	sen2	xian2	赣			145000		
嫡	tʰiəʔ5	tiek5	di2	赣			90000		
嬷	mo2	mo2	ma1	赣			120000		
孕	iun4	yun4	yun4	赣			120000		
字	tsʰɿ3	ci3	zi4	赣			380000		
存	tɕʰiun2	qiun2	cun2	赣			170000		
孝	hau4	hau4	xiao4	赣			145000		
孟	muŋ3	mung3	meng4	赣			120000		
学	ho1*	ho1*	xue2	赣			370000		
孩	hɔi2	hoi2	hai2	赣			120000		
孱	θen2	sen2	can4	赣			120000		
孵	pʰau4	pau4	fu1	赣			120000		
孽	ȵiəʔ5	niek5	nie4	赣			120000		
宁	tʰin2	tin2	ning2	赣			120000		
宇	y3	yu3	yu3	文			120000		
完	iɔn2	yon2	wan2	赣			120000		
完	uɔn2	won2	wan2	赣			120000		
宏	uŋ2	wng2	hong2	赣			125000		
宗	tɕiuŋ1	jiung1	zong1	赣			170000		
宙	tɕiu2	jiu2	zhou4	赣			104086		
定	tʰiaŋ4	tiang4	ding4	赣			120000		
宜	i2	yi2	yi2	赣			120000		
客	kʰe1*	ke1*	ke4	赣			120000		
宣	θɔn1	son1	xuan1	赣			145000		
宪	θen2	sen2	xian4	赣			170000		
宰	tɕiɔi3	jioi3	zai3	赣			120000		
害	hɔi4	hoi4	hai4	赣			120000		
家	tɕia1	jia1	jia1	文			370000		
容	luŋ2	lung2	rong2	赣			150000		
宿	θiu1	siu1	su4	赣			125000		
寇	kʰiəu2	kieu2	kou4	赣			120000		
富	u2	wu2	fu4	赣			150000		
寒	hɔn2	hon2	han2	赣			120000		
察	tɕʰia2	qia2	cha2	赣			120000		
寨	tɕʰiai4	qiai4	zhai4	赣			120000		
寸	tɕʰiun2	qiun2	cun4	赣			120000		
对	toi2	doi2	dui4	赣			434674		
寺	ɕi4	xi4	si4	赣			120000		
寻	θun2	sun2	xun2	赣			120000		
导	tʰau3	tau3	dao3	赣			195000		
封	uŋ1	ung1	feng1	赣			120000		
将	tɕiɔŋ4	jiong4	jiang1	赣			372305		
尉	ui2	wui2	wei4	赣			103062		
尊	tɕiun1	jiun1	zun1	赣			120000		
尔	oi3	oi3	er3	赣			120000		
尧	iəu2	yeu2	yao2	赣			175000		
尾	mi1	mi1	wei3	白			120000		
尾	ui3	wui3	wei3	文			120000		
屁	pi4	bi4	pi4	白			120000		
层	tɕʰien2	qien2	ceng2	赣			330000		
屄	piəʔ5	biek5	bi1	赣			120000		
屈	tɕʰiɔʔ5*	qiok5*	qu1	赣			120000		
屋	uɔʔ5	uok5	wu1	赣			120000		
屙	uo1	uo1	e1	赣			120000		
属	sɿ3	si3	shu3	赣			120000		
履	tʰi3	ti3	lv3	赣			120000		
岁	θoi2	soi2	sui4	文			120000		
岗	kɔŋ3	gong3	gang3	赣			120000		
岛	tau3	dau3	dao3	赣			120000		
岭	tʰiaŋ3	tiang3	ling3	赣			120000		
岳	ŋo2	ngo2	yue4	赣			120000		
峡	haʔ5*	hak5*	xia2	赣			170000		
峨	ŋo2	ngo2	e2	赣			120000		
峰	uŋ1	ung1	feng1	赣			120000		
崔	tɕʰioi1*	qioi1*	cui1	赣			120000		
崖	ŋan2	ngan2	ya2	赣			103709		
崚	len1	len1	leng2	赣			120000		
崽	tɕiai3	jiai3	zai3	赣			145000		
嵋	mi2	mi2	mei2	赣			120000		
川	tʰɔn1*	ton1*	chuan1	赣			120000		
州	tɕiu1	jiu1	zhou1	赣			245000		
巡	θun4	sun4	xun2	赣			120000		
巢	tɕʰiau2	qieu2	chao2	赣			120000		
左	tɕio3	jio3	zuo3	赣			145000		
巧	tɕʰiəu3	qieu3	qiao3	赣			120000		
巩	kuŋ3	gung3	gong3	赣			108130		
差	tɕʰia1*	qia1*	cha4	赣			120000		
差	tɕʰiai1*	qiai1*	cha4	赣			120000		
己	tɕi3	ji3	ji3	赣			120000		
巷	hɔŋ4	hong4	xiang4	赣			120000		
巾	tɕin1	jin1	jin1	赣			120000		
帅	θɔi4	soi4	shuai4	赣			120000		
帆	uan1	uan1	fan1	赣			120000		
希	ɕi1	xi1	xi1	赣			120000		
帘	tʰien2	tien2	lian2	赣			145000		
帚	tɕiu1*	jiu1*	zhou3	赣			120000		
帝	tʰi2	ti2	di4	赣			145000		
席	θa1	sa1	xi2	白			120000		
幅	u1	u1	fu2	赣			145000		
幕	mo1	mo1	mu4	赣			121000		
并	pʰin4	pin4	bing4	文			415230		
幻	uan4	wan4	huan4	赣			120000		
庄	tɕiɔŋ1	jiong1	zhuang1	赣			120000		
底	tʰi3	ti3	di3	赣			245000		
店	tʰien2	tien2	dian4	赣			195000		
府	u3	wu3	fu3	赣			120000		
废	ui3	wui3	fei4	赣			120000		
度	tʰu4	tu4	du4	赣			386023		
座	tɕʰio2	qio2	zuo4	赣			120000		
庵	ŋan1	ngan1	an1	赣			120000		
庸	iuŋ1	iung1	yong1	赣			120000		
庹	ho1*	ho1*	tuo3	赣			120000		
廊	tʰɔŋ1*	tong1*	lang2	赣			120000		
廖	tʰiəu4	tieu4	liao4	赣			90000		
延	ien4	yen4	yan2	赣			125000		
建	tɕien2	jien2	jian4	赣			120000		
弆	ke3	ge3	ju3	赣			120000		
弓	kuŋ1	gung1	gong1	赣			145000		
弧	u2	wu2	hu2	赣			120000		
归	kui1	gui1	gui1	赣			120000		
彗	ui4	wui4	hui4	赣			120000		
彩	tɕʰiɔi3	qioi3	cai3	赣			120000		
役	iɔʔ5	iok5	yi4	赣			120000		
征	tɕin1	jin1	zheng1	赣			120000		
很	hen3	hen3	hen3	赣			235000		
得	təʔ5	dek5	de2	赣			384479		
御	ȵɿ2	ni2	yu4	文			102098		
微	me1	me1	wei1	赣			120000		
微	ui1	ui1	wei1	赣			120000		
徽	ui1	ui1	hui1	赣			120000		
必	piəʔ5	biek5	bi4	赣			145000		
忍	lin3	lin3	ren3	文			120000		
志	tɕi2	ji2	zhi4	赣			120000		
忽	uɔʔ5	uok5	hu1	赣			196400		
忿	un4	wen4	fen4	赣			109322		
怀	uai2	wai2	huai2	赣			120000		
怎	tɕʰian1*	qian1*	zen3	赣			120000		
怒	lu4	lu4	nu4	文			120000		
怜	tʰien2	tien2	lian2	赣			120000		
怪	kʰuai2	kuai2	guai4	赣			120000		
总	tɕiuŋ3	jiung3	zong3	赣			370000		
恋	tʰien2	tien2	lian4	赣			120000		
恒	hen2	hen2	heng2	赣			120000		
恨	hen4	hen4	hen4	赣			170000		
恰	kʰaʔ5*	kak5*	qia4	赣			120000		
恳	kʰien1*	kien1*	ken3	赣			120000		
恶	o1	o1	e4	赣			195000		
恶	ŋo1	ngo1	e4	赣			195000		
恺	kʰɔi3	koi3	kai3	赣			78140		
悄	tɕʰiəu1*	qieu1*	qiao1	赣			120000		
悉	θəʔ5	sek5	xi1	赣			108873		
悔	ui2	wui2	hui3	赣			145000		
悦	iɔʔ5	iok5	yue4	赣			120000		
悬	θɔn2	son2	xuan2	赣			120000		
惧	tsɿ2	zi2	ju4	赣			104048		
惭	tɕʰian2	qian2	can2	赣			120000		
惰	tʰo2	to2	duo4	赣			120000		
愁	tɕʰiu1*	qiu1*	chou2	赣			120000		
愤	un4	wen4	fen4	赣			102996		
愧	kʰui2	kui2	kui4	赣			120000		
慌	uɔŋ1	uong1	huang1	赣			120000		
慧	ui4	wui4	hui4	赣			145000		
慰	ui2	wui2	wei4	赣			120000		
憋	piəʔ5	biek5	bie1	赣			120000		
憨	hɔn1*	hon1*	han1	赣			120000		
成	tɕʰin2	qin2	cheng2	赣			416686		
我	ŋa1*	nga1*	wo3	赣			578841		
我	ŋo1	ngo1	wo3	赣			578841		
或	uaʔ5	uak5	huo4	赣			135000		
戥	ten3	den3	deng3	赣			120000		
戬	tɕien3	jien3	jian3	赣			120000		
戳	tɕʰio1*	qio1*	chuo1	赣			370000		
户	u4	wu4	hu4	赣			170000		
戽	u2	wu2	hu4	赣			120000		
房	uɔŋ2	wong2	fang2	赣			120000		
所	θo3	so3	suo3	赣			370000		
才	tɕʰiɔi2	qioi2	cai2	赣			384590		
扎	tɕiaʔ5	jiak5	zha1	赣			120000		
扒	pa1	ba1	ba1	赣			120000		
打	ta2	da2	da3	赣			370000		
扣	kʰiəu4	kieu4	kou4	赣			150000		
执	tɕʰiəʔ5*	qiek5*	zhi2	赣			120000		
扩	kʰo1*	ko1*	kuo4	赣			120000		
扫	θau3	sau3	sao3	赣			135000		
扯	tʰe3	te3	che3	赣			120000		
扰	lau3	lau3	rao3	文			120000		
扳	pan1	ban1	ban1	赣			120000		
扶	u2	wu2	fu2	赣			120000		
批	pʰi1*	pi1*	pi1	赣			120000		
扽	tun1	dun1	den4	赣			120000		
找	tɕiau3	jieu3	zhao3	赣			370000		
承	tɕʰin2	qin2	cheng2	文			120000		
技	tɕʰi3	qi3	ji4	白			120000		
抄	tɕʰiau1*	qieu1*	chao1	赣			145000		
抓	tɕiau1	jieu1	zhua1	赣			120000		
投	həu2	heu2	tou2	赣			120000		
折	təʔ5	dek5	zhe2	赣			120000		
折	θəʔ5	sek5	zhe2	赣			120000		
护	u2	wu2	hu4	赣			120000		
抵	tʰi3	ti3	di3	赣			120000		
押	ŋaʔ5	ngak5	ya1	赣			125000		
抽	tɕʰiu1*	qiu1*	chou1	赣			170000		
拄	tsʰɿ3	ci3	zhu3	赣			120000		
拆	tɕʰia1*	qia1*	chai1	赣			145000		
拈	ȵien1	nien1	nian1	赣			133000		
拌	pʰɔn3	pon3	ban4	赣			120000		
拍	pʰa1*	pa1*	pai1	赣			120000		
拎	tʰin1	tin1	lin1	赣			120000		
拔	pʰaʔ5*	pak5*	ba2	赣			120000		
拖	ho1*	ho1*	tuo1	赣			170000		
拗	ŋau3	ngau3	ao3	赣			130000		
拦	lan2	lan2	lan2	赣			120000		
括	kʰuɔʔ5*	kuok5*	kuo4	赣			106247		
拯	tɕin3	jin3	zheng3	赣			120000		
拴	θɔn1	son1	shuan1	赣			120000		
持	tɕʰi2	qi2	chi2	赣			120000		
指	tɕie3	jie3	zhi3	赣			375000		
指	tɕiəʔ5	jiek5	zhi3	赣			375000		
按	ŋɔn2	ngon2	an4	赣			370000		
挑	tʰiəu1	tieu1	tiao1	赣			120000		
挟	tɕʰiəʔ5*	qiek5*	xie2	赣			120000		
挠	lau2	lau2	nao2	赣			109311		
挣	tɕiaŋ2	jiang2	zheng1	赣			120000		
挤	tɕie1	jie1	ji3	赣			120000		
挥	ui1	ui1	hui1	赣			120000		
挦	tɕʰien2	qien2	xian2	赣			90000		
振	tɕʰin3	qin3	zhen4	赣			120000		
挲	θa1*	sa1*	sa1	赣			120000		
挼	lo2	lo2	rua2	赣			120000		
捉	tɕio1	jio1	zhuo1	赣			120000		
捋	lɔʔ5	lok5	lv3	赣			90000		
捏	ȵiəʔ5	niek5	nie1	赣			120000		
捞	lau1	lau1	lao1	赣			145000		
捡	tɕien3	jien3	jian3	赣			120000		
捧	pun1	bun1	peng3	赣			120000		
捶	tɕiɔi3	jioi3	chui2	赣			120000		
捷	tɕʰiəʔ5*	qiek5*	jie2	赣			120000		
捽	tɕiɔʔ5	jiok5	zuo2	赣			120000		
掀	θɔn1	son1	xian1	赣			120000		
掀	θɔn2	son2	xian1	赣			120000		
掇	tɔʔ5	dok5	duo1	赣			132650		
授	θiu2	siu2	shou4	赣			145000		
掉	tʰiəu4	tieu4	diao4	赣			120000		
掐	kʰaʔ5*	kak5*	qia1	赣			120000		
排	pɔi2	boi2	pai2	赣			175000		
接	tɕiəʔ5	jiek5	jie1	赣			250000		
推	hɔi1*	hoi1*	tui1	赣			120000		
推	tʰoi1*	toi1*	tui1	赣			120000		
掺	tɕʰian1*	qian1*	can4	赣			120000		
揉	ləu1	leu1	rou2	赣			120000		
提	tʰia2	tia2	ti2	赣			120000		
插	tɕʰiaʔ5*	qiak5*	cha1	赣			120000		
揖	i1	i1	yi1	赣			90000		
援	iɔn4	yon4	yuan2	赣			120000		
揽	lan3	lan3	lan3	赣			120000		
揿	tɕʰiun3	qiun3	qin4	赣			120000		
搀	tɕʰian1*	qian1*	chan1	赣			120000		
搁	ko1	go1	ge1	赣			120000		
搂	ləu1	leu1	lou3	赣			125000		
搜	θəu1	seu1	sou1	赣			130000		
搞	kau3	gau3	gao3	赣			239085		
搣	miəʔ5	miek5	mie4	赣			120000		
搭	taʔ5	dak5	da1	赣			200000		
搽	tɕʰia2	qia2	cha2	赣			120000		
摁	en1	en1	en4	赣			120000		
摊	han1	han1	tan1	赣			120000		
摔	θɔi1	soi1	shuai1	赣			120000		
摘	tɕia1	jia1	zhai1	白			148904		
摩	ma1	ma1	mo2	赣			120000		
撂	tʰiəu4	tieu4	liao4	赣			120000		
撑	tɕʰiaŋ1	qiang1	cheng1	赣			195000		
撑	tɕʰiaŋ2	qiang2	cheng1	赣			195000		
撒	θaʔ5	sak5	sa1	赣			125000		
撕	θe1	se1	si1	赣			120000		
撞	tɕʰiɔŋ4	qiong4	zhuang4	赣			120000		
撤	pʰiəʔ5*	piek5*	che4	赣			120000		
撬	tɕʰiəu3	qieu3	qiao4	赣			120000		
播	po1	bo1	bo1	赣			175000		
撮	tɕiɔʔ5	jiok5	cuo1	赣			120000		
操	tɕʰiau1*	qieu1*	cao1	赣			150000		
擒	tɕʰin1*	qin1*	qin2	赣			120000		
擦	tɕʰiaʔ5*	qiak5*	ca1	赣			145000		
支	tɕi1	ji1	zhi1	赣			120000		
收	θiu1	siu1	shou1	赣			145000		
放	uɔŋ2	wong2	fang4	赣			370000		
政	tɕin2	jin2	zheng4	赣			120000		
效	hau4	hau4	xiao4	赣			133508		
敌	tʰiəʔ5*	tiek5*	di2	赣			120000		
敖	ŋau2	ngau2	ao2	赣			120000		
敛	tʰien3	tien3	lian3	赣			106177		
敞	tʰɔŋ3	tong3	chang3	赣			120000		
敦	tun2	dun2	dun1	赣			120000		
敲	kʰo1*	ko1*	qiao1	赣			120000		
敲	tɕʰiəu1*	qieu1*	qiao1	文			120000		
整	tɕin3	jin3	zheng3	文			120000		
敷	u1	u1	fu1	文			120000		
斋	tɕiai1	jiai1	zhai1	赣			120000		
斌	pin1	bin1	bin1	赣			120000		
料	tʰiəu4	tieu4	liao4	赣			195000		
斧	uo3	wo3	fu3	赣			120000		
斩	tɕian3	jian3	zhan3	赣			125000		
断	hɔn3	hon3	duan4	赣			120000		
断	tun3	dun3	duan4	赣			120000		
方	uɔŋ1	uong1	fang1	赣			245000		
旅	tʰi3	ti3	lv3	赣			120000		
日	tʰiəʔ5	tiek5	ri4	文			120000		
日	ȵie1	nie1	ri4	赣			120000		
日	ȵin1	nin1	ri4	赣			120000		
日	ȵiəʔ5	niek5	ri4	赣			120000		
旨	tɕi3	ji3	zhi3	赣			120000		
早	tɕiau3	jieu3	zao3	赣			350000		
旱	hɔn4	hon4	han4	赣			120000		
旺	iɔŋ4	yong4	wang4	赣			120000		
昆	kʰun1	kun1	kun1	赣			120000		
昏	un1	un1	hun1	赣			120000		
易	ia1	ia1	yi4	赣			120000		
昨	tɕʰio1*	qio1*	zuo2	赣			120000		
昼	tɕiu2	jiu2	zhou4	赣			175000		
晃	uaŋ4	wang4	huang3	赣			120000		
晓	θəu3	seu3	xiao3	赣			145000		
晖	ui1	ui1	hui1	赣			120000		
晨	θin1	sin1	chen2	赣			125000		
智	tɕi2	ji2	zhi4	赣			120000		
暂	tɕʰian4	qian4	zan4	赣			120000		
暑	sɿ3	si3	shu3	赣			150000		
暖	lɔn3	lon3	nuan3	赣			120000		
暖	lɔŋ3	long3	nuan3	赣			120000		
暮	mu2	mu2	mu4	文			120000		
曰	iɔʔ5	iok5	yue1	赣			160000		
曹	tɕʰiau2	qieu2	cao2	赣			120000		
曾	tɕien1	jien1	ceng2	赣			120000		
曾	tɕʰien2	qien2	ceng2	赣			120000		
最	tɕioi2	jioi2	zui4	赣			370000		
月	ȵiɔʔ5	niok5	yue4	赣			120000		
服	u1	u1	fu2	赣			140000		
木	mu1	mu1	mu4	赣			125000		
未	ui4	wui4	wei4	赣			370000		
术	θɔʔ5	sok5	shu4	赣			125000		
朶	tau3	dau3	duo3	赣			120000		
杀	θaʔ5	sak5	sha1	赣			195000		
杂	tɕʰiaʔ5*	qiak5*	za2	赣			120000		
杈	tɕʰia1*	qia1*	cha1	赣			75744		
杉	θa1	sa1	shan1	赣			120000		
杌	uɔʔ5	uok5	wu4	赣			90000		
李	tʰi1*	ti1*	li3	赣			120000		
李	tʰi3	ti3	li3	赣			120000		
杏	θin3	sin3	xing4	赣			120000		
材	tɕʰiɔi2	qioi2	cai2	赣			120000		
村	tɕʰiun1	qiun1	cun1	赣			120000		
杜	tʰu4	tu4	du4	赣			120000		
束	sɿ1	si1	shu4	赣			120000		
杠	kɔŋ2	gong2	gang1	赣			125000		
条	tʰiəu1*	tieu1*	tiao2	赣			290000		
来	lɔi2	loi2	lai2	赣			411501		
杨	iɔŋ2	yong2	yang2	赣			120000		
杭	hɔŋ2	hong2	hang2	赣			120000		
杰	tɕʰiəʔ5*	qiek5*	jie2	赣			120000		
松	θuŋ2	sung2	song1	赣			120000		
枕	tɕin3	jin3	zhen3	赣			120000		
林	tʰin2	tin2	lin2	赣			120000		
枚	mi2	mi2	mei2	赣			108485		
果	ku3	gu3	guo3	赣			120000		
枝	tɕi1	ji1	zhi1	赣			120000		
枢	sɿ1	si1	shu1	文			120000		
枣	tɕiau1*	jieu1*	zao3	赣			145000		
枫	uŋ1	ung1	feng1	赣			120000		
枸	kiəu3	gieu3	gou3	赣			90000		
柜	kʰui1*	kui1*	gui4	赣			120000		
查	tɕʰia2	qia2	cha2	赣			290000		
柳	tʰiu3	tiu3	liu3	赣			120000		
柴	tɕʰiai2	qiai2	chai2	赣			120000		
柿	ɕi4	xi4	shi4	赣			120000		
栀	tɕi1	ji1	zhi1	赣			120000		
栏	lan2	lan2	lan2	赣			120000		
栓	θɔn1	son1	shuan1	赣			120000		
校	hau4	hau4	xiao4	赣			120000		
核	he1*	he1*	he2	文			120000		
核	uɔʔ5	uok5	he2	赣			120000		
格	ka1	ga1	ge2	赣			120000		
格	ke1	ge1	ge2	文			120000		
栽	tɕiɔi1	jioi1	zai1	赣			120000		
桂	kui2	gui2	gui4	赣			120000		
桃	hau1*	hau1*	tao2	赣			120000		
桃	hau2	hau2	tao2	赣			120000		
桊	tɕiɔn2	jion2	juan4	赣			13200		
桌	tɕio1	jio1	zhuo1	赣			120000		
桑	θɔŋ1	song1	sang1	赣			120000		
桔	tɕiɔʔ5	jiok5	ju2	赣			120000		
档	tɔŋ2	dong2	dang4	赣			120000		
档	tɔŋ3	dong3	dang4	赣			120000		
桥	tɕʰiəu2	qieu2	qiao2	赣			120000		
桩	tɕiɔŋ1	jiong1	zhuang1	赣			120000		
梁	tʰiɔŋ2	tiong2	liang2	赣			120000		
梅	mi2	mi2	mei2	赣			120000		
梗	kuaŋ1	guang1	geng3	赣			120000		
梨	tʰi1*	ti1*	li2	赣			120000		
械	kʰai2	kai2	xie4	赣			145000		
梱	kʰun3	kun3	kun3	赣			120000		
检	tɕien3	jien3	jian3	赣			170000		
棕	tɕiuŋ1	jiung1	zong1	赣			120000		
棠	tʰɔŋ1*	tong1*	tang2	赣			120000		
棵	kʰo1*	ko1*	ke1	赣			120000		
椅	i3	yi3	yi3	赣			145000		
植	tɕʰiəʔ5*	qiek5*	zhi2	赣			128000		
椭	tʰo3	to3	tuo3	文			120000		
椽	tʰɔn1*	ton1*	chuan2	赣			120000		
椿	tʰun1*	tun1*	chun1	赣			120000		
楝	tʰien1	tien1	lian4	赣			90000		
楷	kʰɔi3	koi3	kai3	赣			120000		
榄	lan3	lan3	lan3	赣			100687		
榔	lɔŋ2	long2	lang2	赣			120000		
榜	pʰɔŋ3	pong3	bang3	赣			120000		
榨	tɕia2	jia2	zha4	赣			120000		
榴	tʰiu2	tiu2	liu2	赣			120000		
槁	kau1*	gau1*	gao3	赣			120000		
槛	kan2	gan2	kan3	赣			120000		
槠	tsɿ1	zi1	zhu1	赣			120000		
槽	tɕʰiau2	qieu2	cao2	赣			145000		
模	mu1*	mu1*	mo2	赣			170000		
横	hen1*	hen1*	heng2	赣			120000		
横	uaŋ3	wang3	heng2	赣			120000		
橛	tɕiɔʔ5	jiok5	jue2	赣			120000		
橱	tsʰɿ1*	ci1*	chu2	赣			145000		
橹	lu3	lu3	lu3	赣			90000		
次	tsʰɿ3	ci3	ci4	赣			120000		
欢	uɔn1	uon1	huan1	赣			120000		
欧	əu1	eu1	ou1	赣			145000		
欲	iu1	iu1	yu4	赣			120000		
歉	tɕʰien2	qien2	qian4	赣			120000		
止	tɕi3	ji3	zhi3	赣			145000		
正	taŋ1*	dang1*	zheng4	赣			120000		
正	tɕin2	jin2	zheng4	赣			120000		
歹	tai3	dai3	dai3	赣			120000		
死	θa1	sa1	si3	赣			370000		
殊	sɿ1	si1	shu1	文			120000		
残	tɕʰian2	qian2	can2	赣			120000		
殖	tɕʰiəʔ5*	qiek5*	zhi2	赣			120000		
段	tʰɔn4	ton4	duan4	赣			220000		
殿	tʰien2	tien2	dian4	赣			120000		
毁	ui3	wui3	hui3	赣			120000		
毒	tʰu1*	tu1*	du2	赣			145000		
毕	piəʔ5	biek5	bi4	赣			120000		
毛	mau1*	mau1*	mao2	赣			120000		
毫	hau2	hau2	hao2	赣			120000		
氓	mɔŋ2	mong2	mang2	赣			120000		
氢	tɕʰin1*	qin1*	qing1	赣			120000		
氧	iɔŋ3	yong3	yang3	赣			120000		
水	θoi3	soi3	shui3	赣			220000		
汁	tɕiəʔ5	jiek5	zhi1	赣			120000		
汆	tɕʰiɔn1*	qion1*	cuan1	赣			120000		
汇	ui4	wui4	hui4	赣			145000		
汉	hɔn4	hon4	han4	赣			125000		
汕	θen2	sen2	shan4	赣			120000		
汗	hɔn4	hon4	han4	赣			120000		
汤	hɔŋ1*	hong1*	tang1	赣			120000		
沉	tɕʰin2	qin2	chen2	赣			120000		
沕	mi4	mi4	mi4	赣			120000		
没	mɔʔ5	mok5	mei2	赣			120000		
沤	əu2	eu2	ou1	赣			120000		
沥	tʰiəʔ5	tiek5	li4	赣			120000		
河	ho2	ho2	he2	赣			145000		
治	tɕʰi4	qi4	zhi4	赣			120000		
沼	təu1	deu1	zhao3	赣			109461		
泄	θa4	sa4	xie4	赣			120000		
泌	miəʔ5	miek5	mi4	赣			120000		
法	uaʔ5	uak5	fa3	赣			120000		
泛	uan2	wan2	fan4	赣			155293		
泡	pʰau4	pau4	pao4	赣			170000		
泡	pʰu2	pu2	pao4	赣			170000		
泳	iuŋ3	yung3	yong3	赣			125000		
泵	pʰɔŋ4	pong4	beng4	赣			120000		
洁	tɕʰiəʔ5*	qiek5*	jie2	赣			120000		
洇	in2	yin2	yin1	赣			90000		
洛	lo1	lo1	luo4	赣			120000		
洪	uŋ2	wng2	hong2	赣			120000		
洲	tɕiu1	jiu1	zhou1	赣			170000		
活	uɔʔ5	uok5	huo2	赣			220000		
流	tʰiu2	tiu2	liu2	赣			300000		
流	tʰiu4	tiu4	liu2	赣			300000		
测	tɕie1	jie1	ce4	赣			120000		
测	tɕʰie1*	qie1*	ce4	赣			120000		
浑	un1	un1	hun2	赣			120000		
浒	u3	wu3	hu3	赣			90000		
浙	təʔ5	dek5	zhe4	赣			120000		
浩	hau2	hau2	hao4	赣			103401		
浮	pʰau2	pau2	fu2	赣			120000		
浮	u2	wu2	fu2	赣			120000		
浮	uəu2	weu2	fu2	赣			120000		
海	hɔi3	hoi3	hai3	赣			240000		
涅	ȵiəʔ5	niek5	nie4	赣			120000		
涕	tʰi2	ti2	ti4	赣			120000		
淀	tʰien4	tien4	dian4	赣			120000		
淋	tʰin2	tin2	lin2	赣			145000		
淡	han3	han3	dan4	赣			120000		
淬	tɕʰi4	qi4	cui4	赣			120000		
淬	tɕʰie4	qie4	cui4	赣			120000		
淮	uai2	wai2	huai2	赣			120000		
混	un4	wen4	hun4	赣			275000		
清	tɕʰiaŋ1	qiang1	qing1	赣			120000		
渝	i4	yi4	yu2	赣			120000		
渝	y2	yu2	yu2	文			120000		
渝	y4	yu4	yu2	赣			120000		
渠	ke1	ge1	qu2	赣			120000		
渡	tʰu4	tu4	du4	赣			120000		
渣	tɕia1	jia1	zha1	赣			120000		
湖	u2	wu2	hu2	赣			145000		
溃	kʰui2	kui2	kui4	赣			120000		
溅	tɕʰian4	qian4	jian4	赣			132706		
溜	tʰiu1	tiu1	liu1	赣			120000		
溜	tʰiu4	tiu4	liu1	赣			120000		
溪	ɕi1	xi1	xi1	文			145000		
溶	iuŋ2	yung2	rong2	赣			120000		
溻	ta3	da3	ta1	赣			120000		
滔	tʰau2	tau2	tao1	赣			120000		
满	mɔn3	mon3	man3	赣			225000		
滤	tʰi4	ti4	lv4	赣			120000		
滴	tʰiəʔ5	tiek5	di1	赣			120000		
漂	pʰiəu1*	pieu1*	piao1	赣			145000		
漂	pʰiəu3	pieu3	piao1	赣			145000		
漠	mo1	mo1	mo4	赣			120000		
漩	tɕʰien4	qien4	xuan2	赣			120000		
潇	θəu1	seu1	xiao1	赣			120000		
潘	pʰan1*	pan1*	pan1	赣			120000		
潦	tʰiəu2	tieu2	lao3	赣			120000		
澡	tɕiau3	jieu3	zao3	赣			120000		
澳	ŋau4	ngau4	ao4	赣			120000		
濂	tʰien2	tien2	lian2	赣			120000		
火	uo3	wo3	huo3	赣			120000		
灭	miəʔ5	miek5	mie4	赣			120000		
灰	uɔi1	uoi1	hui1	赣			120000		
灵	tʰin2	tin2	ling2	赣			120000		
灾	tɕiɔi1	jioi1	zai1	赣			120000		
灿	tɕʰian4	qian4	can4	赣			103060		
炆	un2	wen2	wen2	赣			120000		
炊	tɕʰioi1*	qioi1*	chui1	赣			120000		
炎	ien4	yen4	yan2	赣			120000		
炒	tɕʰiau3	qieu3	chao3	赣			155000		
炕	kʰɔŋ3	kong3	kang4	赣			120000		
炖	tun1	dun1	dun4	赣			90000		
炙	ta1	da1	zhi4	赣			90000		
炭	han2	han2	tan4	赣			120000		
炳	pin3	bin3	bing3	赣			120000		
炸	tɕia2	jia2	zha4	赣			170000		
点	tʰien3	tien3	dian3	赣			370000		
炼	tʰien4	tien4	lian4	赣			120000		
烈	tʰiəʔ5	tiek5	lie4	赣			120000		
烘	uŋ1	ung1	hong1	赣			120000		
烙	lau4	lau4	lao4	赣			120000		
烙	lo1	lo1	lao4	赣			120000		
烦	uan2	wan2	fan2	赣			120000		
热	ȵiəʔ5	niek5	re4	赣			145000		
烽	uŋ1	ung1	feng1	赣			120000		
焉	ȵien1	nien1	yan1	赣			120000		
焊	hɔn4	hon4	han4	赣			120000		
焖	mun4	mun4	men4	赣			120000		
焘	tʰau2	tau2	dao4	赣			120000		
焯	tʰo1*	to1*	chao1	赣			73647		
煅	tɔn2	don2	duan4	赣			120000		
煌	uɔŋ2	wong2	huang2	赣			120000		
煞	θaʔ5	sak5	sha1	赣			120000		
煠	θaʔ5	sak5	zha2	赣			120000		
煤	mi2	mi2	mei2	赣			145000		
煨	ui1	ui1	wei1	赣			95000		
煨	uɔi1	uoi1	wei1	赣			95000		
煺	tʰoi2	toi2	tui4	赣			120000		
煽	θen1	sen1	shan1	赣			120000		
熟	sɿ1	si1	shu2	赣			150000		
熨	iɔʔ5	iok5	yun4	赣			120000		
熨	oi1	oi1	yun4	赣			120000		
燃	len2	len2	ran2	赣			120000		
燎	tʰiəu2	tieu2	liao2	赣			90000		
燥	tɕiau1	jieu1	zao4	赣			120000		
爁	lan3	lan3	lan4	赣			120000		
爆	pʰau4	pau4	bao4	赣			170000		
爪	tɕiau3	jieu3	zhao3	赣			120000		
爱	ŋɔi2	ngoi2	ai4	赣			145000		
父	u4	wu4	fu4	文			120000		
爸	pa3	ba3	ba4	赣			120000		
牚	tɕʰiaŋ2	qiang2	cheng1	赣			120000		
牡	mu3	mu3	mu3	文			120000		
牧	mu1	mu1	mu4	赣			120000		
物	mɔʔ5	mok5	wu4	赣			205100		
物	uɔʔ5	uok5	wu4	赣			205100		
牯	ku1	gu1	gu3	赣			90000		
牲	θen1	sen1	sheng1	赣			120000		
犁	tʰi2	ti2	li2	赣			120000		
犯	uan4	wan4	fan4	赣			120000		
状	tɕʰiɔŋ4	qiong4	zhuang4	赣			120000		
狐	u2	wu2	hu2	赣			120000		
狗	kiəu3	gieu3	gou3	赣			125000		
狠	hen3	hen3	hen3	赣			120000		
独	tʰu1*	tu1*	du2	赣			120000		
狭	haʔ5*	hak5*	xia2	赣			145000		
狲	θun1	sun1	sun1	赣			72018		
猎	tʰiəʔ5	tiek5	lie4	赣			145000		
猖	tʰɔŋ1*	tong1*	chang1	赣			120000		
猛	maŋ3	mang3	meng3	赣			120000		
猛	muŋ3	mung3	meng3	赣			120000		
猜	tɕʰiai1*	qiai1*	cai1	赣			235000		
猫	miəu1	mieu1	mao1	赣			120000		
献	θen2	sen2	xian4	赣			120000		
猴	həu2	heu2	hou2	赣			120000		
獭	tʰaʔ5*	tak5*	ta3	赣			90000		
玄	θɔn2	son2	xuan2	赣			120000		
玉	y1	yu1	yu4	文			145000		
玉	ȵiu1	niu1	yu4	白			145000		
玩	uan3	wan3	wan2	赣			120000		
环	uan2	wan2	huan2	赣			120000		
玲	tʰin2	tin2	ling2	赣			120000		
珍	tɕin1	jin1	zhen1	赣			120000		
珠	tsɿ1	zi1	zhu1	赣			145000		
理	tʰi3	ti3	li3	赣			150000		
瑞	loi3	loi3	rui4	赣			154739		
璃	tʰi2	ti2	li2	赣			120000		
璨	tɕʰian4	qian4	can4	赣			120000		
瓦	ua3	wa3	wa3	赣			120000		
甑	tɕien2	jien2	zeng4	赣			120000		
甩	θai3	sai3	shuai3	赣			145000		
甲	kaʔ5	gak5	jia3	赣			130000		
画	ua4	wa4	hua4	赣			145000		
留	tʰiu2	tiu2	liu2	赣			175000		
番	uan1	uan1	fan1	赣			145000		
畴	tɕʰiu1*	qiu1*	chou2	赣			120000		
疖	tɕiəʔ5	jiek5	jie1	赣			120000		
疗	tʰiəu2	tieu2	liao2	赣			100732		
疫	iɔʔ5	iok5	yi4	赣			120000		
疮	tɕʰiɔŋ1*	qiong1*	chuang1	赣			145000		
疯	uŋ1	ung1	feng1	赣			120000		
症	tɕin2	jin2	zheng4	赣			120000		
痢	tʰi4	ti4	li4	赣			120000		
痣	tɕi2	ji2	zhi4	赣			120000		
痧	θa1	sa1	sha1	赣			120000		
痨	lau2	lau2	lao2	赣			90000		
痹	pi2	bi2	bi4	赣			120000		
瘤	tʰiu2	tiu2	liu2	赣			120000		
瘫	tʰan1*	tan1*	tan1	赣			120000		
瘸	kʰue2	kue2	que2	赣			120000		
瘾	in3	yin3	yin3	赣			120000		
癌	ŋai2	ngai2	ai2	赣			120000		
癞	laʔ5	lak5	lai4	赣			90000		
癣	θen3	sen3	xuan3	赣			120000		
癫	tʰien1	tien1	dian1	赣			90000		
的	tʰiəʔ5	tiek5	de5	官			370000		
皇	uɔŋ2	wong2	huang2	赣			120000		
皱	tɕiəu2	jieu2	zhou4	赣			120000		
皲	tɕiɔn1	jion1	jun1	赣			90000		
盏	tɕian3	jian3	zhan3	赣			120000		
盒	hɔʔ5*	hok5*	he2	赣			120000		
盗	həu2	heu2	dao4	赣			120000		
盟	muŋ2	mung2	meng2	赣			120000		
目	mu1	mu1	mu4	赣			200000		
盯	tʰiaŋ1	tiang1	ding1	赣			120000		
直	tɕiəʔ5	jiek5	zhi2	赣			210000		
直	tɕʰiəʔ5*	qiek5*	zhi2	赣			210000		
相	θɔŋ2	song2	xiang1	赣			120000		
眉	mi2	mi2	mei2	赣			120000		
看	kʰɔn1*	kon1*	kan4	赣			370000		
真	tɕin1	jin1	zhen1	赣			120000		
眩	θun1	sun1	xuan4	赣			120000		
眯	mi1	mi1	mi1	赣			120000		
眼	ŋan1*	ngan1*	yan3	赣			370000		
眼	ŋan3	ngan3	yan3	赣			370000		
着	tau1	dau1	zhe5	赣			120000		
着	tʰo1*	to1*	zhe5	赣			120000		
着	tʰo2	to2	zhe5	赣			120000		
睁	tɕiaŋ1	jiang1	zheng1	赣			120000		
睡	θoi2	soi2	shui4	赣			120000		
睬	tɕʰiɔi3	qioi3	cai3	赣			120000		
瞄	miəu2	mieu2	miao2	赣			120000		
瞎	haʔ5*	hak5*	xia1	赣			245000		
瞬	θun2	sun2	shun4	赣			104126		
知	tɕi1	ji1	zhi1	赣			185000		
矬	tɕʰio2	qio2	cuo2	赣			120000		
短	tɔn3	don3	duan3	赣			120000		
石	θəʔ5	sek5	shi2	文			120000		
矺	tɕia1	jia1	zhe2	赣			120000		
矾	uan2	wan2	fan2	赣			120000		
砂	θa1	sa1	sha1	赣			107184		
砖	tɔn1	don1	zhuan1	赣			160000		
砣	tʰo2	to2	tuo2	赣			120000		
砧	tɕien1	jien1	zhen1	赣			90000		
砻	luŋ4	lung4	long2	赣			120000		
硅	kui1	gui1	gui1	赣			120000		
硙	kʰai4	kai4	wei2	赣			120000		
硝	θəu1	seu1	xiao1	赣			170000		
硫	tʰiu2	tiu2	liu2	赣			195000		
硭	mɔŋ2	mong2	mang2	赣			120000		
确	kʰo1*	ko1*	que4	赣			190000		
碉	tʰiəu1	tieu1	diao1	赣			120000		
碍	ŋai3	ngai3	ai4	赣			120000		
碍	ŋɔi2	ngoi2	ai4	赣			120000		
碎	θɔi2	soi2	sui4	赣			120000		
碘	tʰien3	tien3	dian3	赣			120000		
磅	pʰɔŋ4	pong4	bang4	赣			120000		
磊	loi3	loi3	lei3	赣			120000		
磕	kʰo1*	ko1*	ke1	赣			120000		
磺	uɔŋ2	wong2	huang2	赣			120000		
礁	tɕiəu1	jieu1	jiao1	赣			120000		
示	ɕi2	xi2	shi4	赣			230250		
礼	tʰi3	ti3	li3	赣			145000		
社	θe4	se4	she4	文			120000		
祸	ho4	ho4	huo4	赣			120000		
禄	lu1	lu1	lu4	赣			105782		
福	u1	u1	fu2	赣			120000		
离	tʰi2	ti2	li2	赣			370000		
秘	miəʔ5	miek5	mi4	赣			145000		
秤	tɕʰin2	qin2	cheng4	赣			130000		
秩	tɕʰiəʔ5*	qiek5*	zhi4	赣			125000		
称	tɕʰin1*	qin1*	cheng1	赣			130000		
称	tɕʰin2	qin2	cheng1	赣			130000		
程	tɕʰin2	qin2	cheng2	赣			120000		
税	θoi2	soi2	shui4	赣			220000		
穆	mu1	mu1	mu4	赣			120000		
穴	θɔʔ5	sok5	xue2	赣			120000		
穿	tʰɔn1*	ton1*	chuan1	赣			120000		
突	tʰɔʔ5*	tok5*	tu1	赣			185000		
窗	tɕʰiɔŋ1*	qiong1*	chuang1	赣			125000		
窜	tɕʰiɔn1*	qion1*	cuan4	赣			170000		
窟	kʰuɔʔ5*	kuok5*	ku1	赣			120000		
立	tʰiəʔ5	tiek5	li4	赣			175000		
竖	θoi3	soi3	shu4	赣			120000		
站	tɕian2	jian2	zhan4	赣			125000		
站	tɕʰian4	qian4	zhan4	赣			125000		
竟	tɕin2	jin2	jing4	赣			106930		
笔	piəʔ5	biek5	bi3	赣			125000		
笛	pʰiəʔ5*	piek5*	di2	赣			120000		
笠	tʰi1	ti1	li4	文			90000		
笠	tʰiəʔ5	tiek5	li4	赣			90000		
符	u4	wu4	fu2	赣			120000		
筅	θen3	sen3	xian3	赣			120000		
筐	kʰuaŋ1*	kuang1*	kuang1	赣			105363		
筒	tʰuŋ3	tung3	tong3	赣			120000		
答	taʔ5	dak5	da2	赣			145000		
筛	sɿ1	si1	shai1	赣			120000		
筲	θau1	sau1	shao1	赣			90000		
箕	tɕi1	ji1	ji1	赣			120000		
算	pʰi4	pi4	suan4	赣			370000		
算	θɔn2	son2	suan4	赣			370000		
箝	tɕʰien2	qien2	qian2	赣			120000		
箫	θəu1	seu1	xiao1	赣			145000		
篆	tʰɔn4	ton4	zhuan4	赣			90000		
篾	miəʔ5	miek5	mie4	赣			73133		
簧	uɔŋ2	wong2	huang2	赣			120000		
籰	io1	io1	yue4	赣			5388		
籴	tʰia1*	tia1*	di2	赣			77211		
类	loi4	loi4	lei4	赣			310000		
籽	tsɿ3	zi3	zi3	赣			103974		
粉	un3	wen3	fen3	赣			120000		
粒	tʰiəʔ5	tiek5	li4	赣			120000		
粤	iɔʔ5	iok5	yue4	赣			145000		
粪	un2	wen2	fen4	赣			120000		
粮	tʰiɔŋ2	tiong2	liang2	赣			120000		
粱	tʰiɔŋ2	tiong2	liang2	赣			120000		
粹	tɕʰioi2	qioi2	cui4	赣			120000		
粽	tɕiuŋ2	jiung2	zong4	赣			90000		
糊	u1*	u1*	hu2	赣			120000		
糊	u2	wu2	hu2	赣			120000		
糖	hɔŋ2	hong2	tang2	赣			120000		
糟	tɕiau1	jieu1	zao1	赣			120000		
糯	lo1	lo1	nuo4	赣			120000		
紽	tʰo2	to2	tuo2	赣			120000		
繁	uan2	wan2	fan2	赣			125000		
繑	tɕʰiəu1*	qieu1*	qiao1	赣			120000		
红	uŋ2	wng2	hong2	赣			140000		
纳	laʔ5	lak5	na4	赣			145000		
纶	lun2	lun2	lun2	赣			120000		
纸	tɕi3	ji3	zhi3	赣			120000		
纺	uɔŋ3	wong3	fang3	赣			120000		
练	tʰien4	tien4	lian4	赣			120000		
织	tɕiəʔ5	jiek5	zhi1	赣			120000		
绊	pan2	ban2	ban4	赣			101835		
经	tɕiaŋ1	jiang1	jing1	赣			120000		
结	tɕiəʔ5	jiek5	jie2	赣			130000		
绘	ui4	wui4	hui4	赣			102358		
络	lo1	lo1	luo4	赣			120000		
绝	tɕʰiɔʔ5*	qiok5*	jue2	赣			120000		
维	ui2	wui2	wei2	赣			120000		
绷	paŋ1	bang1	beng1	赣			145000		
绸	tɕʰiu2	qiu2	chou2	赣			125000		
绺	tʰiu4	tiu4	liu3	赣			72503		
综	tɕiuŋ1	jiung1	zong1	赣			120000		
绾	uan3	wan3	wan3	赣			120000		
绿	tʰiu1	tiu1	lv4	赣			146800		
缆	lan3	lan3	lan3	赣			108723		
缎	tʰɔn4	ton4	duan4	赣			120000		
缓	uɔn3	won3	huan3	赣			120000		
编	pʰien1*	pien1*	bian1	赣			295000		
缝	uŋ4	wng4	feng4	赣			120000		
缠	tʰen1*	ten1*	chan2	赣			125000		
缩	θo1	so1	suo1	赣			145000		
缺	tɕʰiɔʔ5*	qiok5*	que1	赣			200000		
罚	uaʔ5	uak5	fa2	赣			150000		
罩	tɕiau2	jieu2	zhao4	赣			120000		
罪	tɕʰioi4	qioi4	zui4	赣			120000		
置	tɕi2	ji2	zhi4	赣			120000		
罽	ke2	ge2	ji4	赣			120000		
羞	θiu1	siu1	xiu1	赣			145000		
羡	θen2	sen2	xian4	赣			102922		
羹	kaŋ1	gang1	geng1	赣			120000		
翘	tɕʰiəu1*	qieu1*	qiao4	赣			145000		
翘	tɕʰiəu2	qieu2	qiao4	赣			145000		
翠	tɕʰioi2	qioi2	cui4	赣			120000		
翻	uan1	uan1	fan1	赣			220000		
老	lau3	lau3	lao3	赣			370000		
而	oi2	oi2	er2	赣			393233		
耕	kien1	gien1	geng1	文			120000		
耖	tɕʰiau1*	qieu1*	chao4	赣			120000		
耗	hau2	hau2	hao4	赣			120000		
耙	pʰa2	pa2	ba4	赣			120000		
耳	oi3	oi3	er3	赣			120000		
耻	tɕʰi3	qi3	chi3	文			120000		
聊	tʰiəu2	tieu2	liao2	赣			155000		
职	tɕiəʔ5	jiek5	zhi2	赣			120000		
联	tʰien2	tien2	lian2	赣			195000		
聪	tɕʰiuŋ1*	qiung1*	cong1	赣			120000		
肇	tɕiau2	jieu2	zhao4	赣			5319		
肉	ȵiu1	niu1	rou4	赣			170000		
肋	le1	le1	le1	赣			120000		
肖	θəu1	seu1	xiao4	赣			120000		
肘	təu3	deu3	zhou3	赣			120000		
肢	tɕi1	ji1	zhi1	赣			120000		
肤	u1	u1	fu1	赣			107042		
肥	ui2	wui2	fei2	赣			145000		
肯	kʰien1*	kien1*	ken3	赣			120000		
育	iu1	iu1	yu4	赣			120000		
肺	ui2	wui2	fei4	赣			120000		
胁	θəʔ5	sek5	xie2	赣			120000		
胃	ui4	wui4	wei4	赣			120000		
背	pi1	bi1	bei4	赣			120000		
背	pɔi2	boi2	bei4	赣			120000		
背	pʰɔi4	poi4	bei4	赣			120000		
胖	pʰɔŋ4	pong4	pang4	赣			102768		
胗	tɕʰin1*	qin1*	zhen1	赣			120000		
胡	u2	wu2	hu2	赣			120000		
脆	tɕʰioi2	qioi2	cui4	赣			120000		
脉	me1	me1	mai4	赣			120000		
脊	tɕia1	jia1	ji2	白			120000		
脊	tɕiəʔ5	jiek5	ji2	文			120000		
脐	tɕi1	ji1	qi2	赣			120000		
脱	hɔʔ5*	hok5*	tuo1	赣			120000		
脱	tʰɔʔ5*	tok5*	tuo1	赣			120000		
脸	tʰien3	tien3	lian3	赣			145000		
腊	laʔ5	lak5	la4	赣			120000		
腐	u3	wu3	fu3	赣			120000		
腹	u1	u1	fu4	赣			120000		
腻	ȵi2	ni2	ni4	赣			120000		
腻	ȵia2	nia2	ni4	赣			120000		
腿	hɔi1*	hoi1*	tui3	赣			120000		
腿	hɔi3	hoi3	tui3	赣			120000		
膀	pʰɔŋ3	pong3	bang3	赣			120000		
膊	pʰu2	pu2	bo2	白			120000		
膘	piəu1	bieu1	biao1	赣			90000		
膛	tʰɔŋ2	tong2	tang2	赣			120000		
膜	mo1	mo1	mo2	赣			120000		
膝	θe1	se1	xi1	赣			120000		
臂	pi2	bi2	bi4	赣			120000		
臌	ku3	gu3	gu3	赣			120000		
自	tsʰɿ3	ci3	zi4	赣			205000		
臭	tɕʰiu2	qiu2	chou4	赣			165000		
至	tɕi2	ji2	zhi4	赣			125000		
致	tɕi2	ji2	zhi4	赣			175000		
舌	θəʔ5	sek5	she2	赣			145000		
舜	θun2	sun2	shun4	赣			77305		
舟	tɕiu1	jiu1	zhou1	赣			120000		
航	hɔŋ2	hong2	hang2	赣			120000		
舱	tɕʰiɔŋ1*	qiong1*	cang1	赣			120000		
舵	tʰo2	to2	duo4	赣			120000		
舷	θen2	sen2	xian2	赣			170000		
船	θɔn2	son2	chuan2	赣			120000		
良	tʰiɔŋ2	tiong2	liang2	赣			145000		
色	θe1	se1	se4	赣			150000		
艾	ŋai2	ngai2	ai4	赣			145000		
节	tɕiəʔ5	jiek5	jie2	赣			135000		
芋	oi1	oi1	yu4	赣			120000		
芍	θo1	so1	shao2	赣			75877		
芝	tɕi1	ji1	zhi1	赣			120000		
芬	un1	un1	fen1	赣			120000		
花	ua1	ua1	hua1	赣			170000		
花	ua2	wa2	hua1	赣			170000		
芳	uɔŋ1	uong1	fang1	赣			120000		
芽	ŋa1*	nga1*	ya2	赣			120000		
苋	han4	han4	xian4	赣			90000		
苍	tɕʰiɔŋ1*	qiong1*	cang1	赣			120000		
苎	tsʰɿ3	ci3	zhu4	赣			4818		
苔	tʰɔi1*	toi1*	tai2	赣			120000		
苞	pau1	bau1	bao1	赣			120000		
苹	pʰin2	pin2	ping2	赣			160000		
范	uan4	wan4	fan4	赣			120000		
茅	mau2	mau2	mao2	赣			120000		
茶	tɕʰia2	qia2	cha2	赣			120000		
草	tɕʰiau3	qieu3	cao3	赣			120000		
荒	uɔŋ1	uong1	huang1	赣			120000		
荔	tʰi4	ti4	li4	赣			145000		
荚	tɕiəʔ5	jiek5	jia2	赣			120000		
荞	tɕʰiəu2	qieu2	qiao2	赣			90000		
荡	hɔŋ3	hong3	dang4	赣			120000		
荣	iuŋ2	yung2	rong2	赣			120000		
荣	luŋ2	lung2	rong2	赣			120000		
荤	un1	un1	hun1	赣			120000		
荨	tɕʰien2	qien2	xun2	赣			120000		
荷	ho2	ho2	he2	赣			120000		
荸	pʰe1*	pe1*	bi2	赣			120000		
莎	θa1	sa1	sha1	赣			120000		
莓	mi2	mi2	mei2	赣			120000		
莝	tɕʰio2	qio2	cuo4	赣			120000		
莲	tʰien2	tien2	lian2	赣			120000		
获	uɔʔ5	uok5	huo4	赣			120000		
菇	ku1	gu1	gu1	赣			120000		
菌	tɕiun2	jiun2	jun1	赣			100933		
菜	tɕʰiɔi2	qioi2	cai4	赣			225000		
菱	tʰin1*	tin1*	ling2	赣			120000		
萁	tɕi1	ji1	qi2	赣			120000		
萝	lo2	lo2	luo2	赣			120000		
营	iun2	yun2	ying2	赣			120000		
萧	θəu1	seu1	xiao1	赣			120000		
萨	θa2	sa2	sa4	赣			125000		
落	lo1	lo1	luo4	赣			120000		
葛	kɔʔ5	gok5	ge2	赣			120000		
葡	pʰu2	pu2	pu2	赣			120000		
葫	u2	wu2	hu2	赣			120000		
葬	tɕiɔŋ2	jiong2	zang4	赣			120000		
葱	tɕʰiuŋ1*	qiung1*	cong1	赣			120000		
葵	kʰui1*	kui1*	kui2	赣			120000		
蒂	tʰi2	ti2	di4	赣			120000		
蒙	maŋ1	mang1	meng2	赣			120000		
蒙	mu1*	mu1*	meng2	赣			120000		
蒙	muŋ1	mung1	meng2	赣			120000		
蒜	θɔn2	son2	suan4	赣			120000		
蒸	tɕin1	jin1	zheng1	赣			120000		
蓄	tɕʰiu1*	qiu1*	xu4	赣			120000		
蓉	luŋ2	lung2	rong2	赣			120000		
蓑	θɔi1*	soi1*	suo1	赣			95000		
蓬	pʰuŋ1*	pung1*	peng2	赣			120000		
蔑	miəʔ5	miek5	mie4	赣			120000		
蔡	tɕʰiai2	qiai2	cai4	赣			120000		
蔸	təu1	deu1	dou1	赣			120000		
蕃	uan1	uan1	fan1	赣			120000		
蕻	uŋ2	wng2	hong2	赣			74826		
薇	ui1	ui1	wei1	赣			120000		
薮	θəu3	seu3	sou3	赣			120000		
薸	pʰiəu2	pieu2	piao2	赣			5491		
藏	tɕʰiɔŋ2	qiong2	cang2	赣			145000		
藤	hen2	hen2	teng2	赣			120000		
藩	uan1	uan1	fan1	赣			90000		
蘸	tɕian2	jian2	zhan4	赣			90000		
虎	u3	wu3	hu3	赣			120000		
虑	tʰi4	ti4	lv4	赣			126565		
虽	θoi1	soi1	sui1	文			120000		
虾	ha2	ha2	xia1	赣			170000		
蚁	ȵi1*	ni1*	yi3	赣			120000		
蚂	ma3	ma3	ma3	赣			120000		
蚊	men1	men1	wen2	赣			120000		
蚌	pʰɔŋ4	pong4	bang4	赣			120000		
蚓	in3	yin3	yin3	赣			120000		
蚕	tɕʰian2	qian2	can2	赣			120000		
蚜	ŋa2	nga2	ya2	文			120000		
蚤	tɕiau3	jieu3	zao3	赣			120000		
蚯	tɕʰiu1*	qiu1*	qiu1	赣			120000		
蚱	tɕie1	jie1	zha4	赣			120000		
蛉	tʰin2	tin2	ling2	赣			120000		
蛔	ɔi2	oi2	hui2	赣			90000		
蛤	kɔʔ5	gok5	ha2	赣			120000		
蛾	ŋa1	nga1	e2	白			120000		
蜂	uŋ1	ung1	feng1	赣			120000		
蜕	hɔi2	hoi2	tui4	赣			120000		
蜕	tʰoi2	toi2	tui4	赣			120000		
蝇	in1*	in1*	ying2	赣			120000		
蝗	uɔŋ2	wong2	huang2	赣			120000		
蝴	u2	wu2	hu2	赣			120000		
蝶	tʰiəʔ5*	tiek5*	die2	赣			120000		
螕	pʰi2	pi2	bi1	赣			120000		
螟	min3	min3	ming2	赣			120000		
蟹	kʰuai2	kuai2	xie4	赣			120000		
血	θɔʔ5	sok5	xue4	赣			170000		
行	haŋ2	hang2	xing2	赣			270000		
行	hen2	hen2	xing2	赣			270000		
行	hɔŋ2	hong2	xing2	赣			270000		
衔	han2	han2	xian2	赣			120000		
衡	hen2	hen2	heng2	赣			120000		
衰	θɔi1	soi1	shuai1	赣			120000		
袋	hɔi4	hoi4	dai4	赣			120000		
袖	tɕʰiu2	qiu2	xiu4	赣			120000		
袜	uaʔ5	uak5	wa4	赣			120000		
裁	tɕʰiɔi2	qioi2	cai2	赣			120000		
裂	tʰiəʔ5	tiek5	lie4	赣			120000		
装	tɕiɔŋ1	jiong1	zhuang1	赣			123600		
裆	tɔŋ1	dong1	dang1	赣			90000		
裌	kaʔ5	gak5	jia2	赣			4925		
裕	y2	yu2	yu4	文			120000		
裟	θa1	sa1	sha1	赣			120000		
裳	θɔŋ1	song1	shang5	赣			120000		
裸	lo3	lo3	luo3	赣			200000		
褂	kua2	gua2	gua4	赣			120000		
褡	taʔ5	dak5	da1	赣			120000		
褪	tʰoi2	toi2	tui4	赣			120000		
覆	u1	u1	fu4	文			120000		
规	kui1	gui1	gui1	赣			145000		
览	lan3	lan3	lan3	赣			120000		
觑	tɕʰi1*	qi1*	qu4	赣			120000		
触	tʰu1*	tu1*	chu4	赣			120000		
誉	i2	yi2	yu4	赣			120000		
誉	y2	yu2	yu4	文			120000		
譬	pi3	bi3	pi4	赣			120000		
认	lin4	lin4	ren4	文			120000		
认	tʰin4	tin4	ren4	赣			120000		
讨	hau3	hau3	tao3	赣			120000		
让	lɔŋ4	long4	rang4	赣			370000		
论	lun2	lun2	lun4	赣			120000		
讽	uŋ3	wng3	feng3	赣			105298		
设	θəʔ5	sek5	she4	赣			120000		
访	uɔŋ3	wong3	fang3	赣			120000		
诀	tɕiɔʔ5	jiok5	jue2	赣			125000		
证	tɕin2	jin2	zheng4	赣			170000		
诊	tɕin3	jin3	zhen3	赣			120000		
词	tɕʰian3	qian3	ci2	赣			380000		
诚	tɕʰin2	qin2	cheng2	赣			120000		
话	ua4	wa4	hua4	赣			120000		
诡	kui3	gui3	gui3	赣			120000		
误	ŋ̍2	ng2	wu4	赣			160000		
诱	iu2	yiu2	you4	赣			100343		
说	θɔʔ5	sok5	shuo1	赣			469817		
诵	θuŋ2	sung2	song4	赣			120000		
读	tʰu1*	tu1*	du2	赣			370000		
课	kʰo3	ko3	ke4	赣			120000		
谁	ɕi1	xi1	shui2	赣			120000		
谁	θoi2	soi2	shui2	赣			120000		
调	tʰiəu3	tieu3	diao4	赣			370000		
调	tʰiəu4	tieu4	diao4	赣			370000		
谅	tʰiɔŋ2	tiong2	liang4	赣			120000		
谍	tʰiəʔ5*	tiek5*	die2	赣			120000		
谎	uɔŋ3	wong3	huang3	赣			120000		
谜	miəʔ5	miek5	mi2	赣			145000		
谢	θe4	se4	xie4	文			120000		
谦	tɕʰien2	qien2	qian1	赣			120000		
谭	tʰan3	tan3	tan2	赣			120000		
豁	iɔʔ5	iok5	huo1	赣			120000		
豆	həu4	heu4	dou4	赣			120000		
豉	ɕi3	xi3	shi4	赣			120000		
豪	hau2	hau2	hao2	赣			120000		
豺	tɕʰiai2	qiai2	chai2	赣			120000		
贞	tɕin1	jin1	zhen1	赣			120000		
负	u4	wu4	fu4	赣			250000		
财	tɕʰiɔi2	qioi2	cai2	赣			145000		
责	tɕie1	jie1	ze2	赣			120000		
货	uo2	wo2	huo4	赣			120000		
质	tɕiəʔ5	jiek5	zhi4	赣			177000		
贩	uan2	wan2	fan4	赣			120000		
贬	pien3	bien3	bian3	赣			120000		
购	kiəu1	gieu1	gou4	赣			120000		
贰	oi4	oi4	er4	赣			120000		
贴	tʰiəʔ5*	tiek5*	tie1	赣			120000		
贵	kui2	gui2	gui4	赣			125000		
贸	mau4	mau4	mao4	赣			120000		
费	ui4	wui4	fei4	赣			170000		
贺	ho4	ho4	he4	赣			120000		
贼	tɕʰie1*	qie1*	zei2	赣			134902		
赏	θɔŋ3	song3	shang3	赣			120000		
赚	tɕʰian4	qian4	zhuan4	赣			150000		
赞	tɕian2	jian2	zan4	赣			125000		
赡	θen4	sen4	shan4	赣			108256		
赣	kɔn2	gon2	gan4	赣			410000		
赤	tɕʰia1*	qia1*	chi4	赣			120000		
走	tɕiəu3	jieu3	zou3	赣			330000		
赶	kɔn3	gon3	gan3	赣			120000		
趄	tɕʰiɔʔ5*	qiok5*	ju1	赣			120000		
越	iɔʔ5	iok5	yue4	赣			230000		
趟	tʰɔŋ2	tong2	tang4	赣			120000		
趵	pau2	bau2	bao4	赣			120000		
趾	tɕi3	ji3	zhi3	赣			104564		
趿	tʰaʔ5*	tak5*	ta1	赣			120000		
跃	io1	io1	yue4	赣			107988		
跌	tʰiəʔ5	tiek5	die1	赣			180000		
跍	ku1	gu1	ku1	赣			120000		
跛	pe3	be3	bo3	赣			120000		
跤	kau1	gau1	jiao1	赣			120000		
跥	to2	do2	duo4	赣			120000		
跪	kʰui2	kui2	gui4	赣			120000		
路	lu4	lu4	lu4	赣			155000		
践	tɕʰien3	qien3	jian4	赣			120000		
跶	tʰaʔ5*	tak5*	da2	赣			120000		
跷	kʰau1*	kau1*	qiao1	赣			120000		
跷	tɕʰiəu1*	qieu1*	qiao1	赣			120000		
跻	tɕie3	jie3	ji1	赣			120000		
踏	tʰaʔ5*	tak5*	ta4	赣			120000		
踩	tɕʰiai3	qiai3	cai3	赣			120000		
蹩	piəʔ5	biek5	bie2	赣			120000		
躁	tɕiau2	jieu2	zao4	赣			120000		
躬	kuŋ1	gung1	gong1	赣			145000		
轧	tɕiaʔ5	jiak5	ya4	赣			120000		
轨	kui3	gui3	gui3	赣			120000		
转	tɔn2	don2	zhuan3	赣			370000		
转	tɔn3	don3	zhuan3	赣			370000		
轰	kʰuŋ2	kung2	hong1	赣			120000		
轴	tɕʰiu1*	qiu1*	zhou2	赣			120000		
轻	tɕʰiaŋ1	qiang1	qing1	赣			120000		
载	tɕiɔi2	jioi2	zai4	赣			120000		
辆	tʰiɔŋ3	tiong3	liang4	赣			104506		
辉	ui1	ui1	hui1	赣			145000		
辗	ten3	den3	nian3	赣			120000		
辣	laʔ5	lak5	la4	赣			120000		
辽	tʰiəu2	tieu2	liao2	赣			145000		
达	tʰaʔ5*	tak5*	da2	赣			175000		
迂	y1	yu1	yu1	文			120000		
过	ku2	gu2	guo4	赣			370000		
迈	ma1	ma1	mai4	赣			120000		
迈	mai4	mai4	mai4	赣			120000		
迎	in2	yin2	ying2	赣			120000		
迎	ȵiaŋ2	niang2	ying2	赣			120000		
返	uan3	wan3	fan3	赣			120000		
还	hai2	hai2	hai2	赣			120000		
违	ui2	wui2	wei2	赣			120000		
连	tʰien2	tien2	lian2	赣			280000		
迟	tɕʰi2	qi2	chi2	赣			120000		
迢	tʰiəu2	tieu2	tiao2	赣			120000		
迷	mi2	mi2	mi2	赣			145000		
迹	tɕia1	jia1	ji4	白			120000		
迹	tɕiəʔ5	jiek5	ji4	文			120000		
追	toi1	doi1	zhui1	赣			145000		
退	tʰoi2	toi2	tui4	赣			370000		
逆	ȵia1	nia1	ni4	赣			120000		
选	θɔn3	son3	xuan3	赣			240000		
透	həu3	heu3	tou4	赣			120000		
透	tʰəu2	teu2	tou4	赣			120000		
造	tɕʰiau4	qieu4	zao4	赣			370000		
逵	kʰui1*	kui1*	kui2	赣			90000		
逻	lo2	lo2	luo2	赣			120000		
逼	piəʔ5	biek5	bi1	赣			145000		
遇	y2	yu2	yu4	文			120000		
遢	taʔ5	dak5	ta4	赣			90000		
遥	iəu2	yeu2	yao2	赣			120000		
遭	tɕiau1	jieu1	zao1	赣			120000		
遮	te3	de3	zhe1	赣			120000		
遵	tɕiun1	jiun1	zun1	赣			120000		
邋	laʔ5	lak5	la1	赣			90000		
邦	pɔŋ1	bong1	bang1	赣			145000		
邱	tɕʰiu1*	qiu1*	qiu1	赣			120000		
邹	tɕiəu1	jieu1	zou1	赣			90000		
邻	tʰin2	tin2	lin2	赣			120000		
郊	kau1	gau1	jiao1	赣			120000		
郝	hau3	hau3	hao3	赣			120000		
郭	ko1	go1	guo1	赣			120000		
鄂	ŋo1	ngo1	e4	赣			120000		
酌	to1	do1	zhuo2	赣			120000		
酷	kʰu2	ku2	ku4	文			120000		
酸	θɔn1	son1	suan1	赣			120000		
酿	ȵiɔŋ2	niong2	niang4	赣			120000		
采	tɕʰiɔi3	qioi3	cai3	赣			120000		
里	tʰi3	ti3	li3	赣			205000		
野	ie3	ye3	ye3	文			370000		
量	tʰiɔŋ2	tiong2	liang4	赣			120000		
量	tʰiɔŋ4	tiong4	liang4	赣			120000		
鉴	tɕien2	jien2	jian4	赣			120000		
錾	tɕʰian4	qian4	zan4	赣			120000		
针	tɕin1	jin1	zhen1	赣			120000		
钉	tʰiaŋ1	tiang1	ding1	赣			120000		
钉	tʰiaŋ2	tiang2	ding1	赣			120000		
钓	tʰiəu2	tieu2	diao4	赣			120000		
钗	tɕʰia1*	qia1*	chai1	赣			90000		
钙	kɔi2	goi2	gai4	赣			120000		
钞	tɕʰiau1*	qieu1*	chao1	赣			120000		
钻	tɕiɔn1	jion1	zuan1	赣			124879		
钻	tɕiɔn2	jion2	zuan1	赣			124879		
钾	kaʔ5	gak5	jia3	赣			120000		
铁	tʰiəʔ5*	tiek5*	tie3	赣			150000		
铃	tʰiaŋ2	tiang2	ling2	赣			120000		
铃	tʰin2	tin2	ling2	赣			120000		
铅	iɔn2	yon2	qian1	赣			125000		
铅	tɕʰien1*	qien1*	qian1	赣			125000		
铆	mau3	mau3	mao3	赣			120000		
铐	kʰau2	kau2	kao4	赣			120000		
铝	tʰi3	ti3	lv3	赣			120000		
铡	tɕʰiaʔ5*	qiak5*	zha2	赣			90000		
铧	ua2	wa2	hua2	赣			120000		
铰	kau1	gau1	jiao3	赣			90000		
铲	tɕʰian1*	qian1*	chan3	赣			120000		
铲	tɕʰian3	qian3	chan3	赣			120000		
锉	tɕʰio2	qio2	cuo4	赣			90000		
锋	uŋ1	ung1	feng1	赣			120000		
错	tɕʰio1*	qio1*	cuo4	赣			370000		
锚	mau2	mau2	mao2	赣			120000		
锡	θa1	sa1	xi1	赣			120000		
锤	tsʰɿ2	ci2	chui2	赣			120000		
锯	ke2	ge2	ju4	赣			145000		
锻	tɔn2	don2	duan4	赣			120000		
镀	tʰu4	tu4	du4	赣			120000		
镇	tɕin2	jin2	zhen4	赣			120000		
镑	pʰɔŋ4	pong4	bang4	赣			120000		
镖	piəu1	bieu1	biao1	赣			120000		
镙	lo2	lo2	luo2	赣			120000		
镢	tɕio1	jio1	jue2	赣			78044		
镰	tʰien1*	tien1*	lian2	赣			120000		
镰	tʰien2	tien2	lian2	赣			120000		
闩	θɔn1	son1	shuan1	赣			120000		
闲	han2	han2	xian2	赣			150000		
间	ka1	ga1	jian1	赣			120000		
闸	tɕiaʔ5	jiak5	zha2	赣			120000		
闺	kui1	gui1	gui1	赣			150000		
阀	uaʔ5	uak5	fa2	赣			120000		
阁	ko1	go1	ge2	赣			120000		
阅	iɔʔ5	iok5	yue4	赣			130000		
阉	ȵien1	nien1	yan1	赣			154153		
队	toi2	doi2	dui4	赣			145000		
防	uɔŋ3	wong3	fang2	赣			170000		
阵	tɕʰin4	qin4	zhen4	赣			120000		
陂	pi1	bi1	bei1	赣			120000		
陂	pʰi2	pi2	bei1	赣			120000		
附	u4	wu4	fu4	赣			120000		
陆	tʰiu1	tiu1	lu4	赣			120000		
陈	tɕʰin2	qin2	chen2	赣			131300		
陌	ma1	ma1	mo4	赣			120000		
限	han4	han4	xian4	赣			125000		
陵	tʰin2	tin2	ling2	赣			120000		
陷	han4	han4	xian4	赣			120000		
隆	luŋ2	lung2	long2	赣			120000		
随	ɕi2	xi2	sui2	赣			120000		
隔	ka1	ga1	ge2	赣			120000		
隶	tʰi2	ti2	li4	赣			145000		
雁	ŋai2	ngai2	yan4	赣			120000		
雅	ia3	ya3	ya3	赣			145000		
雕	tʰiəu1	tieu1	diao1	赣			120000		
雨	oi3	oi3	yu3	赣			170000		
雨	y3	yu3	yu3	文			170000		
雪	θɔʔ5	sok5	xue3	赣			120000		
零	tʰiaŋ2	tiang2	ling2	赣			120000		
零	tʰin2	tin2	ling2	文			120000		
雷	loi2	loi2	lei2	赣			120000		
雹	pʰo1*	po1*	bao2	赣			120000		
震	tɕʰin3	qin3	zhen4	赣			120000		
霉	mɔi2	moi2	mei2	赣			120000		
霍	uo1	uo1	huo4	赣			120000		
霍	uo4	wo4	huo4	赣			120000		
霓	ȵi2	ni2	ni2	文			120000		
霞	θa1*	sa1*	xia2	赣			170000		
露	lu2	lu2	lu4	赣			130000		
霸	pa2	ba2	ba4	赣			120000		
青	tɕʰiaŋ1	qiang1	qing1	赣			120000		
非	ui1	ui1	fei1	赣			120000		
革	ke1	ge1	ge2	赣			145000		
靶	pa3	ba3	ba3	赣			120000		
鞋	hai1*	hai1*	xie2	赣			120000		
鞋	hai2	hai2	xie2	赣			120000		
韧	ȵin4	nin4	ren4	赣			120000		
韩	hɔn4	hon4	han2	赣			120000		
页	iəʔ5	iek5	ye4	赣			120000		
顶	tʰin3	tin3	ding3	赣			120000		
项	hɔŋ4	hong4	xiang4	赣			170000		
顽	uan1*	uan1*	wan2	赣			120000		
颂	θuŋ2	sung2	song4	赣			101684		
预	y4	yu4	yu4	文			120000		
领	tʰiaŋ3	tiang3	ling3	赣			120000		
领	tʰin3	tin3	ling3	文			120000		
颗	kʰo1*	ko1*	ke1	赣			120000		
额	ŋa1	nga1	e2	赣			120000		
额	ŋe1	nge1	e2	文			120000		
额	ȵia1	nia1	e2	赣			120000		
颠	tʰien1	tien1	dian1	赣			120000		
颤	θen3	sen3	chan4	赣			120000		
风	uŋ1	ung1	feng1	赣			155000		
飞	ui1	ui1	fei1	赣			120000		
餐	tɕʰian1*	qian1*	can1	赣			145000		
饭	uan4	wan4	fan4	赣			195000		
饮	in1	in1	yin3	赣			120000		
饮	in2	yin2	yin3	赣			120000		
饰	θəʔ5	sek5	shi4	赣			145000		
饺	kiəu3	gieu3	jiao3	赣			120000		
饼	piaŋ1*	biang1*	bing3	赣			120000		
饼	pin3	bin3	bing3	文			120000		
馊	θəu1	seu1	sou1	赣			120000		
馍	mo2	mo2	mo2	赣			120000		
馏	tʰiu2	tiu2	liu2	赣			120000		
香	θɔŋ3	song3	xiang1	赣			120000		
驳	po1	bo1	bo2	赣			120000		
驴	tʰi2	ti2	lv2	赣			145000		
骆	lo1	lo1	luo4	赣			120000		
骗	pien2	bien2	pian4	赣			185000		
骟	θen2	sen2	shan4	赣			120000		
骤	tɕʰiəu4	qieu4	zhou4	赣			120000		
骨	kuɔʔ5	guok5	gu3	赣			170000		
鬃	tɕiuŋ1	jiung1	zong1	赣			90000		
鬼	kui3	gui3	gui3	赣			120000		
魂	un2	wen2	hun2	赣			120000		
魄	pɔi1	boi1	po4	赣			120000		
魏	ui2	wui2	wei4	赣			120000		
鱿	iu2	yiu2	you2	赣			4902		
鲁	lu3	lu3	lu3	赣			145000		
鲞	θɔŋ3	song3	xiang3	赣			120000		
鲢	tʰien2	tien2	lian2	赣			90000		
鲤	tʰi3	ti3	li3	赣			120000		
鲨	θa1	sa1	sha1	赣			120000		
鲫	tɕie1	jie1	ji4	赣			120000		
鲶	ȵien1*	nien1*	nian2	赣			120000		
鳃	θai1	sai1	sai1	赣			90000		
鳄	ŋo1	ngo1	e4	赣			103547		
鳅	tɕʰiu1*	qiu1*	qiu1	赣			90000		
鳖	piəʔ5	biek5	bie1	赣			120000		
鳗	man4	man4	man2	赣			120000		
鳙	θuŋ2	sung2	yong1	赣			73839		
鳞	tʰin2	tin2	lin2	赣			120000		
鸦	ia1	ia1	ya1	赣			120000		
鸭	ŋaʔ5	ngak5	ya1	赣			120000		
鸽	kɔʔ5	gok5	ge1	赣			120000		
鸿	uŋ2	wng2	hong2	赣			120000		
鹊	tɕʰio1*	qio1*	que4	赣			130000		
鹏	pʰuŋ2	pung2	peng2	赣			120000		
鹞	iəu4	yeu4	yao4	赣			120000		
鹿	lu1	lu1	lu4	赣			120000		
麂	tɕi3	ji3	ji3	赣			120000		
麦	ma1	ma1	mai4	赣			120000		
黄	uɔŋ1*	uong1*	huang2	赣			120000		
黄	uɔŋ2	wong2	huang2	赣			120000		
黎	tʰi2	ti2	li2	赣			120000		
黏	ȵien2	nien2	nian2	赣			120000		
黑	he1*	he1*	hei1	赣			125000		
鼻	pʰiəʔ5*	piek5*	bi2	赣			120000		
齑	tɕi1	ji1	ji1	赣			120000		
齚	tɕʰio2	qio2	ze2	赣			120000		
齿	tɕʰi3	qi3	chi3	赣			120000		
龄	tʰin2	tin2	ling2	赣			120000		
龊	tɕʰio1*	qio1*	chuo4	赣			120000		
龌	ho1*	ho1*	wo4	赣			120000		
龙	tʰiuŋ2	tiung2	long2	赣			120000		
龚	kuŋ1	gung1	gong1	赣			120000		
龟	kui1	gui1	gui1	赣			120000		
这	tsa3	za3	zhe4	官			120000		
