本词	国际音标	方言拼音	汉语拼音	词汇属性	对应官话词	官话拼音	词频	同义词	新旧标记
一	iʔ7	yik6	yi1	赣			467830		
丁	tiaŋ1	diang1	ding1	赣			120000		
丁	tiŋ1	ding1	ding1	文			120000		
七	tʰiʔ7	tik6	qi1	赣			280000		
万	uan6	wan5	wan4	赣			120000		
丈	tsʰɔŋ6	cong5	zhang4	赣			120000		
三	sam1	sam1	san1	赣			370000		
上	sɔŋ1	song1	shang4	赣			508101		
上	sɔŋ6	song5	shang4	文			508101		
下	ha1	ha1	xia4	赣			120000		
下	ha6	ha5	xia4	文			120000		
不	piʔ7	bik6	bu4	赣			610331		
与	y3	yu3	yu3	赣			395033		
与	y6	yu5	yu3	赣			395033		
丑	tɕʰiu3	qiu3	chou3	赣			130000		
专	tɕiɛn1	jiên1	zhuan1	赣			170000		
且	tʰia3	tia3	qie3	赣			370000		
丕	pʰi1	pi1	pi1	赣			120000		
世	ɕi5	xi4	shi4	赣			120000		
丘	kʰiu1	kiu1	qiu1	文			145000		
丘	kʰɛu1	kêu1	qiu1	赣			145000		
丙	piŋ3	bing3	bing3	赣			224999		
业	niap7	niap6	ye4	赣			120000		
丛	tʰuŋ2	tung2	cong2	赣			270000		
东	tuŋ1	dung1	dong1	赣			260000		
丝	sɿ1	si1	si1	赣			120000		
丞	ɕiŋ2	xing2	cheng2	赣			125000		
丢	tiu1	diu1	diu1	赣			130000		
两	tiɔŋ3	diong3	liang3	赣			370000		
严	niam2	niam2	yan2	赣			170000		
丧	sɔŋ1	song1	sang4	赣			125000		
丧	sɔŋ5	song4	sang4	赣			125000		
个	kɔ5	go4	ge4	赣			120000		
中	tsuŋ1	zung1	zhong1	赣			493191		
中	tsuŋ5	zung4	zhong1	赣			493191		
丰	fuŋ1	fung1	feng1	赣			120000		
串	tɕʰiɛn5	qiên4	chuan4	赣			260000		
临	tim2	dim2	lin2	赣			120000		
丸	viɛn2	viên2	wan2	赣			120000		
丹	tan1	dan1	dan1	赣			120000		
为	ui2	wi2	wei4	赣			545952		
为	ui6	wi5	wei4	赣			545952		
主	tɕy3	jyu3	zhu3	赣			385602		
丽	ti6	di5	li4	赣			120000		
举	ky3	gyu3	ju3	赣			155000		
乃	nai3	nai3	nai3	赣			120000		
久	kiu3	giu3	jiu3	赣			260000		
义	ŋi6	ngi5	yi4	赣			195000		
之	tɕi1	ji1	zhi1	赣			390957		
乌	u1	wu1	wu1	赣			145000		
乎	fu1	fu1	hu1	赣			120000		
乏	fap8	fap7	fa2	赣			127351		
乐	lɔʔ7	lok6	le4	赣			180000		
乐	ŋɔʔ7	ngok6	le4	赣			180000		
乔	kʰiau2	kiau2	qiao2	赣			120000		
乖	kuai1	guai1	guai1	赣			120000		
乘	ɕiŋ2	xing2	cheng2	赣			175000		
乙	iʔ7	yik6	yi3	赣			120000		
九	kiu3	giu3	jiu3	赣			259999		
乞	kʰiʔ7	kik6	qi3	赣			120000		
也	ia3	ya3	ye3	赣			557851		
习	ɕip8	xip7	xi2	赣			170000		
乡	hiɔŋ1	hiong1	xiang1	赣			120000		
书	ɕiɛ1	xiê1	shu1	赣			120000		
书	ɕy1	xyu1	shu1	文			120000		
买	mai3	mai3	mai3	赣			275000		
乱	lɔn6	lon5	luan4	赣			370000		
乳	ɵ3	o3	ru3	赣			125000		
了	tiau3	diau3	le5	赣			470908		
争	tsaŋ1	zang1	zheng1	赣			120000		
争	tsɛŋ1	zêng1	zheng1	文			120000		
事	sɿ6	si5	shi4	赣			225000		
二	i6	yi5	er4	白			310000		
二	ɵ6	o5	er4	文			310000		
于	y1	yu1	yu2	赣			370000		
于	y2	yu2	yu2	赣			370000		
云	vin2	vin2	yun2	赣			305000		
互	fu6	fu5	hu4	赣			125000		
五	ŋu3	ngu3	wu3	文			370000		
五	ŋ̍3	ng3	wu3	赣			370000		
井	tɕiaŋ3	jiang3	jing3	赣			120000		
亚	a5	a4	ya4	赣			120000		
亡	uɔŋ2	wong2	wang2	赣			109629		
交	kau1	gau1	jiao1	赣			120000		
亥	hɔi6	hoi5	hai4	赣			145000		
亦	iʔ7	yik6	yi4	赣			120000		
产	san3	san3	chan3	赣			120000		
亨	hɛŋ1	hêng1	heng1	赣			120000		
亩	mɛu3	mêu3	mu3	赣			120000		
享	hiɔŋ3	hiong3	xiang3	赣			120000		
京	kiŋ1	ging1	jing1	赣			145000		
亭	hiŋ2	hing2	ting2	赣			120000		
亮	tiɔŋ6	diong5	liang4	赣			120000		
亲	tʰin1	tin1	qin1	赣			120000		
人	in2	yin2	ren2	文			120000		
人	ŋin2	ngin2	ren2	赣			120000		
亿	i5	yi4	yi4	赣			145000		
仁	in2	yin2	ren2	文			120000		
仁	ŋin2	ngin2	ren2	赣			120000		
仇	ɕiu2	xiu2	chou2	赣			155000		
今	kin1	gin1	jin1	赣			120000		
介	kai5	gai4	jie4	赣			120000		
从	tʰiuŋ1	tiung1	cong2	赣			120000		
从	tʰiuŋ2	tiung2	cong2	赣			120000		
仑	lən2	len2	lun2	赣			110671		
仓	tʰɔŋ1	tong1	cang1	赣			155000		
仕	sɿ6	si5	shi4	赣			120000		
他	tʰa1	ta1	ta1	赣			551339		
仗	tsɔŋ5	zong4	zhang4	赣			120000		
付	fu5	fu4	fu4	赣			120000		
仙	ɕiɛn1	xiên1	xian1	赣			120000		
代	hai6	hai5	dai4	赣			260000		
令	tiŋ6	ding5	ling4	赣			175000		
以	i3	yi3	yi3	赣			386106		
仪	ŋi2	ngi2	yi2	赣			120000		
仰	ŋiɔŋ3	ngiong3	yang3	赣			195000		
仲	tsʰuŋ6	cung5	zhong4	赣			120000		
仵	u3	wu3	wu3	赣			90000		
件	kʰiɛn6	kiên5	jian4	赣			170000		
价	ka5	ga4	jia4	赣			145000		
任	im6	yim5	ren4	赣			120000		
份	fɛn6	fên5	fen4	赣			195000		
仿	fɔŋ3	fong3	fang3	赣			120000		
企	kʰi3	ki3	qi3	赣			120000		
伊	i1	yi1	yi1	赣			103663		
伍	ŋu3	ngu3	wu3	赣			120000		
伐	faiʔ8	faik7	fa2	赣			120000		
休	hiu1	hiu1	xiu1	赣			125000		
伕	fu1	fu1	fu1	赣			120000		
众	tsuŋ5	zung4	zhong4	赣			120000		
优	iu1	yiu1	you1	赣			120000		
伙	fɔ3	fo3	huo3	赣			120000		
会	fi6	fi5	hui4	文			386025		
会	kʰuai5	kuai4	hui4	赣			386025		
会	ui6	wi5	hui4	赣			386025		
伞	san3	san3	san3	赣			120000		
伟	ui3	wi3	wei3	赣			120000		
传	tɕʰiɛn2	qiên2	chuan2	赣			120000		
传	tɕʰiɛn6	qiên5	chuan2	赣			120000		
伢	ŋa2	nga2	ya2	赣			120000		
伤	sɔŋ1	song1	shang1	赣			120000		
伦	tən2	den2	lun2	赣			120000		
伪	ŋɔi6	ngoi5	wei3	赣			134743		
伯	paʔ7	bak6	bo2	赣			120000		
估	ku3	gu3	gu1	赣			120000		
估	ku5	gu4	gu1	赣			120000		
伴	pʰɔn1	pon1	ban4	赣			120000		
伶	tiaŋ2	diang2	ling2	赣			120000		
伸	ɕin1	xin1	shen1	赣			120000		
似	sɿ6	si5	shi4	赣			120000		
佃	hiɛn6	hiên5	dian4	赣			101062		
但	han6	han5	dan4	赣			235000		
位	ui6	wi5	wei4	赣			245000		
低	ti1	di1	di1	赣			305000		
住	tɕʰy6	qyu5	zhu4	赣			245000		
佑	iu6	yiu5	you4	赣			105446		
体	hi3	hi3	ti3	赣			205000		
体	tʰi3	ti3	ti3	文			205000		
何	hɔ2	ho2	he2	赣			170000		
余	iɛ2	yê2	yu2	赣			175000		
余	y2	yu2	yu2	赣			175000		
佛	fɔiʔ8	foik7	fu2	赣			130000		
佛	fɛʔ7	fêk6	fu2	赣			130000		
作	tsɔʔ7	zok6	zuo4	赣			120000		
佩	pʰɔi6	poi5	pei4	赣			120000		
佬	lɔu3	lou3	lao3	赣			120000		
佮	kɔp7	gop6	ge2	赣			120000		
佮	kɔp8	gop7	ge2	赣			120000		
佳	ka1	ga1	jia1	赣			130000		
使	sɿ3	si3	shi3	赣			120000		
侃	kʰɔn3	kon3	kan3	赣			120000		
例	ti6	di5	li4	赣			150000		
侍	ɕi6	xi5	shi4	赣			120000		
供	kiuŋ1	giung1	gong1	赣			205000		
依	i1	yi1	yi1	赣			145000		
侠	hiap8	hiap7	xia2	赣			106969		
侥	hiau1	hiau1	jiao3	赣			120000		
侦	tɕin1	jin1	zhen1	赣			120000		
侨	kʰiau2	kiau2	qiao2	赣			120000		
侮	u3	wu3	wu3	赣			107043		
侯	hɛu2	hêu2	hou2	赣			120000		
侵	tʰim1	tim1	qin1	赣			145000		
便	pʰiɛn2	piên2	bian4	赣			120000		
便	pʰiɛn6	piên5	bian4	赣			120000		
促	tʰiuʔ7	tiuk6	cu4	赣			120000		
俄	ŋɔ2	ngo2	e2	赣			120000		
俊	tsən5	zen4	jun4	赣			120000		
俏	tʰiau5	tiau4	qiao4	赣			120000		
俗	ɕiuʔ8	xiuk7	su2	赣			155000		
俘	fu1	fu1	fu2	赣			102061		
保	pɔu3	bou3	bao3	赣			145000		
信	ɕin5	xin4	xin4	赣			220000		
俭	kʰiam6	kiam5	jian3	赣			120000		
修	ɕiu1	xiu1	xiu1	赣			310000		
俱	ky1	gyu1	ju4	赣			103728		
俸	fuŋ5	fung4	feng4	赣			107966		
倍	pʰɔi6	poi5	bei4	赣			145000		
倒	tu5	du4	dao4	赣			195000		
倒	tɔu3	dou3	dao4	赣			195000		
倒	tɔu5	dou4	dao4	文			195000		
倘	hɔŋ3	hong3	tang3	赣			125000		
候	hɛu6	hêu5	hou4	赣			170000		
借	tɕia5	jia4	jie4	赣			120000		
倡	tsʰɔŋ1	cong1	chang4	赣			120000		
倣	fɔŋ3	fong3	fang3	赣			5133		
倦	kʰuan6	kuan5	juan4	赣			145000		
倪	ŋi2	ngi2	ni2	赣			73943		
倭	uɔ1	wo1	wo1	赣			120000		
值	tɕʰiʔ8	qik7	zhi2	赣			370000		
倾	kʰyn1	kyun1	qing1	赣			120000		
假	ka3	ga3	jia3	赣			120000		
偏	pʰiɛn1	piên1	pian1	赣			120000		
做	tsu5	zu4	zuo4	赣			428314		
停	hiaŋ2	hiang2	ting2	赣			170000		
停	hiŋ2	hing2	ting2	文			170000		
健	kʰiɛn6	kiên5	jian4	赣			120000		
偶	ŋɛu3	ngêu3	ou3	赣			120000		
偷	hɛu1	hêu1	tou1	赣			120000		
偿	sɔŋ3	song3	chang2	赣			136769		
傀	kʰui3	kui3	gui1	赣			71608		
傅	fu5	fu4	fu4	赣			120000		
傍	pʰɔŋ6	pong5	bang4	赣			103993		
储	tɕʰy2	qyu2	chu3	赣			220000		
催	tʰɔi1	toi1	cui1	赣			145000		
傲	ŋɔu6	ngou5	ao4	赣			120000		
像	tsʰɔŋ6	cong5	xiang4	赣			370000		
僧	tsɛŋ1	zêng1	seng1	赣			120000		
僵	kiɔŋ1	giong1	jiang1	赣			120000		
僻	pʰiʔ7	pik6	pi4	赣			220000		
儆	kʰiaŋ6	kiang5	jing3	赣			70675		
儒	ɵ2	o2	ru2	赣			120000		
儡	lɔi3	loi3	lei3	赣			76977		
儿	ɵ2	o2	er2	文			160000		
允	vin3	vin3	yun3	赣			120000		
元	uan2	wan2	yuan2	赣			370000		
兄	fiaŋ1	fiang1	xiong1	赣			120000		
充	tsʰuŋ1	cung1	chong1	赣			120000		
兆	tsʰau6	cau5	zhao4	赣			120000		
先	ɕiɛn1	xiên1	xian1	赣			370000		
光	kuɔŋ1	guong1	guang1	赣			120000		
克	kʰɛʔ7	kêk6	ke4	赣			145000		
免	miɛn3	miên3	mian3	赣			120000		
兑	tʰy6	tyu5	dui4	赣			120000		
兔	hu5	hu4	tu4	赣			120000		
党	tɔŋ3	dong3	dang3	赣			120000		
兜	tɛu1	dêu1	dou1	赣			130000		
入	ip7	yip6	ru4	赣			120000		
全	tʰiɛn2	tiên2	quan2	赣			370000		
八	paiʔ7	baik6	ba1	赣			160000		
公	kuŋ1	gung1	gong1	赣			290000		
六	tiuʔ8	diuk7	liu4	赣			230000		
兰	lan2	lan2	lan2	赣			120001		
共	kʰiuŋ6	kiung5	gong4	赣			120000		
关	kuan1	guan1	guan1	赣			180000		
兴	hiŋ1	hing1	xing1	赣			145000		
兴	hiŋ5	hing4	xing1	赣			145000		
兵	piŋ1	bing1	bing1	赣			120000		
其	kʰi2	ki2	qi2	赣			120000		
具	kʰy6	kyu5	ju4	赣			145000		
典	tiɛn3	diên3	dian3	赣			180000		
兹	tsɿ1	zi1	zi1	赣			120000		
养	iɔŋ3	yong3	yang3	赣			200000		
兼	kiam1	giam1	jian1	赣			120000		
兽	ɕiu5	xiu4	shou4	赣			180000		
冀	ki5	gi4	ji4	赣			101273		
内	ly6	lyu5	nei4	文			370000		
内	nɔi6	noi5	nei4	赣			370000		
冈	kɔŋ1	gong1	gang1	赣			120000		
册	tʰaʔ7	tak6	ce4	赣			145000		
再	tsai5	zai4	zai4	赣			120000		
冒	mɔu6	mou5	mao4	赣			120000		
写	ɕia3	xia3	xie3	赣			370000		
军	kyn1	gyun1	jun1	赣			120000		
农	luŋ2	lung2	nong2	赣			145000		
冠	kuɔn1	guon1	guan1	赣			120000		
冠	kuɔn5	guon4	guan1	赣			120000		
冢	tsuŋ3	zung3	zhong3	赣			107521		
冤	viɛn1	viên1	yuan1	赣			100164		
冥	miŋ2	ming2	ming2	赣			107541		
冬	tuŋ1	dung1	dong1	赣			120000		
冯	fuŋ2	fung2	feng2	赣			120000		
冰	pɛŋ1	bêng1	bing1	赣			120000		
冲	tsʰuŋ1	cung1	chong1	赣			120000		
决	kuaiʔ7	guaik6	jue2	赣			170000		
况	fɔŋ5	fong4	kuang4	赣			120000		
冶	ia3	ya3	ye3	赣			120000		
冷	laŋ3	lang3	leng3	赣			120000		
冻	tuŋ5	dung4	dong4	赣			145000		
净	tʰiŋ6	ting5	jing4	赣			120000		
凄	tʰi1	ti1	qi1	赣			120000		
准	tsən3	zen3	zhun3	赣			120000		
凉	tiɔŋ2	diong2	liang2	赣			120000		
凌	lɛŋ6	lêng5	ling2	赣			120000		
凌	tiŋ2	ding2	ling2	赣			120000		
减	kam3	gam3	jian3	赣			155000		
凑	tʰɛu5	têu4	cou4	赣			300000		
凛	tin3	din3	lin3	赣			104168		
几	ki3	gi3	ji3	赣			414956		
凡	fam2	fam2	fan2	赣			120000		
凤	fuŋ6	fung5	feng4	赣			120000		
凯	kʰɔi3	koi3	kai3	赣			120000		
凳	tɛŋ5	dêng4	deng4	赣			120000		
凶	hiuŋ1	hiung1	xiong1	赣			120000		
凹	au1	au1	ao1	赣			120000		
出	tɕʰyʔ7	qyuk6	chu1	赣			120000		
击	kiʔ7	gik6	ji1	赣			220000		
函	hɔm2	hom2	han2	赣			120000		
凿	tʰɔʔ8	tok7	zao2	赣			145000		
刀	tɔu1	dou1	dao1	赣			120000		
刁	tiau1	diau1	diao1	赣			120000		
分	fɛn1	fên1	fen1	赣			430000		
分	fɛn6	fên5	fen1	赣			430000		
切	tʰiɛʔ7	tiêk6	qie4	赣			225000		
刊	kʰɔn1	kon1	kan1	赣			120000		
刎	un3	wen3	wen3	赣			108732		
刑	hiŋ2	hing2	xing2	赣			120000		
刘	tiu2	diu2	liu2	赣			150000		
则	tsɛʔ7	zêk6	ze2	赣			370000		
刚	kɔŋ1	gong1	gang1	赣			120000		
创	tʰɔŋ5	tong4	chuang4	赣			233989		
初	tʰu1	tu1	chu1	赣			150000		
删	san1	san1	shan1	赣			205000		
判	pʰɔn5	pon4	pan4	赣			120000		
刨	pʰau2	pau2	pao2	赣			108066		
利	ti6	di5	li4	赣			120000		
别	pʰiɛʔ8	piêk7	bie2	赣			370000		
刮	kuaiʔ7	guaik6	gua1	赣			120000		
刮	kuaiʔ8	guaik7	gua1	赣			120000		
到	tu5	du4	dao4	赣			455341		
到	tɔu5	dou4	dao4	文			455341		
刴	tɔ5	do4	duo4	赣			120000		
制	tɕi5	ji4	zhi4	赣			145000		
刷	sɔiʔ7	soik6	shua1	赣			255000		
刺	sɿ5	si4	ci4	赣			120000		
刻	kʰɛʔ7	kêk6	ke4	赣			120000		
刽	kʰuai5	kuai4	gui4	赣			90000		
剃	hi5	hi4	ti4	赣			120000		
削	ɕiɔʔ7	xiok6	xue1	赣			175000		
前	tʰiɛn2	tiên2	qian2	赣			412779		
剐	kua3	gua3	gua3	赣			120000		
剑	kiam5	giam4	jian4	赣			120000		
剖	pʰɛu1	pêu1	pou1	赣			108773		
剥	pɔʔ7	bok6	bo1	赣			120000		
剧	ky5	gyu4	ju4	赣			145000		
剩	ɕiŋ6	xing5	sheng4	赣			145000		
剪	tɕiɛn3	jiên3	jian3	赣			120000		
副	fu5	fu4	fu4	赣			220000		
割	kɔiʔ7	goik6	ge1	赣			120000		
剿	tɕiau3	jiau3	jiao3	赣			120000		
劈	pʰiaʔ7	piak6	pi1	赣			120000		
力	tiʔ8	dik7	li4	赣			125000		
劝	kʰuan5	kuan4	quan4	赣			145000		
办	pʰan6	pan5	ban4	赣			145000		
功	kuŋ1	gung1	gong1	赣			150000		
加	ka1	ga1	jia1	赣			370000		
务	u6	wu5	wu4	赣			145000		
劣	tiɛʔ7	diêk6	lie4	赣			120000		
动	hŋ̍1	hng1	dong4	赣			270000		
动	tʰuŋ6	tung5	dong4	文			270000		
助	tʰu6	tu5	zhu4	赣			120000		
努	lu3	lu3	nu3	赣			120000		
劫	kiap7	giap6	jie2	赣			120000		
励	ti6	di5	li4	赣			120000		
劲	kin5	gin4	jin4	赣			120000		
劳	lau1	lau1	lao2	赣			145000		
劳	lɔu2	lou2	lao2	赣			145000		
劵	kuan5	guan4	juan4	赣			5044		
势	ɕi5	xi4	shi4	赣			195000		
勃	pʰɛʔ8	pêk7	bo2	赣			120000		
勇	iuŋ3	yiung3	yong3	赣			120000		
勉	miɛn3	miên3	mian3	赣			120000		
勋	fin1	fin1	xun1	赣			120000		
勒	lɛʔ7	lêk6	lei1	赣			195000		
勒	lɛʔ8	lêk7	lei1	赣			195000		
勘	kʰɔm5	kom4	kan1	赣			106652		
募	mɔʔ8	mok7	mu4	赣			120000		
勤	kʰin2	kin2	qin2	赣			145000		
勦	tʰau1	tau1	chao1	赣			5476		
勺	sɔʔ8	sok7	shao2	赣			120000		
勾	kɛu1	gêu1	gou1	赣			210000		
勿	fɛʔ7	fêk6	wu4	赣			120000		
匀	vin2	vin2	yun2	赣			120000		
包	pau1	bau1	bao1	赣			325000		
化	fa5	fa4	hua4	赣			370000		
北	pɛʔ7	bêk6	bei3	赣			235000		
匠	ɕiɔŋ6	xiong5	jiang4	赣			120000		
匡	kʰiɔŋ1	kiong1	kuang1	赣			90000		
匣	hap8	hap7	xia2	赣			120000		
匪	fi3	fi3	fei3	赣			145000		
匹	pʰiʔ7	pik6	pi3	赣			120000		
区	kʰy1	kyu1	qu1	赣			470000		
医	i1	yi1	yi1	赣			120000		
匾	piɛn3	biên3	bian3	赣			120000		
匿	niʔ7	nik6	ni4	赣			120000		
十	ɕip8	xip7	shi2	赣			120000		
千	tʰiɛn1	tiên1	qian1	赣			160000		
卅	sap7	sap6	sa4	赣			4980		
升	ɕiŋ1	xing1	sheng1	赣			218907		
午	ŋu3	ngu3	wu3	赣			120000		
半	pɔn5	bon4	ban4	赣			125000		
华	fa2	fa2	hua2	赣			215000		
协	hiap8	hiap7	xie2	赣			120000		
卑	pi1	bi1	bei1	赣			120000		
卒	tsɔiʔ7	zoik6	zu2	赣			120000		
卒	tsɔiʔ8	zoik7	zu2	赣			120000		
卓	tsɔʔ7	zok6	zhuo2	赣			133886		
单	tan1	dan1	dan1	赣			310000		
单	ɕiɛn6	xiên5	dan1	赣			310000		
卖	mai6	mai5	mai4	赣			175000		
南	nam2	nam2	nan2	赣			180001		
博	pɔʔ7	bok6	bo2	赣			120000		
博	pɔʔ8	bok7	bo2	赣			120000		
卜	puʔ7	buk6	bo5	赣			120000		
卜	pʰiʔ7	pik6	bo5	赣			120000		
占	tsam1	zam1	zhan4	赣			120000		
占	tsam5	zam4	zhan4	赣			120000		
卡	kʰa3	ka3	ka3	赣			370000		
卢	lu2	lu2	lu2	赣			120000		
卤	lu3	lu3	lu3	赣			120000		
卦	kua5	gua4	gua4	赣			120000		
卧	ŋɔ6	ngo5	wo4	赣			148010		
卫	ui6	wi5	wei4	赣			120000		
卯	mau3	mau3	mao3	赣			120000		
印	in5	yin4	yin4	赣			120000		
危	ŋɔi2	ngoi2	wei1	赣			120000		
即	tɕiʔ7	jik6	ji2	赣			270000		
却	kʰiɔʔ7	kiok6	que4	赣			190000		
卵	lɔn1	lon1	luan3	赣			120000		
卷	kuan3	guan3	juan3	赣			145000		
卷	kuan5	guan4	juan3	赣			145000		
卸	ɕia5	xia4	xie4	赣			104592		
卿	kʰiŋ1	king1	qing1	赣			120000		
厂	tsʰɔŋ3	cong3	chang3	赣			184000		
厂	ŋam3	ngam3	chang3	赣			184000		
厄	ŋɛʔ7	ngêk6	e4	赣			90000		
厅	hiaŋ1	hiang1	ting1	赣			120000		
历	tiaʔ7	diak6	li4	赣			145000		
历	tiʔ7	dik6	li4	赣			145000		
历	tiʔ7	dik6	li4	文			145000		
厉	ti6	di5	li4	赣			120000		
压	ap7	ap6	ya1	赣			180000		
厌	iam5	yam4	yan4	赣			120000		
厕	tʰɛʔ7	têk6	ce4	赣			170000		
厘	ti2	di2	li2	赣			120000		
厚	hɛu1	hêu1	hou4	赣			145000		
厚	hɛu6	hêu5	hou4	文			145000		
厝	huʔ7	huk6	cuo4	赣			120000		
原	uan2	wan2	yuan2	赣			180000		
厢	ɕiɔŋ1	xiong1	xiang1	赣			120000		
厦	ha6	ha5	sha4	赣			120000		
去	kʰɛ5	kê4	qu4	赣			120000		
去	tɕʰiɛ5	qiê4	qu4	赣			120000		
去	tɕʰy5	qyu4	qu4	文			120000		
厾	tuʔ8	duk7	du1	赣			120000		
县	fiɛn6	fiên5	xian4	赣			120000		
参	sɛm1	sêm1	can1	赣			120000		
参	tʰam1	tam1	can1	赣			120000		
又	iu6	yiu5	you4	赣			400749		
叉	tʰa1	ta1	cha1	赣			120000		
及	kʰip8	kip7	ji2	赣			175000		
友	iu3	yiu3	you3	赣			155000		
双	sɔŋ1	song1	shuang1	赣			120000		
反	fan3	fan3	fan3	赣			145000		
发	faiʔ7	faik6	fa1	赣			370000		
叔	suʔ7	suk6	shu1	赣			120000		
取	tʰy3	tyu3	qu3	赣			190000		
受	ɕiu6	xiu5	shou4	赣			155000		
变	piɛn5	biên4	bian4	赣			270000		
叛	pʰɔn6	pon5	pan4	赣			120000		
叠	hiap8	hiap7	die2	赣			115724		
叠	tiap7	diap6	die2	赣			115724		
口	kʰɛu3	kêu3	kou3	赣			370000		
古	ku3	gu3	gu3	赣			120000		
句	ky5	gyu4	ju4	赣			222807		
另	tiŋ6	ding5	ling4	赣			102964		
叨	hɔu1	hou1	dao1	赣			104761		
叩	kʰɛu5	kêu4	kou4	赣			120000		
只	tsaʔ7	zak6	zhi3	赣			386050		
叫	kiau5	giau4	jiao4	赣			370000		
召	tsʰau6	cau5	zhao4	赣			120000		
叮	tiŋ1	ding1	ding1	赣			120000		
可	kʰɔ3	ko3	ke3	赣			370000		
台	hai2	hai2	tai2	赣			155000		
台	hai6	hai5	tai2	赣			155000		
史	sɿ3	si3	shi3	赣			145000		
右	iu6	yiu5	you4	赣			150000		
叶	iap8	yap7	ye4	赣			120000		
号	hɔu6	hou5	hao4	赣			240000		
司	sɿ1	si1	si1	赣			120000		
叹	han5	han4	tan4	赣			120000		
叽	ki1	gi1	ji1	赣			120000		
吃	kiɛʔ7	giêk6	chi1	赣			120000		
吃	tɕʰiaʔ7	qiak6	chi1	赣			120000		
各	kɔʔ7	gok6	ge4	赣			140000		
合	hɔp8	hop7	he2	赣			120000		
合	kɔp7	gop6	he2	赣			120000		
吉	kiʔ7	gik6	ji2	赣			175000		
吊	tiau5	diau4	diao4	赣			145000		
同	tʰuŋ2	tung2	tong2	赣			370000		
名	miaŋ2	miang2	ming2	赣			120000		
名	miŋ2	ming2	ming2	文			120000		
后	hɛu1	hêu1	hou4	赣			374793		
后	hɛu6	hêu5	hou4	赣			374793		
后	hɛu6	hêu5	hou4	文			374793		
吏	ti6	di5	li4	赣			103563		
吐	hu5	hu4	tu3	赣			170000		
吐	tʰu5	tu4	tu3	文			170000		
向	hiɔŋ5	hiong4	xiang4	赣			225000		
吓	haʔ7	hak6	xia4	赣			120000		
吕	tɛ3	dê3	lv3	赣			120000		
君	kyn1	gyun1	jun1	赣			120000		
吞	hɛn1	hên1	tun1	赣			160000		
吟	ŋim2	ngim2	yin2	赣			109578		
吠	fi6	fi5	fei4	赣			100574		
否	fɛu3	fêu3	fou3	赣			155000		
含	hɔm2	hom2	han2	赣			130000		
听	hiaŋ1	hiang1	ting1	赣			120000		
听	hiŋ5	hing4	ting1	赣			120000		
听	tʰiŋ5	ting4	ting1	赣			120000		
启	kʰi3	ki3	qi3	赣			120000		
吴	ŋu2	ngu2	wu2	文			245000		
吴	ŋ̍2	ng2	wu2	赣			245000		
吵	tʰau3	tau3	chao3	赣			120000		
吹	tɕʰy1	qyu1	chui1	赣			120000		
吻	un3	wen3	wen3	赣			145000		
吾	ŋu2	ngu2	wu2	赣			120000		
呆	tai1	dai1	dai1	赣			120000		
呆	ŋɔi2	ngoi2	dai1	赣			120000		
呈	tɕʰiŋ2	qing2	cheng2	赣			125000		
告	kɔu5	gou4	gao4	赣			120000		
呐	nap7	nap6	na4	赣			103619		
呕	ɛu3	êu3	ou3	赣			170000		
员	viɛn2	viên2	yuan2	赣			225000		
呛	tʰiɔŋ5	tiong4	qiang1	赣			120000		
周	tɕiu1	jiu1	zhou1	赣			370000		
味	ui6	wi5	wei4	赣			145000		
呵	hɔ1	ho1	he1	赣			120000		
呼	fu1	fu1	hu1	赣			120000		
呼	kʰu1	ku1	hu1	赣			120000		
命	miaŋ6	miang5	ming4	赣			120000		
命	miŋ6	ming5	ming4	赣			120000		
和	fu2	fu2	he2	赣			805815		
和	fɔ2	fo2	he2	赣			805815		
和	fɔ6	fo5	he2	赣			805815		
和	uɔ2	wo2	he2	赣			805815		
咏	vin6	vin5	yong3	赣			120000		
咒	tɕiu5	jiu4	zhou4	赣			145000		
咨	tsɿ1	zi1	zi1	赣			102506		
咬	ŋau3	ngau3	yao3	赣			120000		
咸	ham2	ham2	xian2	赣			120000		
哀	ɔi1	oi1	ai1	赣			120000		
品	pʰin3	pin3	pin3	赣			145000		
哄	fuŋ3	fung3	hong3	赣			125000		
哉	tsai1	zai1	zai1	赣			120000		
响	hiɔŋ3	hiong3	xiang3	赣			120000		
哑	a3	a3	ya3	赣			120000		
哥	kɔ1	go1	ge1	赣			145000		
哭	kʰuʔ7	kuk6	ku1	赣			145000		
哲	tɕiɛʔ7	jiêk6	zhe2	赣			124000		
哽	kɛŋ3	gêng3	geng3	赣			90000		
唆	sɔ1	so1	suo1	赣			175000		
唇	sən2	sen2	chun2	赣			150000		
唉	ai1	ai1	ai1	赣			107022		
唐	hɔŋ2	hong2	tang2	赣			120000		
唢	sɔ3	so3	suo3	赣			5678		
唤	fɔn5	fon4	huan4	赣			120000		
售	ɕiu2	xiu2	shou4	赣			120000		
唱	tsʰɔŋ5	cong4	chang4	赣			120000		
啃	kʰɛn3	kên3	ken3	赣			120000		
啄	tsɔʔ7	zok6	zhuo2	赣			145000		
啄	tuʔ8	duk7	zhuo2	赣			145000		
啄	tɔʔ8	dok7	zhuo2	赣			145000		
商	sɔŋ1	song1	shang1	赣			120000		
啰	lɔ1	lo1	luo1	赣			370000		
啼	hi2	hi2	ti2	赣			120000		
善	ɕiɛn6	xiên5	shan4	赣			120000		
喉	hɛu2	hêu2	hou2	赣			125000		
喘	tɕʰiɛn3	qiên3	chuan3	赣			145000		
喜	hi3	hi3	xi3	赣			130000		
喝	hɔiʔ8	hoik7	he1	赣			135000		
喷	fin5	fin4	pen1	赣			170000		
喷	pʰɛn5	pên4	pen1	赣			170000		
喻	y6	yu5	yu4	赣			120000		
嗅	hiuŋ5	hiung4	xiu4	赣			120000		
嗓	sɔŋ3	song3	sang3	赣			120000		
嗝	kɛʔ8	gêk7	ge2	赣			90000		
嗣	sɿ6	si5	si4	赣			102743		
嗯	ŋ̍6	ng5	n2	赣			123456		
嗳	ɔi1	oi1	ai1	赣			5295		
嘉	ka1	ga1	jia1	赣			120000		
嘘	hy1	hyu1	xu1	赣			90000		
嘱	tsuʔ7	zuk6	zhu3	赣			120000		
嘴	tɕy3	jyu3	zui3	赣			120000		
嘻	hi1	hi1	xi1	赣			120000		
器	kʰi5	ki4	qi4	赣			120000		
嚎	hɔu2	hou2	hao2	赣			120000		
嚣	hiau1	hiau1	xiao1	赣			145000		
囊	lɔŋ2	long2	nang2	赣			120000		
囚	ɕiu2	xiu2	qiu2	赣			120000		
四	sɿ5	si4	si4	赣			360000		
回	fi2	fi2	hui2	赣			285000		
囟	ɕin5	xin4	xin4	赣			76873		
因	iŋ1	ying1	yin1	赣			120000		
团	hɔn2	hon2	tuan2	赣			120000		
团	tʰɔn2	ton2	tuan2	赣			120000		
园	viɛn2	viên2	yuan2	赣			145000		
困	kʰun5	kun4	kun4	赣			120000		
围	ui2	wi2	wei2	赣			120000		
国	kuɛʔ7	guêk6	guo2	赣			329470		
图	hu2	hu2	tu2	赣			165000		
圃	pʰu3	pu3	pu3	赣			104063		
圆	viɛn2	viên2	yuan2	赣			170000		
圈	kʰuan1	kuan1	quan1	赣			225000		
土	hu3	hu3	tu3	赣			145000		
土	tʰu3	tu3	tu3	文			145000		
圣	ɕiŋ5	xing4	sheng4	赣			120000		
在	tʰai6	tai5	zai4	文			431978		
在	tʰɛi1	têi1	zai4	赣			431978		
地	hi6	hi5	di4	赣			370541		
场	tsʰɔŋ2	cong2	chang3	赣			145000		
址	tɕi3	ji3	zhi3	赣			120000		
均	kyn1	gyun1	jun1	赣			155000		
坊	fɔŋ1	fong1	fang1	赣			130000		
坐	tʰɔ1	to1	zuo4	赣			175000		
坐	tʰɔ6	to5	zuo4	文			175000		
坑	kʰaŋ1	kang1	keng1	赣			120000		
坑	kʰɛŋ1	kêng1	keng1	文			120000		
块	kʰuai5	kuai4	kuai4	赣			170000		
坚	kiɛn1	giên1	jian1	赣			120000		
坛	ham2	ham2	tan2	赣			120000		
坛	han2	han2	tan2	赣			120000		
坝	pa5	ba4	ba4	赣			104794		
坟	fɛn2	fên2	fen2	赣			120000		
坡	pɔ1	bo1	po1	赣			120000		
坤	kʰun1	kun1	kun1	赣			120000		
坦	han3	han3	tan3	赣			120000		
坦	tʰan3	tan3	tan3	文			120000		
坪	pʰiaŋ2	piang2	ping2	赣			120000		
坪	pʰiaŋ3	piang3	ping2	赣			120000		
坯	pʰɔi1	poi1	pi1	赣			104096		
坳	au1	au1	ao4	赣			72351		
坵	kʰɛu1	kêu1	qiu1	赣			4864		
垂	ɕy2	xyu2	chui2	赣			120000		
型	hiŋ2	hing2	xing2	赣			106597		
垒	ly3	lyu3	lei3	赣			102790		
垜	tɔ3	do3	duo3	赣			120000		
垦	kʰɛn3	kên3	ken3	赣			120000		
垫	hiam6	hiam5	dian4	赣			170000		
垮	kʰua3	kua3	kua3	赣			145000		
埂	kaŋ3	gang3	geng3	赣			150200		
埃	ai1	ai1	ai1	赣			120000		
埋	mai2	mai2	mai2	赣			120000		
埌	lɔŋ3	long3	lang4	赣			5826		
城	saŋ2	sang2	cheng2	赣			120000		
域	uiʔ7	wik6	yu4	赣			195000		
埠	pʰu6	pu5	bu4	赣			145000		
埲	pʰuŋ1	pung1	beng3	赣			4273		
培	pʰɔi2	poi2	pei2	赣			109684		
基	ki1	gi1	ji1	赣			120000		
堂	hɔŋ2	hong2	tang2	赣			120000		
堆	ty1	dyu1	dui1	赣			195000		
堘	ɕiŋ2	xing2	cheng2	赣			120000		
堡	pɔu3	bou3	bao3	赣			120000		
堪	kʰɔm1	kom1	kan1	赣			145000		
堰	iɛn5	yên4	yan4	赣			104782		
塑	su5	su4	su4	赣			120000		
塑	sɔʔ7	sok6	su4	赣			120000		
塔	hap7	hap6	ta3	赣			120000		
塘	hɔŋ2	hong2	tang2	赣			120000		
塝	pʰɔŋ6	pong5	bang4	赣			120000		
塞	sɛʔ7	sêk6	sai1	赣			230000		
填	hiɛn2	hiên2	tian2	赣			180000		
境	kiŋ3	ging3	jing4	赣			120000		
墓	mu6	mu5	mu4	赣			120000		
墙	tʰiɔŋ2	tiong2	qiang2	赣			120000		
增	tsɛŋ1	zêng1	zeng1	赣			120000		
墟	hy1	hyu1	xu1	文			109731		
墟	hɛ1	hê1	xu1	赣			109731		
墨	mɛʔ8	mêk7	mo4	赣			120000		
墩	tən1	den1	dun1	赣			120000		
壁	piaʔ7	biak6	bi4	赣			120000		
壁	piʔ7	bik6	bi4	文			120000		
壅	iuŋ1	yiung1	yong1	赣			90000		
士	sɿ6	si5	shi4	赣			145000		
壬	im2	yim2	ren2	赣			120000		
壮	tsɔŋ5	zong4	zhuang4	赣			120000		
壳	kʰɔʔ7	kok6	ke2	赣			145000		
壶	fu2	fu2	hu2	赣			120000		
处	tɕʰiɛ5	qiê4	chu4	赣			370000		
处	tɕʰy3	qyu3	chu4	赣			370000		
处	tɕʰy5	qyu4	chu4	文			370000		
备	pʰi6	pi5	bei4	赣			120000		
复	fuʔ8	fuk7	fu4	赣			195000		
夏	ha6	ha5	xia4	赣			120000		
夕	ɕiʔ8	xik7	xi1	赣			120000		
外	uai6	wai5	wai4	赣			260000		
多	tɔ1	do1	duo1	赣			390000		
夜	ia6	ya5	ye4	赣			225000		
够	kɛu5	gêu4	gou4	赣			205000		
大	hai6	hai5	da4	赣			394099		
大	hɔ6	ho5	da4	赣			394099		
天	hiɛn1	hiên1	tian1	赣			250000		
太	hai5	hai4	tai4	赣			370000		
夫	fu1	fu1	fu1	赣			145000		
央	iɔŋ1	yong1	yang1	赣			120000		
失	ɕiʔ7	xik6	shi1	赣			125000		
头	hɛu2	hêu2	tou2	赣			245000		
夸	kʰua1	kua1	kua1	赣			120000		
夹	kap7	gap6	jia1	赣			255000		
夺	hɔiʔ8	hoik7	duo2	赣			195000		
奁	tiam2	diam2	lian2	赣			5066		
奇	kʰi2	ki2	qi2	赣			145000		
奈	lai6	lai5	nai4	赣			120000		
奉	fuŋ6	fung5	feng4	赣			120000		
奋	fɛn5	fên4	fen4	赣			120000		
奏	tsɛu5	zêu4	zou4	赣			120000		
契	kʰi5	ki4	qi4	赣			120000		
奔	pɛŋ1	bêng1	ben1	赣			120000		
奖	tɕiɔŋ3	jiong3	jiang3	赣			120000		
套	hɔu5	hou4	tao4	赣			125000		
套	tʰɔu5	tou4	tao4	文			125000		
奠	hiɛn6	hiên5	dian4	赣			120000		
奥	ɔu5	ou4	ao4	赣			155000		
女	niɛ3	niê3	nv3	赣			120000		
女	ny3	nyu3	nv3	文			120000		
奴	lu2	lu2	nu2	赣			120000		
奶	nai3	nai3	nai3	赣			120000		
奸	kan1	gan1	jian1	赣			120000		
好	hɔu3	hou3	hao3	赣			370000		
好	hɔu5	hou4	hao3	赣			370000		
如	ɵ2	o2	ru2	赣			120000		
妄	uɔŋ6	wong5	wang4	赣			108099		
妆	tsɔŋ1	zong1	zhuang1	赣			120000		
妇	fu6	fu5	fu4	赣			120000		
妈	ma1	ma1	ma1	赣			145000		
妓	kʰi6	ki5	ji4	赣			120000		
妖	iau1	yau1	yao1	赣			120000		
妗	kʰim1	kim1	jin4	赣			106577		
妙	miau6	miau5	miao4	赣			145000		
妣	pi3	bi3	bi3	赣			90000		
妨	fɔŋ2	fong2	fang2	赣			120000		
妬	tu5	du4	du4	赣			120000		
妲	taiʔ7	daik6	da2	赣			70178		
妹	mɔi6	moi5	mei4	赣			130000		
妻	tʰi1	ti1	qi1	赣			120000		
妾	tʰiap7	tiap6	qie4	赣			120000		
姆	m̩1	m1	mu3	赣			145000		
姆	m̩5	m4	mu3	赣			145000		
姊	tsɿ3	zi3	zi3	赣			120000		
姊	tɕi5	ji4	zi3	赣			120000		
始	ɕi3	xi3	shi3	赣			120000		
姐	tɕia3	jia3	jie3	赣			145000		
姑	ku1	gu1	gu1	赣			120000		
姑	ku3	gu3	gu1	赣			120000		
姓	ɕiaŋ5	xiang4	xing4	赣			120000		
姓	ɕiŋ5	xing4	xing4	文			120000		
委	ui3	wi3	wei3	赣			140000		
姗	san1	san1	shan1	赣			71980		
姘	pʰin1	pin1	pin1	赣			90000		
姚	iau2	yau2	yao2	赣			120000		
姜	kiɔŋ1	giong1	jiang1	赣			145000		
姨	i2	yi2	yi2	赣			120000		
姪	tɕʰiʔ8	qik7	zhi2	赣			4661		
姬	ki1	gi1	ji1	赣			73601		
姻	iŋ1	ying1	yin1	赣			120000		
姿	tsɿ1	zi1	zi1	赣			120000		
威	ui1	wi1	wei1	赣			120000		
娇	kiau1	giau1	jiao1	赣			120000		
娘	niɔŋ2	niong2	niang2	赣			120000		
娥	ŋɔ2	ngo2	e2	赣			120000		
娱	ny2	nyu2	yu2	赣			101372		
娶	tʰy3	tyu3	qu3	赣			120000		
婆	pʰɔ2	po2	po2	赣			140000		
婊	piau3	biau3	biao3	赣			120000		
婚	fən1	fen1	hun1	赣			120000		
婶	ɕim3	xim3	shen3	赣			145000		
媒	mɔi2	moi2	mei2	赣			145000		
媚	mi6	mi5	mei4	赣			108107		
媛	viɛn2	viên2	yuan4	赣			77554		
媾	kɛu5	gêu4	gou4	赣			75542		
嫁	ka5	ga4	jia4	赣			145000		
嫂	sɔu3	sou3	sao3	赣			120000		
嫌	hiam2	hiam2	xian2	赣			145000		
嫖	pʰiau2	piau2	piao2	赣			90000		
嫡	tiʔ7	dik6	di2	赣			90000		
嫦	sɔŋ2	song2	chang2	赣			120000		
嫩	nən6	nen5	nen4	赣			260000		
嬉	hi1	hi1	xi1	赣			78730		
子	tsɿ3	zi3	zi5	赣			450000		
孔	kʰuŋ3	kung3	kong3	赣			170000		
孕	iŋ6	ying5	yun4	赣			120000		
字	sɿ6	si5	zi4	赣			380000		
存	tʰən2	ten2	cun2	赣			170000		
孙	sən1	sen1	sun1	赣			120000		
孝	hau5	hau4	xiao4	赣			145000		
孟	mɛŋ6	mêng5	meng4	赣			120000		
季	kui5	gui4	ji4	赣			120000		
孤	ku1	gu1	gu1	赣			120000		
学	hɔʔ8	hok7	xue2	赣			370000		
孩	hɔi2	hoi2	hai2	赣			120000		
孺	ɵ6	o5	ru2	赣			123000		
孽	niap7	niap6	nie4	赣			120000		
宁	niaŋ2	niang2	ning2	赣			120000		
宁	niŋ2	ning2	ning2	赣			120000		
宅	tʰɛʔ8	têk7	zhai2	赣			145000		
宇	y3	yu3	yu3	赣			120000		
守	ɕiu3	xiu3	shou3	赣			120000		
安	ɔn1	on1	an1	赣			245000		
宋	suŋ5	sung4	song4	赣			145000		
宏	fɛŋ2	fêng2	hong2	赣			125000		
宏	uaŋ2	wang2	hong2	白			125000		
宗	tsuŋ1	zung1	zong1	赣			170000		
官	kuɔn1	guon1	guan1	赣			120000		
宙	tɕʰiu6	qiu5	zhou4	赣			104086		
定	hiaŋ6	hiang5	ding4	赣			120000		
定	hiŋ6	hing5	ding4	文			120000		
宜	ŋi2	ngi2	yi2	赣			120000		
宝	pɔu3	bou3	bao3	赣			170000		
实	ɕiʔ8	xik7	shi2	赣			350000		
宠	tsʰuŋ3	cung3	chong3	赣			120000		
审	ɕim3	xim3	shen3	赣			120000		
客	kʰaʔ7	kak6	ke4	赣			120000		
宣	ɕiɛn1	xiên1	xuan1	赣			145000		
室	ɕiʔ7	xik6	shi4	赣			120000		
宦	fan6	fan5	huan4	赣			100325		
宪	hiɛn5	hiên4	xian4	赣			170000		
宫	kiuŋ1	giung1	gong1	赣			125000		
宰	tsai3	zai3	zai3	赣			120000		
害	hɔi6	hoi5	hai4	赣			120000		
宵	ɕiau1	xiau1	xiao1	赣			120000		
家	ka1	ga1	jia1	赣			370000		
容	iuŋ2	yiung2	rong2	赣			150000		
宽	kʰuɔn1	kuon1	kuan1	赣			125000		
宾	pin1	bin1	bin1	赣			120000		
宿	ɕiu5	xiu4	su4	赣			125000		
宿	ɕiuʔ7	xiuk6	su4	赣			125000		
寄	ki5	gi4	ji4	赣			120000		
寅	in2	yin2	yin2	赣			120000		
密	miʔ7	mik6	mi4	文			120000		
密	miʔ8	mik7	mi4	赣			120000		
寇	kʰɛu5	kêu4	kou4	赣			120000		
富	fu5	fu4	fu4	赣			150000		
寒	hɔn2	hon2	han2	赣			120000		
寓	y6	yu5	yu4	赣			106824		
寝	tʰim3	tim3	qin3	赣			120000		
寞	mɔʔ7	mok6	mo4	赣			120000		
察	tʰaiʔ7	taik6	cha2	赣			120000		
寡	kua3	gua3	gua3	赣			120000		
寨	tʰai6	tai5	zhai4	赣			120000		
寮	tiau2	diau2	liao2	赣			73948		
寸	tʰən5	ten4	cun4	赣			120000		
对	tɔi5	doi4	dui4	赣			434674		
寺	sɿ6	si5	si4	赣			120000		
寻	tʰim2	tim2	xun2	赣			120000		
寻	ɕim2	xim2	xun2	赣			120000		
导	hɔu6	hou5	dao3	赣			195000		
寿	ɕiu6	xiu5	shou4	赣			145000		
封	fuŋ1	fung1	feng1	赣			120000		
射	sa6	sa5	she4	赣			120000		
将	tɕiɔŋ1	jiong1	jiang1	赣			372305		
将	tɕiɔŋ5	jiong4	jiang1	赣			372305		
尉	ui5	wi4	wei4	赣			103062		
尊	tsən1	zen1	zun1	赣			120000		
小	ɕiau3	xiau3	xiao3	赣			370000		
少	sau3	sau3	shao3	赣			370000		
少	sau5	sau4	shao3	赣			370000		
尔	ŋ̍1	ng1	er3	赣			120000		
尔	ɵ3	o3	er3	赣			120000		
尖	tɕiam1	jiam1	jian1	赣			145000		
尘	tɕʰin1	qin1	chen2	赣			130000		
尚	sɔŋ6	song5	shang4	赣			120000		
尝	sɔŋ2	song2	chang2	赣			145000		
尤	iu2	yiu2	you2	赣			145000		
尧	ŋiau2	ngiau2	yao2	赣			175000		
尬	kai5	gai4	ga4	赣			120000		
就	tʰiu6	tiu5	jiu4	赣			523122		
尴	kam1	gam1	gan1	赣			120000		
尸	ɕi1	xi1	shi1	赣			123000		
尹	vin3	vin3	yin3	赣			90000		
尺	tsʰaʔ7	cak6	chi3	赣			120000		
尼	ni2	ni2	ni2	赣			120000		
尽	tsən3	zen3	jin3	赣			120000		
尽	tʰin6	tin5	jin3	赣			120000		
尾	mi3	mi3	wei3	赣			120000		
尿	niau6	niau5	niao4	赣			130000		
局	kʰiuʔ8	kiuk7	ju2	赣			120000		
屁	pʰi5	pi4	pi4	赣			120000		
层	tʰɛŋ2	têng2	ceng2	赣			330000		
屄	piɛʔ7	biêk6	bi1	赣			120000		
居	ky1	gyu1	ju1	赣			120000		
屈	kʰuiʔ7	kuik6	qu1	赣			120000		
届	kai5	gai4	jie4	赣			120000		
屋	uʔ7	wuk6	wu1	赣			120000		
屎	ɕi3	xi3	shi3	赣			155000		
屏	pʰiŋ2	ping2	ping2	赣			150000		
屐	kʰiaʔ8	kiak7	ji1	赣			115000		
屑	ɕiɛʔ7	xiêk6	xie4	赣			145000		
展	tɕiɛn3	jiên3	zhan3	赣			261054		
屙	lɔ1	lo1	e1	赣			120000		
属	suʔ8	suk7	shu3	赣			120000		
屠	hu2	hu2	tu2	赣			120000		
屡	ty3	dyu3	lv3	赣			120000		
履	ti3	di3	lv3	赣			120000		
山	san1	san1	shan1	赣			245000		
岁	ɕy5	xyu4	sui4	赣			120000		
岂	kʰi3	ki3	qi3	赣			120000		
岐	kʰi2	ki2	qi2	赣			73440		
岔	tʰa5	ta4	cha4	赣			120000		
岗	kɔŋ1	gong1	gang3	赣			120000		
岛	tɔu3	dou3	dao3	赣			120000		
岩	ŋam2	ngam2	yan2	赣			100329		
岭	tiaŋ3	diang3	ling3	赣			120000		
岳	ŋɔʔ7	ngok6	yue4	赣			120000		
岸	ŋɔn6	ngon5	an4	赣			120000		
峡	hap8	hap7	xia2	赣			170000		
峰	fuŋ1	fung1	feng1	赣			120000		
崇	tʰuŋ2	tung2	chong2	赣			120000		
崔	tʰɔi1	toi1	cui1	赣			120000		
崖	ŋai2	ngai2	ya2	赣			103709		
崩	pɛŋ1	bêng1	beng1	赣			220000		
崭	tsam3	zam3	zhan3	赣			120000		
崽	tsɛi1	zêi1	zai3	赣			145000		
嵌	kʰam5	kam4	qian4	赣			120000		
嵩	ɕiuŋ1	xiung1	song1	赣			90000		
巍	ui2	wi2	wei1	赣			107668		
川	tɕʰiɛn1	qiên1	chuan1	赣			120000		
州	tɕiu1	jiu1	zhou1	赣			245000		
巡	sən2	sen2	xun2	赣			120000		
巢	tʰau2	tau2	chao2	赣			120000		
工	kuŋ1	gung1	gong1	赣			220000		
左	tsɔ3	zo3	zuo3	赣			145000		
巧	kʰau3	kau3	qiao3	赣			120000		
巨	kʰy6	kyu5	ju4	赣			120000		
巩	kiuŋ3	giung3	gong3	赣			108130		
巫	u2	wu2	wu1	赣			120000		
差	tsʰa1	ca1	cha4	文			120000		
差	tʰa1	ta1	cha4	赣			120000		
差	tʰai1	tai1	cha4	赣			120000		
己	ki3	gi3	ji3	赣			120000		
已	i3	yi3	yi3	赣			210000		
巳	sɿ6	si5	si4	赣			145000		
巴	pa1	ba1	ba1	赣			120000		
巷	hɔŋ6	hong5	xiang4	赣			120000		
巽	sən5	sen4	xun4	赣			77465		
巾	kin1	gin1	jin1	文			120000		
巾	kyn1	gyun1	jin1	赣			120000		
币	pʰi6	pi5	bi4	赣			265000		
市	ɕi6	xi5	shi4	赣			160000		
布	pu5	bu4	bu4	赣			130000		
帅	sai5	sai4	shuai4	赣			120000		
帆	fam2	fam2	fan1	赣			120000		
师	sɿ1	si1	shi1	赣			120000		
希	hi1	hi1	xi1	赣			120000		
帐	tsɔŋ5	zong4	zhang4	赣			120000		
帖	hiap7	hiap6	tie1	赣			160000		
帘	tiam2	diam2	lian2	赣			145000		
帛	pʰɛʔ8	pêk7	bo2	赣			90000		
帝	ti5	di4	di4	赣			145000		
带	tai5	dai4	dai4	赣			370000		
席	tʰiaʔ8	tiak7	xi2	赣			120000		
席	ɕiʔ8	xik7	xi2	文			120000		
帮	pɔŋ1	bong1	bang1	赣			170000		
常	sɔŋ2	song2	chang2	赣			120000		
常	tsʰɔŋ2	cong2	chang2	文			120000		
帽	mɔu6	mou5	mao4	赣			120000		
幅	fuʔ7	fuk6	fu2	赣			145000		
幔	mɔn6	mon5	man4	赣			90000		
幕	mɔʔ7	mok6	mu4	赣			121000		
幛	tsɔŋ5	zong4	zhang4	赣			120000		
干	kɔn1	gon1	gan4	赣			125000		
干	kɔn5	gon4	gan4	赣			125000		
干	kʰiɛn2	kiên2	gan4	赣			125000		
平	pʰiaŋ2	piang2	ping2	赣			120000		
平	pʰiŋ2	ping2	ping2	文			120000		
年	niɛn2	niên2	nian2	赣			498559		
并	piŋ5	bing4	bing4	赣			415230		
并	pʰin6	pin5	bing4	赣			415230		
幸	hɛŋ6	hêng5	xing4	赣			120000		
幺	iau1	yau1	yao1	赣			76187		
幻	fan6	fan5	huan4	赣			120000		
幼	iu5	yiu4	you4	赣			120000		
幽	iu1	yiu1	you1	赣			145000		
广	kuɔŋ3	guong3	guang3	赣			120000		
庄	tsɔŋ1	zong1	zhuang1	赣			120000		
庆	kʰiŋ5	king4	qing4	赣			120000		
庇	pi5	bi4	bi4	赣			106922		
床	sɔŋ2	song2	chuang2	赣			120000		
序	ɕy6	xyu5	xu4	赣			170000		
庐	lu2	lu2	lu2	赣			120000		
库	kʰu5	ku4	ku4	赣			310000		
应	iŋ1	ying1	ying1	赣			120000		
应	iŋ5	ying4	ying1	赣			120000		
应	ɛŋ5	êng4	ying1	白			120000		
底	ti3	di3	di3	赣			245000		
庖	pʰɔu2	pou2	pao2	赣			71157		
店	tiam5	diam4	dian4	赣			195000		
庙	miau6	miau5	miao4	赣			120000		
庚	kɛŋ1	gêng1	geng1	赣			120000		
府	fu3	fu3	fu3	赣			120000		
庞	pʰɔŋ2	pong2	pang2	赣			109027		
废	fi5	fi4	fei4	赣			120000		
度	hu6	hu5	du4	赣			386023		
度	tʰu6	tu5	du4	文			386023		
座	tʰɔ6	to5	zuo4	赣			120000		
庵	ɔm1	om1	an1	赣			120000		
庶	ɕy5	xyu4	shu4	赣			120000		
康	kʰɔŋ1	kong1	kang1	赣			120000		
庸	iuŋ2	yiung2	yong1	赣			120000		
廉	tiam2	diam2	lian2	赣			120000		
廊	lɔŋ2	long2	lang2	赣			120000		
廓	kʰuɔʔ7	kuok6	kuo4	赣			120000		
廖	tiau6	diau5	liao4	赣			90000		
廯	tʰiɛn3	tiên3	xian1	赣			4132		
延	iɛn1	yên1	yan2	赣			125000		
廷	hiŋ2	hing2	ting2	赣			120000		
建	kiɛn5	giên4	jian4	赣			120000		
开	kʰɔi1	koi1	kai1	赣			370000		
异	i6	yi5	yi4	赣			150000		
弃	kʰi5	ki4	qi4	赣			101620		
弄	luŋ6	lung5	nong4	赣			170000		
弊	pʰi6	pi5	bi4	赣			120000		
弋	iʔ8	yik7	yi4	赣			140000		
式	ɕiʔ7	xik6	shi4	赣			120000		
弓	kiuŋ1	giung1	gong1	赣			145000		
引	in3	yin3	yin3	赣			120000		
弟	hi1	hi1	di4	赣			120000		
张	tsɔŋ1	zong1	zhang1	赣			170000		
弥	mi2	mi2	mi2	赣			120000		
弦	hiɛn2	hiên2	xian2	赣			120000		
弯	uan1	wan1	wan1	赣			120000		
弱	ŋiɔʔ7	ngiok6	ruo4	赣			120000		
弹	han6	han5	dan4	赣			135000		
弹	tʰan2	tan2	dan4	赣			135000		
强	kʰiɔŋ2	kiong2	qiang2	赣			120000		
强	kʰiɔŋ3	kiong3	qiang2	赣			120000		
弼	pʰiʔ7	pik6	bi4	赣			90000		
弼	pʰiʔ8	pik7	bi4	赣			90000		
归	kui1	gui1	gui1	赣			120000		
当	tɔŋ1	dong1	dang1	赣			370000		
当	tɔŋ5	dong4	dang1	赣			370000		
录	tiuʔ7	diuk6	lu4	赣			120000		
形	hiŋ2	hing2	xing2	赣			145000		
彩	tʰai3	tai3	cai3	赣			120000		
彪	piau1	biau1	biao1	赣			170000		
彬	pin1	bin1	bin1	赣			120000		
彭	pʰaŋ2	pang2	peng2	赣			120000		
影	iaŋ3	yang3	ying3	赣			120000		
影	iŋ3	ying3	ying3	文			120000		
彷	fɔŋ3	fong3	pang2	赣			90000		
役	uiʔ7	wik6	yi4	赣			120000		
彻	tɕʰiɛʔ8	qiêk7	che4	赣			120000		
彼	pi3	bi3	bi3	赣			120000		
往	uɔŋ3	wong3	wang3	赣			245000		
征	tɕiŋ1	jing1	zheng1	赣			120000		
径	kiŋ5	ging4	jing4	赣			120000		
待	hai6	hai5	dai4	赣			205000		
很	hɛn3	hên3	hen3	赣			235000		
律	tɔiʔ7	doik6	lv4	赣			245000		
徐	tʰɛ2	tê2	xu2	赣			120000		
徒	hu2	hu2	tu2	赣			120000		
得	tɛʔ7	dêk6	de2	赣			384479		
徛	kʰi1	ki1	ji4	赣			120000		
御	ny6	nyu5	yu4	赣			102098		
循	sən2	sen2	xun2	赣			120000		
微	ui2	wi2	wei1	赣			120000		
德	tɛʔ7	dêk6	de2	赣			124589		
徽	fi1	fi1	hui1	赣			120000		
心	ɕim1	xim1	xin1	赣			195000		
必	piʔ7	bik6	bi4	赣			145000		
忆	i5	yi4	yi4	赣			120000		
忌	kʰi6	ki5	ji4	赣			125000		
忍	ŋin3	ngin3	ren3	赣			120000		
志	tɕi5	ji4	zhi4	赣			120000		
忘	uɔŋ2	wong2	wang4	赣			120000		
忙	mɔŋ2	mong2	mang2	赣			220000		
忠	tsuŋ1	zung1	zhong1	赣			120000		
忧	iu1	yiu1	you1	赣			120000		
快	kʰuai5	kuai4	kuai4	赣			280000		
念	niam6	niam5	nian4	赣			220000		
忽	fɛʔ7	fêk6	hu1	赣			196400		
忿	fɛn5	fên4	fen4	赣			109322		
怀	fai6	fai5	huai2	赣			120000		
怀	uai2	wai2	huai2	赣			120000		
态	hai5	hai4	tai4	赣			120000		
怂	suŋ3	sung3	song3	赣			73515		
怒	lu6	lu5	nu4	赣			120000		
怕	pʰa5	pa4	pa4	赣			255000		
怖	pu5	bu4	bu4	赣			100831		
怜	tiɛn2	diên2	lian2	赣			120000		
思	sɿ1	si1	si1	赣			120000		
怠	hai6	hai5	dai4	赣			120000		
急	kip7	gip6	ji2	赣			250000		
怨	viɛn5	viên4	yuan4	赣			120000		
怪	kuai5	guai4	guai4	赣			120000		
怯	kʰiap7	kiap6	qie4	赣			120000		
怱	tʰuŋ1	tung1	cong1	赣			5281		
总	tsuŋ3	zung3	zong3	赣			370000		
恋	tiɛn6	diên5	lian4	赣			120000		
恐	kʰiuŋ3	kiung3	kong3	赣			120000		
恒	hɛŋ2	hêng2	heng2	赣			120000		
恕	ɕy5	xyu4	shu4	赣			104005		
恙	iɔŋ6	yong5	yang4	赣			76296		
恢	fɔi1	foi1	hui1	赣			120000		
恤	sɔiʔ7	soik6	xu4	赣			120000		
恨	hɛn6	hên5	hen4	赣			170000		
恩	ɛn1	ên1	en1	赣			195000		
恭	kiuŋ1	giung1	gong1	赣			120000		
息	ɕiʔ7	xik6	xi1	赣			145000		
恰	kʰap7	kap6	qia4	赣			120000		
恳	kʰɛn3	kên3	ken3	赣			120000		
恶	u5	wu4	e4	赣			195000		
恶	ɔʔ7	ok6	e4	赣			195000		
恺	kʰɔi3	koi3	kai3	赣			78140		
恻	tʰɛʔ7	têk6	ce4	赣			79665		
恼	nɔu3	nou3	nao3	赣			120000		
悉	ɕiʔ7	xik6	xi1	赣			108873		
悔	fi5	fi4	hui3	赣			145000		
悔	fɔi3	foi3	hui3	赣			145000		
悟	ŋu6	ngu5	wu4	赣			120000		
悠	iu2	yiu2	you1	赣			120000		
患	fan6	fan5	huan4	赣			120000		
悦	viɛʔ7	viêk6	yue4	赣			120000		
悬	fiɛn2	fiên2	xuan2	赣			120000		
悭	kʰɛŋ1	kêng1	qian1	赣			74353		
悯	min3	min3	min3	赣			120000		
悲	pi1	bi1	bei1	赣			120000		
情	tʰiŋ2	ting2	qing2	赣			120000		
惊	kiaŋ1	giang1	jing1	赣			120000		
惑	fɛʔ8	fêk7	huo4	赣			120000		
惟	ui2	wi2	wei2	赣			145000		
惠	fi6	fi5	hui4	赣			145000		
惧	kʰy6	kyu5	ju4	赣			104048		
惨	tʰam3	tam3	can3	赣			120000		
惩	tɕʰiŋ2	qing2	cheng2	赣			105794		
惭	tʰam2	tam2	can2	赣			120000		
惯	kuan5	guan4	guan4	赣			120000		
惰	hɔ6	ho5	duo4	赣			120000		
想	ɕiɔŋ3	xiong3	xiang3	赣			120000		
惹	nia3	nia3	re3	赣			200000		
愁	sɛu2	sêu2	chou2	赣			120000		
愈	y3	yu3	yu4	赣			102307		
愉	y2	yu2	yu2	赣			107329		
意	i5	yi4	yi4	赣			145000		
愚	ny2	nyu2	yu2	赣			120000		
感	kɔm3	gom3	gan3	赣			145000		
愤	fɛn5	fên4	fen4	赣			102996		
愧	kʰui5	kui4	kui4	赣			120000		
愿	uan6	wan5	yuan4	赣			120000		
慈	sɿ2	si2	ci2	赣			120000		
慌	fɔŋ1	fong1	huang1	赣			120000		
慎	ɕin6	xin5	shen4	赣			120000		
慕	mu6	mu5	mu4	赣			120000		
慢	man6	man5	man4	赣			220000		
慧	fi5	fi4	hui4	赣			145000		
慧	fi6	fi5	hui4	赣			145000		
慨	kʰɔi5	koi4	kai3	赣			120000		
慰	ui5	wi4	wei4	赣			120000		
慷	kʰɔŋ3	kong3	kang1	赣			100431		
憾	hɔm6	hom5	han4	赣			103833		
懂	tuŋ3	dung3	dong3	赣			370000		
懊	ɔu5	ou4	ao4	赣			105404		
懒	lan3	lan3	lan3	赣			220000		
懵	muŋ3	mung3	meng3	赣			90000		
懿	i5	yi4	yi4	赣			90000		
戊	u6	wu5	wu4	赣			145000		
戌	sɔiʔ7	soik6	xu1	赣			145000		
戍	ɕyʔ7	xyuk6	shu4	赣			70725		
戎	iuŋ2	yiung2	rong2	赣			120000		
戏	hi5	hi4	xi4	赣			120000		
成	saŋ2	sang2	cheng2	赣			416686		
成	tsʰaŋ2	cang2	cheng2	赣			416686		
成	ɕiŋ2	xing2	cheng2	文			416686		
我	a1	a1	wo3	赣			578841		
我	ŋɔ3	ngo3	wo3	文			578841		
戒	kai5	gai4	jie4	赣			120000		
或	fɛʔ8	fêk7	huo4	赣			135000		
战	tɕiɛn5	jiên4	zhan4	赣			145000		
戚	tʰiʔ7	tik6	qi1	赣			120000		
戟	kiʔ7	gik6	ji3	赣			90000		
戥	tɛŋ3	dêng3	deng3	赣			120000		
截	tʰiɛʔ8	tiêk7	jie2	赣			145000		
戮	tiuʔ7	diuk6	lu4	赣			76420		
戳	tʰɔʔ7	tok6	chuo1	赣			370000		
戴	tai5	dai4	dai4	赣			120000		
户	fu6	fu5	hu4	赣			170000		
房	fɔŋ2	fong2	fang2	赣			120000		
所	su3	su3	suo3	赣			370000		
扁	piɛn3	biên3	bian3	赣			120000		
扇	ɕiɛn5	xiên4	shan4	赣			120000		
手	ɕiu3	xiu3	shou3	赣			370000		
才	tʰai2	tai2	cai2	赣			384590		
扎	tsaiʔ7	zaik6	zha1	赣			120000		
扑	pʰuʔ8	puk7	pu1	赣			120000		
打	ta3	da3	da3	赣			370000		
扔	iŋ2	ying2	reng1	赣			115300		
托	hɔʔ7	hok6	tuo1	赣			125000		
扛	kɔŋ1	gong1	kang2	赣			145000		
扣	kʰɛu5	kêu4	kou4	赣			150000		
扦	tʰiɛn1	tiên1	qian1	赣			5820		
执	tɕip7	jip6	zhi2	赣			120000		
扩	kʰuɔʔ7	kuok6	kuo4	赣			120000		
扫	su5	su4	sao3	赣			135000		
扫	sɔu3	sou3	sao3	赣			135000		
扫	sɔu5	sou4	sao3	赣			135000		
扬	iɔŋ2	yong2	yang2	赣			120000		
扭	niu3	niu3	niu3	赣			120000		
扯	tsʰa3	ca3	che3	赣			120000		
扰	iau3	yau3	rao3	赣			120000		
扳	pan1	ban1	ban1	赣			120000		
扳	pan5	ban4	ban1	赣			120000		
扶	fu2	fu2	fu2	赣			120000		
批	pʰi1	pi1	pi1	赣			120000		
扼	ŋɛʔ7	ngêk6	e4	赣			109340		
找	tsau3	zau3	zhao3	赣			370000		
承	ɕiŋ2	xing2	cheng2	赣			120000		
技	kʰi6	ki5	ji4	赣			120000		
抄	tʰau1	tau1	chao1	赣			145000		
把	pa3	ba3	ba3	赣			120000		
把	pai1	bai1	ba3	赣			120000		
投	hɛu2	hêu2	tou2	赣			120000		
抖	tɛu3	dêu3	dou3	赣			120000		
抗	kʰɔŋ5	kong4	kang4	赣			120000		
折	tsap7	zap6	zhe2	赣			120000		
折	tɕiɛʔ7	jiêk6	zhe2	赣			120000		
折	ɕiɛʔ8	xiêk7	zhe2	赣			120000		
抚	fu3	fu3	fu3	赣			120000		
抛	pʰau1	pau1	pao1	赣			120000		
抢	tʰiɔŋ3	tiong3	qiang3	赣			120000		
护	fu6	fu5	hu4	赣			120000		
报	pɔu5	bou4	bao4	赣			180000		
披	pʰi1	pi1	pi1	赣			120000		
抬	hai2	hai2	tai2	赣			120000		
抱	pʰɔu6	pou5	bao4	赣			145000		
抲	kʰa1	ka1	he1	赣			120000		
抵	ti3	di3	di3	赣			120000		
抹	mɔiʔ7	moik6	mo3	赣			146366		
押	ap7	ap6	ya1	赣			125000		
抽	tɕʰiu1	qiu1	chou1	赣			170000		
拂	fɛʔ7	fêk6	fu2	赣			120000		
担	tam1	dam1	dan1	赣			120000		
担	tam5	dam4	dan1	赣			120000		
拆	tʰaʔ7	tak6	chai1	赣			145000		
拇	mu3	mu3	mu3	赣			170000		
拈	niam1	niam1	nian1	赣			133000		
拉	la1	la1	la1	赣			370000		
拌	pʰɔn6	pon5	ban4	赣			120000		
拍	pʰaʔ7	pak6	pai1	赣			120000		
拐	kuai3	guai3	guai3	赣			120000		
拒	kʰy6	kyu5	ju4	赣			120000		
拔	pʰaiʔ8	paik7	ba2	赣			120000		
拖	hɔ1	ho1	tuo1	赣			170000		
拗	au5	au4	ao3	赣			130000		
拗	ŋau3	ngau3	ao3	赣			130000		
拘	ky1	gyu1	ju1	赣			120000		
招	tsau1	zau1	zhao1	赣			125000		
拜	pai5	bai4	bai4	赣			120000		
拟	ŋi3	ngi3	ni3	赣			130000		
拢	luŋ3	lung3	long3	赣			350000		
拣	kan3	gan3	jian3	赣			142340		
拥	iuŋ5	yiung4	yong1	赣			120000		
拦	lan2	lan2	lan2	赣			120000		
拨	pɔiʔ8	boik7	bo1	赣			120000		
择	tʰaʔ8	tak7	ze2	赣			145000		
括	kuɔiʔ7	guoik6	kuo4	赣			106247		
拯	tɕiŋ3	jing3	zheng3	赣			120000		
拳	kʰuan2	kuan2	quan2	赣			145000		
拼	pʰin1	pin1	pin1	赣			120000		
拾	ɕip8	xip7	shi2	赣			120000		
拿	na2	na2	na2	赣			370000		
拿	naʔ7	nak6	na2	赣			370000		
挂	kua5	gua4	gua4	赣			130000		
指	tɕi3	ji3	zhi3	赣			375000		
按	ɔn5	on4	an4	赣			370000		
挑	hiau1	hiau1	tiao1	赣			120000		
挖	uaiʔ7	waik6	wa1	赣			135000		
挚	tɕi5	ji4	zhi4	赣			102948		
挠	nau2	nau2	nao2	赣			109311		
挡	tɔŋ3	dong3	dang3	赣			170000		
挤	tɕi3	ji3	ji3	赣			120000		
挥	fi1	fi1	hui1	赣			120000		
挦	tʰiam2	tiam2	xian2	赣			90000		
挨	ai1	ai1	ai1	赣			145000		
挨	ŋai2	ngai2	ai1	赣			145000		
挺	hiŋ3	hing3	ting3	赣			135000		
挽	uan3	wan3	wan3	赣			120000		
捆	kʰun3	kun3	kun3	赣			120000		
捉	tsɔʔ7	zok6	zhuo1	赣			120000		
捋	lɔiʔ8	loik7	lv3	赣			90000		
捐	kuan1	guan1	juan1	赣			120000		
捕	pʰu6	pu5	bu3	赣			106747		
捞	lɔu1	lou1	lao1	赣			145000		
损	sən3	sen3	sun3	赣			120000		
换	uɔn6	won5	huan4	赣			350000		
捣	tɔu3	dou3	dao3	赣			120000		
捩	tɛʔ8	dêk7	lie4	赣			120000		
据	ky5	gyu4	ju4	赣			120000		
捷	tʰiap8	tiap7	jie2	赣			120000		
捺	naiʔ7	naik6	na4	赣			120000		
掀	hiɛn1	hiên1	xian1	赣			120000		
掇	tɔiʔ7	doik6	duo1	赣			132650		
授	ɕiu6	xiu5	shou4	赣			145000		
掌	tsɔŋ3	zong3	zhang3	赣			145000		
掐	kʰap7	kap6	qia1	赣			120000		
排	pʰai2	pai2	pai2	赣			175000		
掠	tiɔʔ8	diok7	lve4	赣			106779		
探	ham5	ham4	tan4	赣			120000		
接	tɕiap7	jiap6	jie1	赣			250000		
控	kʰuŋ5	kung4	kong4	赣			125000		
推	hɔi1	hoi1	tui1	赣			120000		
推	tʰy1	tyu1	tui1	文			120000		
掩	iam3	yam3	yan3	赣			120000		
措	tʰɔ5	to4	cuo4	赣			105010		
掸	tan3	dan3	dan3	赣			76597		
描	miau2	miau2	miao2	赣			120000		
提	hi2	hi2	ti2	赣			120000		
插	tʰap7	tap6	cha1	赣			120000		
揖	ip7	yip6	yi1	赣			90000		
握	ɔiʔ7	oik6	wo4	赣			195000		
揩	kʰai1	kai1	kai1	赣			120000		
揪	tɕiu2	jiu2	jiu1	赣			120000		
揫	tɕiu1	jiu1	jiu1	赣			4987		
揭	kʰiɛʔ7	kiêk6	jie1	赣			120000		
援	viɛn2	viên2	yuan2	赣			120000		
揽	lam3	lam3	lan3	赣			120000		
搁	kɔʔ7	gok6	ge1	赣			120000		
搂	lɔ2	lo2	lou3	赣			125000		
搅	kau3	gau3	jiao3	赣			120000		
搊	tʰɛu1	têu1	chou1	赣			120000		
搓	tʰɔ1	to1	cuo1	赣			120000		
搜	sɛu1	sêu1	sou1	赣			130000		
搞	kau3	gau3	gao3	赣			239085		
搧	ɕiɛn1	xiên1	shan1	赣			4720		
搪	hɔŋ2	hong2	tang2	赣			90000		
搬	pɔn1	bon1	ban1	赣			120000		
搭	tap7	dap6	da1	赣			200000		
搲	via3	via3	wa1	赣			120000		
携	hi2	hi2	xie2	赣			104562		
搽	tʰa2	ta2	cha2	赣			120000		
摄	sap7	sap6	she4	赣			105141		
摆	pai1	bai1	bai3	赣			145000		
摇	iau2	yau2	yao2	赣			145000		
摊	han1	han1	tan1	赣			120000		
摘	tsaʔ7	zak6	zhai1	赣			148904		
摩	mɔ2	mo2	mo2	赣			120000		
摪	tʰiɔŋ5	tiong4	jiang1	赣			5049		
摸	ma1	ma1	mo1	赣			120000		
摸	mɔ1	mo1	mo1	赣			120000		
摸	mɔʔ7	mok6	mo1	赣			120000		
摹	mu2	mu2	mo2	赣			120000		
撇	pʰiɛʔ7	piêk6	pie1	赣			220000		
撑	tʰaŋ1	tang1	cheng1	赣			195000		
撑	tʰaŋ5	tang4	cheng1	赣			195000		
撒	saiʔ8	saik7	sa1	赣			125000		
撕	sɿ1	si1	si1	赣			120000		
撚	niɛn3	niên3	nian3	赣			120000		
撞	tʰɔŋ6	tong5	zhuang4	赣			120000		
撤	tɕʰiɛʔ8	qiêk7	che4	赣			120000		
撩	tiau2	diau2	liao1	赣			120000		
播	pɔ5	bo4	bo1	赣			175000		
撮	tsɔp7	zop6	cuo1	赣			120000		
撮	tʰɔiʔ7	toik6	cuo1	赣			120000		
撰	tʰɔn6	ton5	zhuan4	赣			105913		
擀	kɔn3	gon3	gan3	赣			4089		
擂	ly2	lyu2	lei2	赣			120000		
擅	ɕiɛn6	xiên5	shan4	赣			109706		
操	tʰɔu1	tou1	cao1	赣			150000		
擎	kʰiaŋ2	kiang2	qing2	赣			120000		
擒	kʰim2	kim2	qin2	赣			120000		
擦	tʰaiʔ7	taik6	ca1	赣			145000		
攀	pʰan1	pan1	pan1	赣			120000		
攘	iɔŋ3	yong3	rang3	赣			70380		
支	tɕi1	ji1	zhi1	赣			120000		
收	ɕiu1	xiu1	shou1	赣			145000		
改	kɔi3	goi3	gai3	赣			370000		
攻	kuŋ1	gung1	gong1	赣			120000		
放	fɔŋ5	fong4	fang4	赣			370000		
政	tɕiŋ5	jing4	zheng4	赣			120000		
故	ku5	gu4	gu4	赣			120000		
效	hau6	hau5	xiao4	赣			133508		
敌	hiʔ8	hik7	di2	赣			120000		
敍	ɕy6	xyu5	xu4	赣			120000		
敏	min3	min3	min3	赣			145000		
救	kiu5	giu4	jiu4	赣			145000		
教	kau5	gau4	jiao4	赣			310000		
敛	tiam6	diam5	lian3	赣			106177		
敝	pʰi6	pi5	bi4	赣			90000		
敢	kɔm3	gom3	gan3	赣			120000		
散	san5	san4	san4	赣			200000		
敥	iam6	yam5	yan4	赣			120000		
敦	tən1	den1	dun1	赣			120000		
敦	tən5	den4	dun1	赣			120000		
敬	kiŋ5	ging4	jing4	赣			120000		
数	su3	su3	shu4	赣			310000		
数	su5	su4	shu4	赣			310000		
敲	kʰau1	kau1	qiao1	赣			120000		
整	tsaŋ3	zang3	zheng3	赣			120000		
整	tɕiŋ3	jing3	zheng3	文			120000		
敷	fu1	fu1	fu1	赣			120000		
文	uɛn2	wen2	wen2	赣			448967		
斋	tsai1	zai1	zhai1	赣			120000		
斑	pan1	ban1	ban1	赣			120000		
斗	tɛu1	dêu1	dou4	赣			180000		
斗	tɛu3	dêu3	dou4	赣			180000		
斗	tɛu5	dêu4	dou4	赣			180000		
料	tiau6	diau5	liao4	赣			195000		
斜	tʰia2	tia2	xie2	赣			120000		
斟	tɕim1	jim1	zhen1	赣			120000		
斢	tʰiau3	tiau3	tiao3	赣			120000		
斤	kin1	gin1	jin1	赣			120000		
斧	fu3	fu3	fu3	赣			120000		
斩	tsam3	zam3	zhan3	赣			125000		
斫	tsɔʔ7	zok6	zhuo2	赣			73168		
斫	tɔʔ8	dok7	zhuo2	赣			73168		
斯	sɿ1	si1	si1	赣			145000		
新	ɕim1	xim1	xin1	赣			370000		
新	ɕin1	xin1	xin1	赣			370000		
方	fɔŋ1	fong1	fang1	赣			245000		
施	ɕi1	xi1	shi1	赣			145000		
施	ɕi5	xi4	shi1	赣			145000		
旁	pʰɔŋ2	pong2	pang2	赣			120000		
旅	ty3	dyu3	lv3	赣			120000		
旋	ɕiɛn2	xiên2	xuan2	赣			120000		
旋	ɕiɛn6	xiên5	xuan2	赣			120000		
族	tʰuʔ8	tuk7	zu2	赣			170000		
旗	kʰi2	ki2	qi2	赣			120000		
无	u2	wu2	wu2	赣			370000		
既	ki5	gi4	ji4	赣			155000		
日	ŋiʔ8	ngik7	ri4	赣			120000		
旦	tan5	dan4	dan4	赣			145000		
旧	kʰiu6	kiu5	jiu4	赣			370000		
旨	tɕi3	ji3	zhi3	赣			120000		
早	tsɔu3	zou3	zao3	赣			350000		
旬	sən2	sen2	xun2	赣			120000		
旭	hiuʔ7	hiuk6	xu4	赣			125000		
旱	hɔn6	hon5	han4	赣			120000		
时	ɕi2	xi2	shi2	赣			290000		
旷	kʰuɔŋ5	kuong4	kuang4	赣			120000		
旺	iɔŋ6	yong5	wang4	赣			120000		
昂	ŋɔŋ2	ngong2	ang2	赣			145000		
昂	ŋɔʔ8	ngok7	ang2	赣			145000		
昆	kʰun1	kun1	kun1	赣			120000		
昌	tsʰɔŋ1	cong1	chang1	赣			156892		
明	miaŋ2	miang2	ming2	赣			120000		
明	miŋ2	ming2	ming2	文			120000		
昏	fən1	fen1	hun1	赣			120000		
易	i6	yi5	yi4	赣			120000		
易	iaʔ8	yak7	yi4	赣			120000		
昔	ɕiʔ7	xik6	xi1	赣			120000		
星	ɕiaŋ1	xiang1	xing1	赣			120000		
映	iŋ5	ying4	ying4	赣			120000		
春	tsʰən1	cen1	chun1	赣			120000		
昨	tʰɔʔ8	tok7	zuo2	赣			120000		
昭	tsau1	zau1	zhao1	赣			120000		
是	ɕi1	xi1	shi4	赣			1046991		
昼	tɕiu5	jiu4	zhou4	赣			175000		
显	hiɛn3	hiên3	xian3	赣			175000		
晋	tsən5	zen4	jin4	赣			120000		
晏	an5	an4	yan4	赣			120000		
晒	sa5	sa4	shai4	赣			120000		
晓	hiau3	hiau3	xiao3	赣			145000		
晕	yn1	yun1	yun1	赣			120000		
晚	uan3	wan3	wan3	赣			190000		
晨	ɕin2	xin2	chen2	赣			125000		
普	pʰu3	pu3	pu3	赣			145000		
景	kiŋ3	ging3	jing3	赣			120000		
晴	tʰiaŋ2	tiang2	qing2	赣			120000		
晶	tɕiŋ1	jing1	jing1	赣			120000		
智	tɕi5	ji4	zhi4	赣			120000		
晾	lɔŋ6	long5	liang4	赣			103960		
暂	tʰam6	tam5	zan4	赣			120000		
暄	ɕiɛn1	xiên1	xuan1	赣			90000		
暑	ɕiɛ3	xiê3	shu3	赣			150000		
暑	ɕy3	xyu3	shu3	文			150000		
暖	nɔn3	non3	nuan3	赣			120000		
暗	ɔm5	om4	an4	赣			145000		
暮	mu6	mu5	mu4	赣			120000		
暴	pau5	bau4	bao4	赣			120000		
暴	pʰɔu6	pou5	bao4	赣			120000		
曰	viɛʔ7	viêk6	yue1	赣			160000		
曲	kʰiuʔ7	kiuk6	qu1	赣			145000		
更	kaŋ1	gang1	geng4	赣			120000		
更	kɛŋ5	gêng4	geng4	赣			120000		
曹	tʰɔu2	tou2	cao2	赣			120000		
曾	tsɛŋ1	zêng1	ceng2	赣			120000		
曾	tʰɛŋ2	têng2	ceng2	赣			120000		
替	hi5	hi4	ti4	赣			120000		
替	tʰi5	ti4	ti4	赣			120000		
最	tɕy5	jyu4	zui4	赣			370000		
月	uaiʔ8	waik7	yue4	赣			120000		
有	iu3	yiu3	you3	赣			673765		
朋	pʰuŋ2	pung2	peng2	赣			120000		
服	fuʔ8	fuk7	fu2	赣			140000		
朔	sɔʔ7	sok6	shuo4	赣			71491		
朕	tɕʰim5	qim4	zhen4	赣			70509		
朗	lɔŋ1	long1	lang3	赣			120000		
朗	lɔŋ2	long2	lang3	赣			120000		
朗	lɔŋ3	long3	lang3	赣			120000		
望	mɔŋ6	mong5	wang4	赣			120000		
望	uɔŋ6	wong5	wang4	文			120000		
朝	tsau1	zau1	chao2	赣			120000		
朝	tsʰau2	cau2	chao2	赣			120000		
期	kʰi2	ki2	qi1	赣			210000		
朦	muŋ3	mung3	meng2	赣			120000		
木	muʔ8	muk7	mu4	赣			125000		
未	ui6	wi5	wei4	赣			370000		
末	mɔiʔ8	moik7	mo4	赣			145000		
本	pɛn1	bên1	ben3	赣			370000		
札	tsaiʔ7	zaik6	zha2	赣			90000		
术	ɕyʔ8	xyuk7	shu4	赣			125000		
朱	tɕy1	jyu1	zhu1	赣			170000		
朴	pʰɔʔ7	pok6	pu3	赣			120000		
朶	tɔ3	do3	duo3	赣			120000		
机	ki1	gi1	ji1	赣			145000		
朽	hiu3	hiu3	xiu3	赣			145000		
杀	saiʔ7	saik6	sha1	赣			195000		
杂	tʰap8	tap7	za2	赣			120000		
权	kʰuan2	kuan2	quan2	赣			270000		
杈	tʰa1	ta1	cha1	赣			75744		
杉	sam1	sam1	shan1	赣			120000		
杌	uiʔ8	wik7	wu4	赣			90000		
李	ti3	di3	li3	赣			120000		
杏	hɛŋ6	hêng5	xing4	赣			120000		
村	tʰən1	ten1	cun1	赣			120000		
杖	tsʰɔŋ6	cong5	zhang4	赣			120000		
杜	hu6	hu5	du4	赣			120000		
杞	ki3	gi3	qi3	赣			90000		
束	tsʰuʔ7	cuk6	shu4	赣			120000		
杠	kɔŋ5	gong4	gang1	赣			125000		
条	hiau2	hiau2	tiao2	赣			290000		
来	lɛi2	lêi2	lai2	赣			411501		
杨	iɔŋ2	yong2	yang2	赣			120000		
杪	miau3	miau3	miao3	赣			90000		
杭	hɔŋ2	hong2	hang2	赣			120000		
杯	pɔi1	boi1	bei1	赣			120000		
杰	kʰiɛʔ8	kiêk7	jie2	赣			120000		
松	suŋ1	sung1	song1	赣			120000		
松	tʰiuŋ2	tiung2	song1	赣			120000		
松	ɕiuŋ1	xiung1	song1	文			120000		
板	pan3	ban3	ban3	赣			120000		
极	kʰiʔ8	kik7	ji2	赣			120000		
构	kɛu5	gêu4	gou4	赣			120000		
枇	pʰi2	pi2	pi2	赣			90000		
枉	uɔŋ3	wong3	wang3	赣			120000		
析	ɕiʔ7	xik6	xi1	赣			120000		
枕	tɕim3	jim3	zhen3	赣			120000		
林	tim2	dim2	lin2	赣			120000		
枚	mɔi2	moi2	mei2	赣			108485		
果	kuɔ1	guo1	guo3	赣			120000		
枝	tɕi1	ji1	zhi1	赣			120000		
枢	tɕʰy1	qyu1	shu1	赣			120000		
枣	tsɔu3	zou3	zao3	赣			145000		
枪	tʰiɔŋ1	tiong1	qiang1	赣			120000		
枯	kʰu1	ku1	ku1	赣			120000		
枳	tɕi3	ji3	zhi3	赣			72484		
架	ka5	ga4	jia4	赣			145000		
枷	ka1	ga1	jia1	赣			90000		
枸	kɛu3	gêu3	gou3	赣			90000		
柄	piaŋ5	biang4	bing3	赣			120000		
柏	paʔ7	bak6	bai3	赣			120000		
某	mɛu3	mêu3	mou3	赣			370000		
柑	kɔm1	gom1	gan1	赣			120000		
染	niam3	niam3	ran3	赣			120000		
柔	iu2	yiu2	rou2	赣			120000		
柜	kʰui6	kui5	gui4	赣			120000		
柞	tʰɔʔ8	tok7	zha4	赣			120000		
查	tsa1	za1	cha2	赣			290000		
查	tʰa2	ta2	cha2	赣			290000		
柬	kan3	gan3	jian3	赣			108030		
柱	tɕʰy1	qyu1	zhu4	赣			125000		
柳	tiu3	diu3	liu3	赣			120000		
柴	sai2	sai2	chai2	赣			120000		
柿	sɿ6	si5	shi4	赣			120000		
栅	saʔ7	sak6	zha4	赣			120000		
标	piau1	biau1	biao1	赣			370000		
栈	tʰan6	tan5	zhan4	赣			120000		
栎	tiaʔ7	diak6	li4	赣			90000		
栏	lan2	lan2	lan2	赣			120000		
树	ɕy6	xyu5	shu4	赣			175000		
栖	ɕi1	xi1	qi1	赣			120000		
栗	tiʔ8	dik7	li4	赣			120000		
校	hau6	hau5	xiao4	赣			120000		
校	kau5	gau4	xiao4	赣			120000		
株	tɕiɛ1	jiê1	zhu1	赣			120000		
株	tɕy1	jyu1	zhu1	赣			120000		
样	iɔŋ6	yong5	yang4	赣			245000		
核	hɔiʔ8	hoik7	he2	赣			120000		
核	hɛʔ8	hêk7	he2	赣			120000		
根	kɛn1	gên1	gen1	赣			195000		
格	kaʔ7	gak6	ge2	赣			120000		
栽	tsai1	zai1	zai1	赣			120000		
桁	haŋ2	hang2	heng2	赣			79282		
桂	kui5	gui4	gui4	赣			120000		
桃	hɔu2	hou2	tao2	赣			120000		
案	ɔn5	on4	an4	赣			120000		
桊	kuan5	guan4	juan4	赣			13200		
桌	tsɔʔ7	zok6	zhuo1	赣			120000		
桐	hŋ̍2	hng2	tong2	赣			145000		
桐	tʰuŋ2	tung2	tong2	文			145000		
桑	sɔŋ1	song1	sang1	赣			120000		
桔	tɕiɛʔ7	jiêk6	ju2	赣			120000		
桠	a1	a1	ya1	赣			120000		
桥	kʰiau2	kiau2	qiao2	赣			120000		
桨	tɕiɔŋ3	jiong3	jiang3	赣			120000		
桩	tsɔŋ1	zong1	zhuang1	赣			120000		
桶	hŋ̍3	hng3	tong3	赣			145000		
梁	tiɔŋ2	diong2	liang2	赣			120000		
梅	mɔi2	moi2	mei2	赣			120000		
梓	tsɿ3	zi3	zi3	赣			70836		
梗	kuaŋ1	guang1	geng3	赣			120000		
梗	kɛŋ3	gêng3	geng3	赣			120000		
梦	muŋ6	mung5	meng4	赣			320000		
梧	ŋu2	ngu2	wu2	赣			120000		
梨	ti2	di2	li2	赣			120000		
梭	sɔ1	so1	suo1	赣			120000		
械	kai5	gai4	xie4	赣			145000		
梳	ɕiɛ1	xiê1	shu1	赣			120000		
检	kiam3	giam3	jian3	赣			170000		
棉	miɛn2	miên2	mian2	赣			120000		
棋	kʰi2	ki2	qi2	赣			120000		
棍	kun5	gun4	gun4	赣			120000		
棒	pɔŋ5	bong4	bang4	赣			120000		
棒	pʰɔŋ1	pong1	bang4	白			120000		
棕	tsuŋ1	zung1	zong1	赣			120000		
森	sɛm1	sêm1	sen1	赣			120000		
棺	kuɔn1	guon1	guan1	赣			120000		
椅	i3	yi3	yi3	赣			145000		
植	tɕʰiʔ8	qik7	zhi2	赣			128000		
椑	pi1	bi1	bei1	赣			13770		
椒	tɕiau1	jiau1	jiao1	赣			120000		
椰	ia2	ya2	ye1	赣			106294		
椿	tsʰən1	cen1	chun1	赣			120000		
楔	ɕiap7	xiap6	xie1	赣			90000		
楚	tʰu3	tu3	chu3	赣			125000		
楝	tiɛn6	diên5	lian4	赣			90000		
楞	lɛŋ2	lêng2	leng2	赣			13143		
楦	kʰuan5	kuan4	xuan4	赣			90000		
楷	kʰai3	kai3	kai3	赣			120000		
楼	lɛu2	lêu2	lou2	赣			120000		
概	kʰɔi5	koi4	gai4	赣			130000		
榄	lam3	lam3	lan3	赣			100687		
榆	y2	yu2	yu2	赣			107182		
榉	kɛ3	gê3	ju3	赣			70198		
榜	pɔŋ3	bong3	bang3	赣			120000		
榨	tsa5	za4	zha4	赣			120000		
榫	sən3	sen3	sun3	赣			120000		
槌	tɕʰy2	qyu2	chui2	赣			90000		
槐	fai2	fai2	huai2	赣			120000		
槟	pin1	bin1	bin1	赣			90000		
槽	tʰɔu2	tou2	cao2	赣			145000		
樟	tsɔŋ1	zong1	zhang1	赣			120000		
模	mu2	mu2	mo2	赣			170000		
横	fɛŋ6	fêng5	heng2	文			120000		
横	uaŋ2	wang2	heng2	赣			120000		
横	uaŋ6	wang5	heng2	赣			120000		
樱	iŋ1	ying1	ying1	赣			120000		
橄	kɔm3	gom3	gan3	赣			133572		
橘	kuiʔ7	guik6	ju2	赣			120000		
橙	tʰaŋ2	tang2	cheng2	赣			120000		
橱	tɕʰy2	qyu2	chu2	赣			145000		
橹	lu3	lu3	lu3	赣			90000		
檀	han2	han2	tan2	赣			120000		
欛	pa5	ba4	ba4	赣			5051		
欠	kʰiam5	kiam4	qian4	赣			120000		
欢	fɔn1	fon1	huan1	赣			120000		
欣	hin1	hin1	xin1	赣			120000		
欧	ɛu1	êu1	ou1	赣			145000		
欲	hiuʔ7	hiuk6	yu4	赣			120000		
欺	kʰi1	ki1	qi1	赣			120000		
款	kʰuɔn3	kuon3	kuan3	赣			125000		
歇	hiɛʔ7	hiêk6	xie1	赣			245000		
歉	kʰiam3	kiam3	qian4	赣			120000		
歌	kɔ1	go1	ge1	赣			145000		
止	tɕi3	ji3	zhi3	赣			145000		
正	tsau1	zau1	zheng4	赣			120000		
正	tsaŋ5	zang4	zheng4	赣			120000		
正	tɕiŋ5	jing4	zheng4	文			120000		
此	sɿ3	si3	ci3	赣			310000		
步	pʰu6	pu5	bu4	赣			150000		
武	u3	wu3	wu3	赣			120000		
歪	uai1	wai1	wai1	赣			120000		
歹	tai3	dai3	dai3	赣			120000		
死	sɿ3	si3	si3	赣			370000		
歼	tɕiam1	jiam1	jian1	赣			105537		
殃	iɔŋ1	yong1	yang1	赣			120000		
殉	sən6	sen5	xun4	赣			100710		
残	tʰan2	tan2	can2	赣			120000		
殓	tiam6	diam5	lian4	赣			90000		
殖	tɕʰiʔ8	qik7	zhi2	赣			120000		
殡	pin5	bin4	bin4	赣			90000		
段	hɔn6	hon5	duan4	赣			220000		
殷	iŋ1	ying1	yin1	赣			120000		
殿	hiɛn6	hiên5	dian4	赣			120000		
毁	fi3	fi3	hui3	赣			120000		
毅	ŋi6	ngi5	yi4	赣			105838		
毋	ŋ̍2	ng2	wu2	赣			74089		
母	mu3	mu3	mu3	赣			275000		
每	mɔi3	moi3	mei3	赣			370000		
毒	huʔ8	huk7	du2	赣			145000		
毒	hɔu6	hou5	du2	赣			145000		
比	pi3	bi3	bi3	赣			370000		
毕	piʔ7	bik6	bi4	赣			120000		
毙	pʰi6	pi5	bi4	赣			120000		
毛	mɔu2	mou2	mao2	赣			120000		
毡	tɕiɛn1	jiên1	zhan1	赣			120000		
毫	hɔu2	hou2	hao2	赣			120000		
毯	ham3	ham3	tan3	赣			120000		
氏	ɕi6	xi5	shi4	赣			145000		
民	min2	min2	min2	赣			125000		
气	kʰi5	ki4	qi4	赣			180000		
水	ɕy3	xyu3	shui3	赣			220000		
永	vin3	vin3	yong3	赣			120000		
汀	hiŋ1	hing1	ting1	赣			71569		
汁	tɕip7	jip6	zhi1	赣			120000		
求	kʰiu2	kiu2	qiu2	赣			140000		
汆	tʰɔn1	ton1	cuan1	赣			120000		
汇	fi6	fi5	hui4	赣			145000		
汇	fi6	fi5	hui4	文			145000		
汇	fɔi6	foi5	hui4	赣			145000		
汉	hɔn5	hon4	han4	赣			125000		
汊	tʰa5	ta4	cha4	赣			120000		
汗	hɔn6	hon5	han4	赣			120000		
汛	sən5	sen4	xun4	赣			108595		
汝	nɛ3	nê3	ru3	赣			120000		
汞	kuŋ5	gung4	gong3	赣			102222		
江	kɔŋ1	gong1	jiang1	赣			150000		
江	kʰɔŋ3	kong3	jiang1	赣			150000		
池	tɕʰi2	qi2	chi2	赣			120000		
汤	hɔŋ1	hong1	tang1	赣			120000		
汪	uɔŋ1	wong1	wang1	赣			170000		
汴	pʰiɛn6	piên5	bian4	赣			90000		
汽	kʰi5	ki4	qi4	赣			120000		
沂	ŋi2	ngi2	yi2	赣			70109		
沃	uɔʔ7	wok6	wo4	赣			135000		
沈	ɕim3	xim3	shen3	赣			145000		
沉	tɕʰim2	qim2	chen2	赣			120000		
沐	mɔiʔ7	moik6	mu4	赣			110104		
沙	sa1	sa1	sha1	赣			145000		
沛	pʰɔi5	poi4	pei4	赣			108478		
沟	kɛu1	gêu1	gou1	赣			120000		
沦	tən2	den2	lun2	赣			120000		
沪	fu6	fu5	hu4	赣			145000		
沫	mɔiʔ7	moik6	mo4	赣			120000		
河	hɔ2	ho2	he2	赣			145000		
油	iu2	yiu2	you2	赣			145000		
治	sɿ6	si5	zhi4	赣			120000		
治	tɕʰi6	qi5	zhi4	赣			120000		
沼	tsau3	zau3	zhao3	赣			109461		
沾	tsam1	zam1	zhan1	赣			120000		
沿	viɛn2	viên2	yan2	赣			120000		
泄	ɕiɛʔ7	xiêk6	xie4	赣			120000		
泉	tʰiɛn2	tiên2	quan2	赣			120000		
泊	pʰɔʔ7	pok6	po1	赣			132463		
泌	pi1	bi1	mi4	赣			120000		
泔	kɔm1	gom1	gan1	赣			71615		
法	fap7	fap6	fa3	赣			120000		
泛	fam5	fam4	fan4	赣			155293		
泡	pʰau5	pau4	pao4	赣			170000		
泡	pʰɔu1	pou1	pao4	赣			170000		
波	pɔ1	bo1	bo1	赣			150000		
泣	kʰip7	kip6	qi4	赣			120000		
泥	ni2	ni2	ni2	赣			120000		
注	tɕy5	jyu4	zhu4	赣			170000		
泰	hai5	hai4	tai4	赣			120000		
泳	vin6	vin5	yong3	赣			125000		
泻	ɕia3	xia3	xie4	赣			120000		
泻	ɕia5	xia4	xie4	赣			120000		
泼	pʰɔiʔ7	poik6	po1	赣			120000		
泽	tʰɛʔ8	têk7	ze2	赣			170000		
洁	kiɛʔ7	giêk6	jie2	赣			120000		
洇	in5	yin4	yin1	赣			90000		
洋	iɔŋ2	yong2	yang2	赣			155000		
洗	ɕi3	xi3	xi3	赣			170000		
洛	lɔʔ7	lok6	luo4	赣			120000		
津	tsən1	zen1	jin1	赣			120000		
洪	fuŋ2	fung2	hong2	赣			120000		
洲	tɕiu1	jiu1	zhou1	赣			170000		
洵	ɕin1	xin1	xun2	赣			72440		
活	fɔiʔ8	foik7	huo2	赣			220000		
洽	hap8	hap7	qia4	赣			107170		
派	pʰai5	pai4	pai4	赣			195000		
流	tiu2	diu2	liu2	赣			300000		
浅	tʰiɛn3	tiên3	qian3	赣			120000		
浆	tɕiɔŋ1	jiong1	jiang1	赣			120000		
浇	kiau1	giau1	jiao1	赣			120000		
测	tsɛʔ7	zêk6	ce4	赣			120000		
测	tʰɛʔ7	têk6	ce4	赣			120000		
济	tɕi5	ji4	ji4	赣			120000		
浑	un2	wen2	hun2	赣			120000		
浒	fu3	fu3	hu3	赣			90000		
浓	niuŋ2	niung2	nong2	赣			145000		
浙	tɕiɛʔ7	jiêk6	zhe4	赣			120000		
浜	pɔŋ1	bong1	bang1	赣			79630		
浦	pʰu3	pu3	pu3	赣			102044		
浩	hɔu6	hou5	hao4	赣			103401		
浪	lɔŋ6	long5	lang4	赣			145000		
浮	fɛu2	fêu2	fu2	赣			120000		
浮	pʰɔu2	pou2	fu2	赣			120000		
浴	hiuʔ7	hiuk6	yu4	赣			125538		
海	hɔi3	hoi3	hai3	赣			240000		
浸	tɕim5	jim4	jin4	赣			145000		
涂	hu2	hu2	tu2	赣			120000		
涂	tʰu2	tu2	tu2	文			120000		
消	ɕiau1	xiau1	xiao1	赣			120000		
涉	sap8	sap7	she4	赣			120000		
涌	iuŋ5	yiung4	yong3	赣			108233		
涎	ɕiɛn2	xiên2	xian2	赣			115000		
涓	kuan1	guan1	juan1	赣			71148		
涛	hɔu2	hou2	tao1	赣			125000		
润	yn6	yun5	run4	赣			108696		
涨	tsɔŋ3	zong3	zhang3	赣			130000		
涩	sɛp7	sêp6	se4	赣			120000		
涯	ŋai2	ngai2	ya2	赣			120000		
液	iʔ7	yik6	ye4	赣			100135		
涵	hɔm2	hom2	han2	赣			120000		
淊	am1	am1	yan1	赣			5300		
淋	tim2	dim2	lin2	赣			145000		
淑	suʔ7	suk6	shu1	赣			120000		
淘	hɔu2	hou2	tao2	赣			120000		
淡	ham1	ham1	dan4	赣			120000		
淤	y5	yu4	yu1	赣			104142		
淫	im2	yim2	yin2	赣			120000		
淮	fai2	fai2	huai2	赣			120000		
深	ɕim1	xim1	shen1	赣			120000		
混	fən6	fen5	hun4	赣			275000		
淹	iam1	yam1	yan1	赣			120000		
添	hiam1	hiam1	tian1	赣			120000		
清	tʰiaŋ1	tiang1	qing1	赣			120000		
清	tʰiŋ1	ting1	qing1	文			120000		
渊	viɛn1	viên1	yuan1	赣			120000		
渐	tʰiam6	tiam5	jian4	赣			145000		
渔	niɛ2	niê2	yu2	赣			120000		
渗	sɛm5	sêm4	shen4	赣			108153		
渠	kɛ3	gê3	qu2	赣			120000		
渠	tɕiɛ3	jiê3	qu2	赣			120000		
渡	hu6	hu5	du4	赣			120000		
温	un1	wen1	wen1	赣			223674		
港	kɔŋ3	gong3	gang3	赣			175000		
渴	kʰɔiʔ7	koik6	ke3	赣			145000		
游	iu2	yiu2	you2	赣			145000		
渺	miau3	miau3	miao3	赣			120000		
湖	fu2	fu2	hu2	赣			145000		
湾	uan1	wan1	wan1	赣			145000		
湿	ɕip7	xip6	shi1	赣			145000		
溅	tɕiɛn5	jiên4	jian4	赣			132706		
溉	kʰɔi5	koi4	gai4	赣			102260		
源	uan2	wan2	yuan2	赣			170000		
溜	liu1	liu1	liu1	赣			120000		
溪	kʰi1	ki1	xi1	赣			145000		
滋	tsɿ1	zi1	zi1	赣			120000		
滑	uaiʔ8	waik7	hua2	赣			120000		
滔	hɔu1	hou1	tao1	赣			120000		
滚	kun1	gun1	gun3	赣			120000		
滞	tɕʰi5	qi4	zhi4	赣			120000		
满	mɔn3	mon3	man3	赣			225000		
滤	ty6	dyu5	lv4	赣			120000		
滥	lam6	lam5	lan4	赣			103472		
滩	han1	han1	tan1	赣			120000		
滴	tiʔ7	dik6	di1	赣			120000		
漂	pʰiau3	piau3	piao1	赣			145000		
漂	pʰiau5	piau4	piao1	赣			145000		
漆	tʰiʔ7	tik6	qi1	赣			120000		
漏	lɛu6	lêu5	lou4	赣			170000		
演	iɛn3	yên3	yan3	赣			120000		
漱	suʔ7	suk6	shu4	赣			120000		
潘	pʰɔn1	pon1	pan1	赣			120000		
潜	tʰiam2	tiam2	qian2	赣			107029		
潭	ham2	ham2	tan2	赣			120000		
潮	tsʰau2	cau2	chao2	赣			120000		
潽	pʰu1	pu1	pu1	赣			5522		
澄	hɛŋ2	hêng2	cheng2	赣			105547		
澄	tɕʰiŋ2	qing2	cheng2	赣			105547		
激	kiʔ7	gik6	ji1	赣			145000		
瀑	puʔ7	buk6	pu4	赣			120000		
灌	kuɔn5	guon4	guan4	赣			120000		
火	fɔ3	fo3	huo3	赣			120000		
灭	miɛʔ7	miêk6	mie4	赣			120000		
灯	tɛŋ1	dêng1	deng1	赣			120000		
灰	fɔi1	foi1	hui1	赣			120000		
灶	tsu5	zu4	zao4	赣			120000		
灶	tsɔu5	zou4	zao4	文			120000		
灸	kiu5	giu4	jiu3	赣			102788		
灾	tsai1	zai1	zai1	赣			120000		
灿	tʰan5	tan4	can4	赣			103060		
炉	lu2	lu2	lu2	赣			120000		
炊	tɕʰy1	qyu1	chui1	赣			120000		
炎	iam2	yam2	yan2	赣			120000		
炒	tʰau3	tau3	chao3	赣			155000		
炖	tən5	den4	dun4	赣			90000		
炙	tsaʔ7	zak6	zhi4	赣			90000		
炭	tʰan5	tan4	tan4	文			120000		
炮	pʰau5	pau4	pao4	赣			145000		
炯	tɕyn3	jyun3	jiong3	赣			70082		
炸	tsa5	za4	zha4	赣			170000		
点	tiam3	diam3	dian3	赣			370000		
炼	tiɛn6	diên5	lian4	赣			120000		
烂	lan6	lan5	lan4	赣			170000		
烘	fuŋ1	fung1	hong1	赣			120000		
烙	lɔʔ7	lok6	lao4	赣			120000		
烛	tsuʔ7	zuk6	zhu2	赣			120000		
烟	iɛn1	yên1	yan1	赣			120000		
烤	kʰɔu5	kou4	kao3	赣			120000		
烦	fan2	fan2	fan2	赣			120000		
烧	sau1	sau1	shao1	赣			145000		
烫	hɔŋ5	hong4	tang4	赣			120000		
热	iɛʔ7	yêk6	re4	文			145000		
热	ŋiɛʔ8	ngiêk7	re4	赣			145000		
烹	pʰɛŋ1	pêng1	peng1	赣			120000		
焉	iɛn1	yên1	yan1	赣			120000		
焕	fɔn5	fon4	huan4	赣			120000		
焙	pʰɔi6	poi5	bei4	赣			90000		
焚	fɛn2	fên2	fen2	赣			104701		
焦	tɕiau1	jiau1	jiao1	赣			120000		
焯	tsʰɔʔ7	cok6	chao1	赣			73647		
焰	iam6	yam5	yan4	赣			120000		
然	iɛn1	yên1	ran2	赣			145000		
煎	tɕiɛn1	jiên1	jian1	赣			120000		
煠	sap8	sap7	zha2	赣			120000		
煠	tsaiʔ8	zaik7	zha2	赣			120000		
煤	mɔi2	moi2	mei2	赣			145000		
照	tsau5	zau4	zhao4	赣			120000		
煨	uɔi1	woi1	wei1	赣			95000		
煮	tɕiɛ3	jiê3	zhu3	赣			170000		
煮	tɕy3	jyu3	zhu3	文			170000		
熄	ɕiʔ7	xik6	xi1	赣			120000		
熊	ɕiuŋ2	xiung2	xiong2	赣			170000		
熏	fin1	fin1	xun1	赣			120000		
熙	hi1	hi1	xi1	赣			120000		
熟	suʔ8	suk7	shu2	赣			150000		
熨	uiʔ7	wik6	yun4	赣			120000		
燃	iɛn1	yên1	ran2	赣			120000		
燎	tiau2	diau2	liao2	赣			90000		
燕	iɛn1	yên1	yan4	赣			120000		
燕	iɛn5	yên4	yan4	赣			120000		
燥	tsɔu5	zou4	zao4	赣			120000		
爆	pau5	bau4	bao4	赣			170000		
爪	tsau3	zau3	zhao3	赣			120000		
爬	pʰa2	pa2	pa2	赣			130000		
爱	ɔi5	oi4	ai4	赣			145000		
爵	tɕiɔʔ7	jiok6	jue2	赣			120000		
父	fu6	fu5	fu4	赣			120000		
爷	ia2	ya2	ye2	赣			155000		
爹	tia1	dia1	die1	赣			120000		
爽	sɔŋ3	song3	shuang3	赣			120000		
片	pʰiɛn5	piên4	pian4	赣			170000		
版	pan3	ban3	ban3	赣			120000		
牌	pʰai2	pai2	pai2	赣			145000		
牍	huʔ8	huk7	du2	赣			72668		
牒	hiap8	hiap7	die2	赣			77959		
牙	ŋa2	nga2	ya2	赣			120000		
牛	niu2	niu2	niu2	文			120000		
牛	ŋɛu2	ngêu2	niu2	赣			120000		
牡	mɛu3	mêu3	mu3	赣			120000		
牢	lɔu2	lou2	lao2	赣			145000		
牧	muʔ7	muk6	mu4	赣			120000		
物	uɛʔ7	wêk6	wu4	赣			205100		
牯	ku3	gu3	gu3	赣			90000		
牵	kʰiɛn1	kiên1	qian1	赣			130000		
特	hɛʔ8	hêk7	te4	赣			120000		
牺	hi1	hi1	xi1	赣			120000		
犀	ɕi1	xi1	xi1	赣			120000		
犁	ti2	di2	li2	赣			120000		
犯	fam6	fam5	fan4	赣			120000		
状	tʰɔŋ6	tong5	zhuang4	赣			120000		
犹	iu2	yiu2	you2	赣			120000		
狂	kʰuɔŋ2	kuong2	kuang2	赣			130000		
狐	u2	wu2	hu2	赣			120000		
狗	kɛu3	gêu3	gou3	赣			125000		
狡	kau3	gau3	jiao3	赣			100180		
独	huʔ8	huk7	du2	赣			120000		
狭	hap8	hap7	xia2	赣			145000		
狮	sɿ1	si1	shi1	赣			120000		
狱	niuʔ7	niuk6	yu4	赣			120000		
狲	sən1	sen1	sun1	赣			72018		
狸	ti2	di2	li2	赣			120000		
狼	lɔŋ2	long2	lang2	赣			120000		
猎	tiap8	diap7	lie4	赣			145000		
猛	maŋ3	mang3	meng3	赣			120000		
猛	mɛŋ3	mêng3	meng3	赣			120000		
猜	tʰai1	tai1	cai1	赣			235000		
猪	tɕiɛ1	jiê1	zhu1	赣			320000		
猫	miau2	miau2	mao1	赣			120000		
猬	ui6	wi5	wei4	赣			103082		
献	hiɛn5	hiên4	xian4	赣			120000		
猴	hɛu2	hêu2	hou2	赣			120000		
猾	uaiʔ8	waik7	hua2	赣			120000		
獭	haiʔ7	haik6	ta3	赣			90000		
玄	fiɛn2	fiên2	xuan2	赣			120000		
率	sai5	sai4	lv4	赣			280000		
率	tyʔ7	dyuk6	lv4	赣			280000		
玉	niuʔ7	niuk6	yu4	赣			145000		
王	uɔŋ2	wong2	wang2	赣			145000		
玩	ŋɔn6	ngon5	wan2	赣			120000		
环	fan2	fan2	huan2	文			120000		
环	uan2	wan2	huan2	赣			120000		
现	hiɛn6	hiên5	xian4	赣			255000		
玺	ɕi3	xi3	xi3	赣			90000		
玻	pɔ1	bo1	bo1	赣			120000		
珀	pʰɛʔ7	pêk6	po4	赣			90000		
珊	san1	san1	shan1	赣			105907		
珍	tɕin1	jin1	zhen1	赣			120000		
珓	kau5	gau4	jiao4	赣			120000		
珠	tɕy1	jyu1	zhu1	赣			145000		
班	pan1	ban1	ban1	赣			120000		
球	kʰiu2	kiu2	qiu2	赣			130000		
理	ti3	di3	li3	赣			150000		
琉	tiu2	diu2	liu2	赣			102629		
琐	sɔ3	so3	suo3	赣			120000		
琢	tsɔʔ7	zok6	zuo2	赣			105424		
琴	kʰim2	kim2	qin2	赣			120000		
琵	pʰi2	pi2	pi2	赣			90000		
琼	kʰyn2	kyun2	qiong2	赣			130000		
瑞	ɕy6	xyu5	rui4	赣			154739		
瓜	kua1	gua1	gua1	赣			120000		
瓠	fu2	fu2	hu4	赣			90000		
瓢	pʰiau2	piau2	piao2	赣			120000		
瓤	lɔŋ2	long2	rang2	赣			120000		
瓦	ua3	wa3	wa3	赣			120000		
瓯	ɛu1	êu1	ou1	赣			90000		
瓶	pʰiŋ2	ping2	ping2	赣			120000		
瓷	sɿ2	si2	ci2	赣			120000		
甑	tsɛŋ5	zêng4	zeng4	赣			120000		
甘	kɔm1	gom1	gan1	赣			120000		
甚	ɕim6	xim5	shen4	赣			120000		
甜	hiam2	hiam2	tian2	赣			120000		
甥	saŋ1	sang1	sheng1	赣			120000		
用	iuŋ6	yiung5	yong4	赣			400000		
甩	sai3	sai3	shuai3	赣			145000		
甫	pʰu3	pu3	fu3	赣			120000		
甬	iuŋ3	yiung3	yong3	赣			79242		
田	hiɛn2	hiên2	tian2	赣			120000		
由	iu2	yiu2	you2	赣			370000		
甲	kap7	gap6	jia3	赣			130000		
申	ɕin1	xin1	shen1	赣			145000		
电	hiɛn6	hiên5	dian4	赣			200000		
男	nam2	nam2	nan2	赣			195000		
画	fa6	fa5	hua4	赣			145000		
畅	tsʰɔŋ5	cong4	chang4	赣			120000		
界	kai5	gai4	jie4	赣			150000		
畏	ui5	wi4	wei4	赣			120000		
留	tiu2	diu2	liu2	赣			175000		
畜	hiuʔ7	hiuk6	chu4	赣			125000		
畜	tsʰuʔ7	cuk6	chu4	赣			125000		
略	tiɔʔ8	diok7	lve4	赣			135000		
番	fan1	fan1	fan1	赣			145000		
疆	kiɔŋ1	giong1	jiang1	赣			120000		
疏	sɛ1	sê1	shu1	赣			120000		
疏	ɕiɛ1	xiê1	shu1	赣			120000		
疑	ŋi2	ngi2	yi2	赣			155000		
疔	tiaŋ1	diang1	ding1	赣			120000		
疗	tiau6	diau5	liao2	赣			100732		
疝	san5	san4	shan4	赣			70712		
疟	ŋiɔʔ7	ngiok6	nve4	赣			120000		
疤	pa1	ba1	ba1	赣			120000		
疥	kai5	gai4	jie4	赣			90000		
疫	uiʔ7	wik6	yi4	赣			120000		
疮	tʰɔŋ1	tong1	chuang1	赣			145000		
疯	fuŋ1	fung1	feng1	赣			120000		
疲	pʰi2	pi2	pi2	赣			120000		
疵	sɿ2	si2	ci1	赣			75230		
疹	tɕin3	jin3	zhen3	赣			120000		
疾	tʰiʔ8	tik7	ji2	赣			120000		
疿	pʰi5	pi4	fei4	赣			120000		
病	pʰiaŋ6	piang5	bing4	赣			120000		
症	tɕiŋ5	jing4	zheng4	赣			120000		
痒	iɔŋ3	yong3	yang3	赣			120000		
痕	hɛn2	hên2	hen2	赣			145000		
痛	hŋ̍5	hng4	tong4	赣			145000		
痞	pʰi3	pi3	pi3	赣			90000		
痢	ti6	di5	li4	赣			120000		
痧	sa1	sa1	sha1	赣			120000		
痨	lɔu2	lou2	lao2	赣			90000		
痭	pɛŋ1	bêng1	beng1	赣			120000		
痰	ham2	ham2	tan2	赣			145000		
痱	fi1	fi1	fei4	赣			90000		
痴	tɕʰi1	qi1	chi1	赣			120000		
痺	pi5	bi4	bi4	赣			4423		
瘟	un1	wen1	wen1	赣			120000		
瘦	sɛu5	sêu4	shou4	赣			120000		
瘴	tsɔŋ5	zong4	zhang4	赣			90000		
瘸	kuɛ1	guê1	que2	赣			120000		
瘸	kʰiɔ2	kio2	que2	赣			120000		
瘾	in3	yin3	yin3	赣			120000		
癞	laiʔ7	laik6	lai4	赣			90000		
癫	tiɛn1	diên1	dian1	赣			90000		
癸	kui5	gui4	gui3	赣			120000		
登	tɛŋ1	dêng1	deng1	赣			145000		
白	pʰaʔ8	pak7	bai2	赣			120000		
白	pʰɛʔ8	pêk7	bai2	文			120000		
百	paʔ7	bak6	bai3	赣			120000		
百	pɛʔ7	bêk6	bai3	文			120000		
皂	tʰɔu6	tou5	zao4	赣			120000		
的	tiʔ7	dik6	de5	赣			370000		
皆	kai1	gai1	jie1	赣			150000		
皇	fɔŋ2	fong2	huang2	赣			120000		
皖	fɔn3	fon3	wan3	赣			120000		
皮	pʰi2	pi2	pi2	赣			130000		
皱	tsɛu5	zêu4	zhou4	赣			120000		
皲	kyn1	gyun1	jun1	赣			90000		
皿	miŋ3	ming3	min3	赣			120000		
盂	y2	yu2	yu2	赣			90000		
盅	tsuŋ1	zung1	zhong1	赣			90000		
盆	pʰɛn2	pên2	pen2	赣			120000		
盈	iŋ2	ying2	ying2	赣			120000		
益	iʔ7	yik6	yi4	赣			120000		
盏	tsan3	zan3	zhan3	赣			120000		
盐	iam2	yam2	yan2	赣			150000		
监	kam1	gam1	jian1	赣			120000		
盒	hɔp8	hop7	he2	赣			120000		
盖	kɔi5	goi4	gai4	赣			145000		
盗	hɔu6	hou5	dao4	赣			120000		
盘	pʰɔn2	pon2	pan2	赣			185000		
盛	saŋ2	sang2	sheng4	赣			120000		
盛	ɕiŋ6	xing5	sheng4	赣			120000		
盟	miŋ2	ming2	meng2	赣			120000		
目	muʔ7	muk6	mu4	赣			200000		
盲	mɔŋ2	mong2	mang2	赣			120000		
直	tɕʰiʔ8	qik7	zhi2	赣			210000		
相	sɔŋ1	song1	xiang1	赣			120000		
相	ɕiɔŋ1	xiong1	xiang1	文			120000		
相	ɕiɔŋ5	xiong4	xiang1	赣			120000		
相	ɕiɔŋ6	xiong5	xiang1	赣			120000		
盼	pʰan5	pan4	pan4	赣			120000		
盾	tən5	den4	dun4	赣			130000		
省	saŋ3	sang3	sheng3	赣			120000		
省	sɛŋ3	sêng3	sheng3	文			120000		
眉	mi2	mi2	mei2	赣			120000		
看	kʰɔn5	kon4	kan4	赣			370000		
真	tɕin1	jin1	zhen1	赣			120000		
眠	miɛn2	miên2	mian2	赣			120000		
眯	mi1	mi1	mi1	赣			120000		
眶	kʰiɔŋ1	kiong1	kuang4	赣			120000		
眷	kuan5	guan4	juan4	赣			120000		
眼	ŋan3	ngan3	yan3	赣			370000		
睛	tɕiaŋ1	jiang1	jing1	赣			120000		
督	tuʔ7	duk6	du1	赣			120000		
瞎	haiʔ7	haik6	xia1	赣			245000		
瞒	mɔn2	mon2	man2	赣			120000		
瞖	i5	yi4	yi4	赣			4274		
瞬	sən5	sen4	shun4	赣			104126		
瞳	hŋ̍2	hng2	tong2	赣			170000		
瞳	tʰuŋ2	tung2	tong2	文			170000		
瞿	kʰy2	kyu2	qu2	赣			140000		
矛	mau2	mau2	mao2	赣			120000		
矛	miau2	miau2	mao2	赣			120000		
知	tɕi1	ji1	zhi1	赣			185000		
矩	ky3	gyu3	ju3	赣			120000		
短	tɔn3	don3	duan3	赣			120000		
矮	ai3	ai3	ai3	赣			120000		
石	saʔ8	sak7	shi2	赣			120000		
矾	fan2	fan2	fan2	赣			120000		
矿	kʰuɔŋ5	kuong4	kuang4	赣			120000		
码	ma3	ma3	ma3	赣			170000		
砂	sa1	sa1	sha1	赣			107184		
砍	kʰam3	kam3	kan3	赣			120000		
研	ŋiɛn2	ngiên2	yan2	赣			256796		
砖	tɕiɛn1	jiên1	zhuan1	赣			160000		
砚	niɛn6	niên5	yan4	赣			120000		
砣	hɔ2	ho2	tuo2	赣			120000		
砧	tsɛm1	zêm1	zhen1	赣			90000		
破	pʰɔ5	po4	po4	赣			125000		
硕	sɔʔ8	sok7	shuo4	赣			110455		
硝	ɕiau1	xiau1	xiao1	赣			170000		
硫	tiu2	diu2	liu2	赣			195000		
硬	ŋaŋ6	ngang5	ying4	赣			120000		
确	kʰɔʔ7	kok6	que4	赣			190000		
碍	ŋɔi6	ngoi5	ai4	赣			120000		
碎	sɔi5	soi4	sui4	赣			120000		
碑	pi1	bi1	bei1	赣			120000		
碓	tɔi5	doi4	dui4	赣			90000		
碗	uɔn3	won3	wan3	赣			120000		
碘	tiɛn3	diên3	dian3	赣			120000		
碟	hiap8	hiap7	die2	赣			145000		
碧	piʔ7	bik6	bi4	赣			120000		
碰	pʰuŋ5	pung4	peng4	赣			125000		
碱	kam3	gam3	jian3	赣			105904		
碳	han5	han4	tan4	赣			107903		
碾	niɛn3	niên3	nian3	赣			120000		
磁	sɿ2	si2	ci2	赣			120000		
磉	sɔŋ3	song3	sang3	赣			30000		
磕	kʰɔp7	kop6	ke1	赣			120000		
磨	mɔ2	mo2	mo2	赣			120000		
磨	mɔ6	mo5	mo2	赣			120000		
磬	kʰiaŋ5	kiang4	qing4	赣			120000		
磷	tin2	din2	lin2	赣			104900		
示	ɕi6	xi5	shi4	赣			230250		
礼	ti3	di3	li3	赣			145000		
社	sa6	sa5	she4	赣			120000		
祀	sɿ6	si5	si4	赣			107020		
祁	kʰi2	ki2	qi2	赣			73078		
祈	kʰi2	ki2	qi2	赣			100300		
祖	tsu3	zu3	zu3	赣			120000		
祝	tsuʔ7	zuk6	zhu4	赣			120000		
神	ɕin2	xin2	shen2	赣			231223		
祠	sɿ2	si2	ci2	赣			120000		
祥	ɕiɔŋ2	xiong2	xiang2	赣			145000		
票	pʰiau5	piau4	piao4	赣			120000		
祭	tɕi5	ji4	ji4	赣			120000		
祷	tɔu3	dou3	dao3	赣			120000		
祸	fɔ6	fo5	huo4	赣			120000		
禀	piŋ3	bing3	bing3	赣			120000		
禁	kim5	gim4	jin4	赣			120000		
禄	luʔ7	luk6	lu4	赣			105782		
禅	ɕiɛn2	xiên2	chan2	赣			120000		
禅	ɕiɛn6	xiên5	chan2	赣			120000		
福	fuʔ7	fuk6	fu2	赣			120000		
禧	hi1	hi1	xi3	赣			78674		
禹	y3	yu3	yu3	赣			120000		
离	ti2	di2	li2	赣			370000		
禽	kʰim2	kim2	qin2	赣			120000		
禾	uɔ2	wo2	he2	赣			120000		
秀	ɕiu5	xiu4	xiu4	赣			120000		
私	sɿ1	si1	si1	赣			145000		
秃	tʰyʔ7	tyuk6	tu1	赣			120000		
秆	kɔn3	gon3	gan3	赣			120000		
秉	piŋ3	bing3	bing3	赣			120000		
秋	tʰiu1	tiu1	qiu1	赣			145000		
种	tsuŋ3	zung3	zhong3	赣			310000		
种	tsuŋ5	zung4	zhong3	赣			310000		
科	kʰuɔ1	kuo1	ke1	赣			150000		
秒	miau3	miau3	miao3	赣			165000		
秘	pi5	bi4	mi4	赣			145000		
租	tsu1	zu1	zu1	赣			145000		
秤	tɕʰiŋ5	qing4	cheng4	赣			130000		
秦	tʰin2	tin2	qin2	赣			120000		
秧	iɔŋ1	yong1	yang1	赣			120000		
秩	tɕʰiʔ8	qik7	zhi4	赣			125000		
积	tɕiʔ7	jik6	ji1	赣			120000		
称	tɕʰiŋ1	qing1	cheng1	赣			130000		
称	tɕʰiŋ5	qing4	cheng1	赣			130000		
秺	tsʰa3	ca3	du4	赣			120000		
移	i2	yi2	yi2	赣			145000		
稀	hi1	hi1	xi1	赣			120000		
程	tsʰaŋ2	cang2	cheng2	赣			120000		
稍	sau3	sau3	shao1	赣			120000		
税	ɕy5	xyu4	shui4	赣			220000		
稗	pʰa6	pa5	bai4	赣			90000		
稚	tɕʰi6	qi5	zhi4	赣			120000		
稳	un3	wen3	wen3	赣			125998		
稷	tɕiʔ7	jik6	ji4	赣			79035		
稻	hɔu6	hou5	dao4	赣			120000		
稽	ki1	gi1	ji1	赣			120000		
稿	kɔu3	gou3	gao3	赣			120000		
穆	muʔ7	muk6	mu4	赣			120000		
穴	fiɛʔ8	fiêk7	xue2	赣			120000		
究	kiu5	giu4	jiu1	赣			120000		
穷	kʰiuŋ2	kiung2	qiong2	赣			155000		
穹	kʰiuŋ2	kiung2	qiong2	赣			76231		
空	kʰuŋ1	kung1	kong1	赣			250000		
空	kʰuŋ5	kung4	kong1	赣			250000		
突	hyʔ8	hyuk7	tu1	赣			185000		
突	tʰyʔ7	tyuk6	tu1	文			185000		
窍	kʰiau5	kiau4	qiao4	赣			120000		
窑	iau2	yau2	yao2	赣			120000		
窖	kau5	gau4	jiao4	赣			120000		
窗	tʰɔŋ1	tong1	chuang1	赣			125000		
窜	tʰɔn5	ton4	cuan4	赣			170000		
窝	uɔ1	wo1	wo1	赣			120000		
窟	kʰuiʔ7	kuik6	ku1	赣			120000		
窠	kʰuɔ1	kuo1	ke1	赣			125000		
立	tip7	dip6	li4	赣			175000		
竖	tɕʰy1	qyu1	shu4	赣			120000		
竖	ɕy1	xyu1	shu4	赣			120000		
站	tsan5	zan4	zhan4	赣			125000		
竞	kʰiŋ6	king5	jing4	赣			157694		
竟	kiŋ5	ging4	jing4	赣			106930		
章	tsɔŋ1	zong1	zhang1	赣			150000		
童	hŋ̍2	hng2	tong2	赣			170000		
童	tʰuŋ2	tung2	tong2	文			170000		
竭	kʰiɛʔ8	kiêk7	jie2	赣			120000		
端	tɔn1	don1	duan1	赣			120000		
竹	tsuʔ7	zuk6	zhu2	赣			175000		
竹	tsʰuʔ7	cuk6	zhu2	赣			175000		
竿	kɔn1	gon1	gan1	赣			104121		
笃	tuʔ7	duk6	du3	赣			90000		
笊	tsau5	zau4	zhao4	赣			72599		
笋	sən3	sen3	sun3	赣			120000		
笑	ɕiau5	xiau4	xiao4	赣			145000		
笔	piʔ7	bik6	bi3	赣			125000		
笕	kiɛn3	giên3	jian3	赣			90000		
笙	sɛŋ1	sêng1	sheng1	赣			120000		
笛	tiaʔ7	diak6	di2	赣			120000		
笠	tip8	dip7	li4	赣			90000		
笤	hiau2	hiau2	tiao2	赣			90000		
符	fu2	fu2	fu2	赣			120000		
第	hi6	hi5	di4	赣			250000		
笺	tɕiɛn1	jiên1	jian1	赣			72395		
笼	luŋ2	lung2	long2	赣			120000		
等	tɛŋ3	dêng3	deng3	赣			120000		
筋	kɛn1	gên1	jin1	赣			120000		
筐	kʰuɔŋ1	kuong1	kuang1	赣			105363		
筑	tsuʔ7	zuk6	zhu4	赣			145000		
筒	hŋ̍2	hng2	tong3	赣			120000		
答	tap7	dap6	da2	赣			145000		
策	tʰɛʔ7	têk6	ce4	赣			120000		
筛	sai1	sai1	shai1	赣			120000		
筛	sɿ1	si1	shai1	赣			120000		
筲	sau1	sau1	shao1	赣			90000		
筵	iɛn1	yên1	yan2	赣			90000		
筹	tɕʰiu2	qiu2	chou2	赣			120000		
签	tʰiam1	tiam1	qian1	赣			220000		
简	kan3	gan3	jian3	赣			130000		
箍	kʰu1	ku1	gu1	赣			115000		
算	sɔn5	son4	suan4	赣			370000		
管	kuɔn3	guon3	guan3	赣			370000		
箩	lɔ2	lo2	luo2	赣			120000		
箫	ɕiau1	xiau1	xiao1	赣			145000		
箬	ŋɔʔ7	ngok6	ruo4	赣			90000		
箭	tɕiɛn5	jiên4	jian4	赣			120000		
箱	ɕiɔŋ1	xiong1	xiang1	赣			120000		
箸	tɕʰiɛ6	qiê5	zhu4	赣			71663		
篆	tɕʰiɛn6	qiên5	zhuan4	赣			90000		
篇	pʰiɛn1	piên1	pian1	赣			145000		
篓	lɛu3	lêu3	lou3	赣			120000		
篡	tʰɔn5	ton4	cuan4	赣			120000		
篦	pʰi6	pi5	bi4	赣			90000		
篮	lam2	lam2	lan2	赣			120000		
篱	ti2	di2	li2	赣			120000		
篷	pʰuŋ2	pung2	peng2	赣			120000		
篾	miɛʔ8	miêk7	mie4	赣			73133		
簆	kʰɛu5	kêu4	kou4	赣			5730		
簟	hiam1	hiam1	dian4	赣			90000		
簪	tsɛm1	zêm1	zan1	赣			90000		
簰	pʰai2	pai2	pai2	赣			120000		
簷	iam2	yam2	yan2	赣			120000		
簸	pɔ5	bo4	bo3	赣			120000		
簿	pʰu1	pu1	bu4	赣			120000		
籍	tʰiʔ8	tik7	ji2	赣			120000		
籰	iɔʔ8	yok7	yue4	赣			5388		
米	mi3	mi3	mi3	赣			145000		
籴	hiaʔ8	hiak7	di2	赣			77211		
类	ty6	dyu5	lei4	赣			310000		
籽	tsɿ3	zi3	zi3	赣			103974		
粉	fɛn3	fên3	fen3	赣			120000		
粗	tʰu1	tu1	cu1	赣			120000		
粘	niam2	niam2	zhan1	赣			120000		
粜	hiau5	hiau4	tiao4	赣			78080		
粟	suʔ7	suk6	su4	赣			145000		
粤	viɛʔ7	viêk6	yue4	赣			145000		
粥	tsuʔ7	zuk6	zhou1	赣			120000		
粪	fɛn5	fên4	fen4	赣			120000		
粮	tiɔŋ2	diong2	liang2	赣			120000		
粱	tiɔŋ2	diong2	liang2	赣			120000		
粹	sɔi5	soi4	cui4	赣			120000		
粽	tsuŋ5	zung4	zong4	赣			90000		
精	tɕiaŋ1	jiang1	jing1	赣			120000		
精	tɕiŋ1	jing1	jing1	文			120000		
糍	sɿ2	si2	ci2	赣			90000		
糕	kɔu1	gou1	gao1	赣			145000		
糖	hɔŋ2	hong2	tang2	赣			120000		
糜	mɛ1	mê1	mi2	赣			90000		
糟	tsɔu1	zou1	zao1	赣			120000		
糠	kʰɔŋ1	kong1	kang1	赣			120000		
糯	nɔ6	no5	nuo4	赣			120000		
系	hi6	hi5	xi4	赣			550000		
系	ki5	gi4	xi4	赣			550000		
素	su5	su4	su4	赣			150000		
索	sɔʔ7	sok6	suo3	赣			200000		
紧	kin3	gin3	jin3	赣			145000		
紫	tsɿ3	zi3	zi3	赣			120000		
累	lɔi6	loi5	lei4	赣			215000		
累	ty6	dyu5	lei4	文			215000		
絮	ɕiɛ5	xiê4	xu4	赣			120000		
繁	fan2	fan2	fan2	赣			125000		
纂	tsɔn3	zon3	zuan3	赣			140000		
纠	kiu1	giu1	jiu1	赣			120000		
红	fuŋ2	fung2	hong2	赣			140000		
纣	tɕʰiu6	qiu5	zhou4	赣			90000		
纤	ɕiam1	xiam1	xian1	赣			120000		
约	iɔʔ7	yok6	yue1	赣			125000		
级	kip7	gip6	ji2	赣			170000		
纪	ki3	gi3	ji4	赣			120000		
纫	in6	yin5	ren4	赣			107717		
纬	ui6	wi5	wei3	赣			120000		
纯	sən2	sen2	chun2	赣			146000		
纱	sa1	sa1	sha1	赣			120000		
纲	kɔŋ1	gong1	gang1	赣			120000		
纳	nap7	nap6	na4	赣			145000		
纵	tsuŋ5	zung4	zong4	赣			120000		
纵	tɕiuŋ5	jiung4	zong4	赣			120000		
纷	fɛn1	fên1	fen1	赣			145000		
纸	tɕi3	ji3	zhi3	赣			120000		
纹	uɛn2	wen2	wen2	赣			120000		
纺	fɔŋ3	fong3	fang3	赣			120000		
纽	niu3	niu3	niu3	赣			120000		
线	ɕiɛn5	xiên4	xian4	赣			370000		
练	tiɛn6	diên5	lian4	赣			120000		
组	tsu3	zu3	zu3	赣			125000		
细	ɕi5	xi4	xi4	赣			170000		
织	tɕiʔ7	jik6	zhi1	赣			120000		
终	tsuŋ1	zung1	zhong1	赣			120000		
绉	tsɛu5	zêu4	zhou4	赣			90000		
绊	pʰan5	pan4	ban4	赣			101835		
绍	sau6	sau5	shao4	赣			145000		
经	kiaŋ1	giang1	jing1	赣			120000		
经	kiŋ1	ging1	jing1	文			120000		
绑	pɔŋ3	bong3	bang3	赣			170000		
绒	iuŋ2	yiung2	rong2	赣			120000		
结	kiɛʔ7	giêk6	jie2	赣			130000		
绗	hɔŋ2	hong2	hang2	赣			90000		
绘	fi6	fi5	hui4	赣			102358		
络	lɔʔ7	lok6	luo4	赣			120000		
绝	tʰiɛʔ8	tiêk7	jue2	赣			120000		
绞	kau3	gau3	jiao3	赣			120000		
统	tʰuŋ3	tung3	tong3	赣			170000		
绢	kuan5	guan4	juan4	赣			120000		
绣	ɕiu5	xiu4	xiu4	赣			120000		
绥	ɕy1	xyu1	sui2	赣			79011		
绦	hɔu1	hou1	tao1	赣			90000		
继	ki5	gi4	ji4	赣			145000		
绪	ɕy6	xyu5	xu4	赣			102148		
续	suʔ8	suk7	xu4	赣			155514		
绱	tsʰɔŋ3	cong3	shang4	赣			120000		
绳	ɕiŋ2	xing2	sheng2	赣			120000		
维	ui2	wi2	wei2	赣			120000		
绵	miɛn2	miên2	mian2	赣			120000		
绷	puŋ1	bung1	beng1	赣			145000		
绸	tɕʰiu2	qiu2	chou2	赣			125000		
绺	tiu6	diu5	liu3	赣			72503		
绿	tiuʔ8	diuk7	lv4	赣			146800		
缀	tɕy5	jyu4	zhui4	赣			152288		
缅	miɛn3	miên3	mian3	赣			102482		
缆	lam6	lam5	lan3	赣			108723		
缉	tʰip8	tip7	ji1	赣			145000		
缓	fɔn6	fon5	huan3	赣			120000		
缕	ly3	lyu3	lv3	文			120000		
缕	lɔi3	loi3	lv3	赣			120000		
编	pʰiɛn1	piên1	bian1	赣			295000		
缘	viɛn2	viên2	yuan2	赣			120000		
缚	fɔʔ8	fok7	fu4	赣			120000		
缝	fuŋ2	fung2	feng4	赣			120000		
缝	fuŋ6	fung5	feng4	赣			120000		
缠	tɕʰiɛn2	qiên2	chan2	赣			125000		
缩	sɔʔ7	sok6	suo1	赣			145000		
缲	hiau1	hiau1	qiao1	赣			90000		
缴	kiau3	giau3	jiao3	赣			120000		
缸	kɔŋ1	gong1	gang1	赣			120000		
缺	kʰuaiʔ7	kuaik6	que1	文			200000		
缺	kʰɛʔ7	kêk6	que1	赣			200000		
罂	aŋ1	ang1	ying1	赣			74688		
罐	kuɔn5	guon4	guan4	赣			120000		
网	mɔŋ3	mong3	wang3	赣			120000		
罕	hɔn3	hon3	han3	赣			103940		
罗	lɔ2	lo2	luo2	赣			175000		
罚	faiʔ8	faik7	fa2	赣			150000		
罩	tsau5	zau4	zhao4	赣			120000		
罪	tʰy6	tyu5	zui4	赣			120000		
署	ɕy6	xyu5	shu3	赣			120000		
羊	iɔŋ2	yong2	yang2	赣			120000		
羌	kʰiɔŋ1	kiong1	qiang1	赣			75659		
美	mi3	mi3	mei3	赣			155000		
羞	ɕiu1	xiu1	xiu1	赣			145000		
羡	ɕiɛn6	xiên5	xian4	赣			102922		
群	kʰyn2	kyun2	qun2	赣			370000		
羯	kiɛʔ7	giêk6	jie2	赣			70406		
羹	kaŋ1	gang1	geng1	赣			120000		
羹	kɛŋ1	gêng1	geng1	文			120000		
羽	y3	yu3	yu3	赣			120000		
翁	uŋ1	wung1	weng1	赣			120000		
翔	ɕiɔŋ2	xiong2	xiang2	赣			100401		
翘	kʰiau5	kiau4	qiao4	赣			145000		
翠	tʰy5	tyu4	cui4	赣			120000		
翰	hɔn6	hon5	han4	赣			120000		
翻	fan1	fan1	fan1	赣			220000		
翼	iʔ8	yik7	yi4	赣			120000		
耀	iau6	yau5	yao4	赣			120000		
老	lɔu3	lou3	lao3	赣			370000		
考	kʰɔu3	kou3	kao3	赣			245000		
者	tsa3	za3	zhe3	赣			370000		
而	ɵ2	o2	er2	赣			393233		
耐	lai6	lai5	nai4	赣			120000		
耕	kaŋ1	gang1	geng1	赣			120000		
耕	kaŋ5	gang4	geng1	赣			120000		
耘	vin2	vin2	yun2	赣			120000		
耙	pʰa2	pa2	ba4	赣			120000		
耙	pʰa6	pa5	ba4	赣			120000		
耳	ni3	ni3	er3	赣			120000		
耳	ɵ3	o3	er3	文			120000		
耶	ia2	ya2	ye2	赣			90000		
耻	tɕʰi3	qi3	chi3	赣			120000		
耽	tam1	dam1	dan1	赣			145000		
耿	kɛŋ3	gêng3	geng3	赣			170000		
聂	niap7	niap6	nie4	赣			120000		
聊	tiau2	diau2	liao2	赣			155000		
聋	luŋ2	lung2	long2	赣			120000		
职	tɕiʔ7	jik6	zhi2	赣			120000		
联	tiɛn2	diên2	lian2	赣			195000		
聘	pʰin5	pin4	pin4	赣			120000		
聚	tʰy6	tyu5	ju4	赣			145000		
聪	tʰuŋ1	tung1	cong1	赣			120000		
肃	suʔ7	suk6	su4	赣			125000		
肄	i6	yi5	yi4	赣			78406		
肆	sɿ5	si4	si4	赣			120000		
肇	tsʰau6	cau5	zhao4	赣			5319		
肉	niuʔ8	niuk7	rou4	赣			170000		
肋	lɛʔ7	lêk6	le1	赣			120000		
肌	ki1	gi1	ji1	赣			120000		
肚	hu1	hu1	du4	赣			120000		
肚	tu3	du3	du4	赣			120000		
肛	kɔŋ1	gong1	gang1	赣			120000		
肝	kɔn1	gon1	gan1	赣			120000		
肠	tsʰɔŋ2	cong2	chang2	赣			120000		
股	ku3	gu3	gu3	赣			230000		
肢	tɕi1	ji1	zhi1	赣			120000		
肤	fu1	fu1	fu1	赣			107042		
肥	fi2	fi2	fei2	赣			145000		
肩	kiɛn1	giên1	jian1	赣			120000		
肫	kʰin1	kin1	zhun1	赣			74194		
肮	ɔŋ1	ong1	ang1	赣			120000		
肯	kʰɛŋ3	kêng3	ken3	赣			120000		
育	hiuʔ7	hiuk6	yu4	赣			120000		
肴	hau2	hau2	yao2	赣			107638		
肺	fi5	fi4	fei4	赣			120000		
肾	ɕin6	xin5	shen4	赣			120000		
肿	tsuŋ3	zung3	zhong3	赣			120000		
胁	hiap8	hiap7	xie2	赣			120000		
胃	ui6	wi5	wei4	赣			120000		
胆	tam3	dam3	dan3	赣			120000		
背	pɔi5	boi4	bei4	赣			120000		
背	pʰɔi1	poi1	bei4	赣			120000		
背	pʰɔi6	poi5	bei4	赣			120000		
胎	hai1	hai1	tai1	赣			120000		
胔	sɿ2	si2	zi4	赣			4773		
胖	pʰɔŋ5	pong4	pang4	赣			102768		
胚	pʰɔi1	poi1	pei1	赣			109245		
胜	ɕiŋ5	xing4	sheng4	赣			179897		
胞	pau1	bau1	bao1	赣			120000		
胡	fu2	fu2	hu2	赣			120000		
胡	u2	wu2	hu2	赣			120000		
胥	ɕy1	xyu1	xu1	赣			70295		
胯	kʰa5	ka4	kua4	赣			90000		
胳	kɛʔ7	gêk6	ge1	赣			105342		
胶	kau1	gau1	jiao1	赣			120000		
胸	hiuŋ1	hiung1	xiong1	赣			120000		
能	nɛŋ2	nêng2	neng2	赣			370000		
脆	tʰy5	tyu4	cui4	赣			120000		
脉	mɛʔ7	mêk6	mai4	赣			120000		
脊	tɕiaʔ7	jiak6	ji2	赣			120000		
脏	tsɔŋ1	zong1	zang4	赣			270000		
脏	tʰɔŋ6	tong5	zang4	赣			270000		
脑	nɔu3	nou3	nao3	赣			150000		
脓	luŋ2	lung2	nong2	赣			120000		
脚	kiɔʔ7	giok6	jiao3	赣			120000		
脯	pʰu2	pu2	pu2	赣			105797		
脱	hɔiʔ7	hoik6	tuo1	赣			120000		
脶	lɔ2	lo2	luo2	赣			30000		
脸	tiɛn3	diên3	lian3	赣			145000		
脾	pʰi2	pi2	pi2	赣			120000		
腈	tɕiaŋ1	jiang1	jing1	赣			5964		
腊	lap7	lap6	la4	赣			120000		
腊	lap8	lap7	la4	赣			120000		
腌	iap7	yap6	yan1	赣			90000		
腐	fu6	fu5	fu3	赣			120000		
腕	uɔn5	won4	wan4	赣			120000		
腥	ɕiaŋ1	xiang1	xing1	赣			120000		
腮	sai1	sai1	sai1	赣			120000		
腰	iau1	yau1	yao1	赣			120000		
腹	fuʔ7	fuk6	fu4	赣			120000		
腾	hɛŋ2	hêng2	teng2	赣			120000		
腿	hɔi3	hoi3	tui3	赣			120000		
膈	kaʔ7	gak6	ge2	赣			71925		
膏	kɔu1	gou1	gao1	赣			120000		
膘	piau1	biau1	biao1	赣			90000		
膜	mɔʔ7	mok6	mo2	赣			120000		
膝	ɕiɛʔ7	xiêk6	xi1	赣			120000		
膨	pʰaŋ2	pang2	peng2	赣			120000		
膱	tɕiʔ7	jik6	zhi2	赣			120000		
膳	ɕiɛn6	xiên5	shan4	赣			90000		
臊	sɔu1	sou1	sao1	赣			120000		
臕	piau1	biau1	biao1	赣			5992		
臣	ɕin2	xin2	chen2	赣			120000		
自	sɿ6	si5	zi4	赣			205000		
臭	tɕʰiu5	qiu4	chou4	赣			165000		
至	tɕi5	ji4	zhi4	赣			125000		
致	tɕi5	ji4	zhi4	赣			175000		
臻	tsɛm1	zêm1	zhen1	赣			90000		
臼	kʰɛu1	kêu1	jiu4	赣			107805		
舀	iau3	yau3	yao3	赣			145000		
舂	suŋ1	sung1	chong1	赣			90000		
舅	kʰiu6	kiu5	jiu4	文			120000		
舅	kʰɛu1	kêu1	jiu4	赣			120000		
舌	ɕiɛʔ8	xiêk7	she2	赣			145000		
舍	sa3	sa3	she3	赣			225000		
舍	sa5	sa4	she3	赣			225000		
舒	ɕy1	xyu1	shu1	赣			145000		
舜	sən5	sen4	shun4	赣			77305		
舞	u3	wu3	wu3	赣			295000		
舞	uiʔ8	wik7	wu3	赣			295000		
航	hɔŋ2	hong2	hang2	赣			120000		
般	pɔn1	bon1	ban1	赣			190000		
舰	lam6	lam5	jian4	赣			120000		
舵	hɔ6	ho5	duo4	赣			120000		
舷	hiɛn2	hiên2	xian2	赣			170000		
船	ɕiɛn2	xiên2	chuan2	赣			120000		
艇	hiŋ3	hing3	ting3	赣			105341		
良	tiɔŋ2	diong2	liang2	赣			145000		
艰	kan1	gan1	jian1	赣			120000		
色	sɛʔ7	sêk6	se4	赣			150000		
艳	iam6	yam5	yan4	赣			120000		
艺	ŋi6	ngi5	yi4	赣			120000		
艾	ŋai6	ngai5	ai4	赣			145000		
节	tɕiɛʔ7	jiêk6	jie2	赣			135000		
芋	y6	yu5	yu4	赣			120000		
芍	sɔʔ8	sok7	shao2	赣			75877		
芎	kiuŋ1	giung1	qiong1	赣			90000		
芒	mɔŋ2	mong2	mang2	赣			120000		
芙	fu2	fu2	fu2	赣			120000		
芝	tɕi1	ji1	zhi1	赣			120000		
芥	kai5	gai4	jie4	赣			145000		
芦	lu2	lu2	lu2	赣			120000		
芬	fɛn1	fên1	fen1	赣			120000		
芭	pa1	ba1	ba1	赣			120000		
花	fa1	fa1	hua1	赣			170000		
芳	fɔŋ1	fong1	fang1	赣			120000		
芹	kʰin2	kin2	qin2	赣			120000		
芽	ŋa2	nga2	ya2	赣			120000		
苇	ui3	wi3	wei3	赣			100630		
苋	han6	han5	xian4	赣			90000		
苍	tʰɔŋ1	tong1	cang1	赣			120000		
苎	tɕʰiɛ1	qiê1	zhu4	赣			4818		
苏	su1	su1	su1	赣			145000		
苔	hai1	hai1	tai2	赣			120000		
苗	miau1	miau1	miao2	赣			120000		
苗	miau2	miau2	miao2	赣			120000		
苟	kɛu3	gêu3	gou3	赣			120000		
若	iɔʔ7	yok6	ruo4	赣			225000		
苦	kʰu3	ku3	ku3	赣			120000		
英	iŋ1	ying1	ying1	赣			120000		
苹	pʰiŋ2	ping2	ping2	赣			160000		
茂	mɛu6	mêu5	mao4	赣			120000		
范	fam6	fam5	fan4	赣			120000		
茄	kʰiɔ2	kio2	jia1	赣			120000		
茅	mau2	mau2	mao2	赣			120000		
茎	kiaŋ1	giang1	jing1	赣			103391		
茔	viaŋ3	viang3	ying2	赣			90000		
茧	kiɛn3	giên3	jian3	赣			120000		
茫	mɔŋ2	mong2	mang2	赣			145000		
茴	fi2	fi2	hui2	赣			115000		
茶	tʰa2	ta2	cha2	赣			120000		
茸	iuŋ2	yiung2	rong1	赣			120000		
荀	sən1	sen1	xun2	赣			71805		
荆	kiŋ1	ging1	jing1	赣			120000		
草	tʰɔu3	tou3	cao3	赣			120000		
荐	tɕiɛn5	jiên4	jian4	赣			125000		
荒	fɔŋ1	fong1	huang1	赣			120000		
荔	ti6	di5	li4	赣			145000		
荞	kʰiau2	kiau2	qiao2	赣			90000		
荣	iuŋ2	yiung2	rong2	赣			120000		
荤	fən1	fen1	hun1	赣			120000		
荫	im5	yim4	yin1	赣			120000		
药	iɔʔ8	yok7	yao4	赣			120000		
荷	hɔ2	ho2	he2	赣			120000		
荼	hu2	hu2	tu2	赣			73890		
莝	tʰɔ5	to4	cuo4	赣			120000		
莫	mɔʔ8	mok7	mo4	赣			170000		
莱	lɛi2	lêi2	lai2	赣			104101		
莲	tiɛn2	diên2	lian2	赣			120000		
莴	uɔ1	wo1	wo1	赣			120000		
获	fɛʔ8	fêk7	huo4	赣			120000		
莺	iŋ1	ying1	ying1	赣			120000		
莽	mɔŋ3	mong3	mang3	赣			120000		
菊	kiuʔ7	giuk6	ju2	赣			120000		
菌	tɕyn1	jyun1	jun1	赣			100933		
菖	tsʰɔŋ1	cong1	chang1	赣			90000		
菜	tʰai5	tai4	cai4	赣			225000		
菠	pɔ1	bo1	bo1	赣			120000		
菢	pʰɔu6	pou5	bao4	赣			120000		
菩	pʰu2	pu2	pu2	赣			145000		
菱	tiŋ2	ding2	ling2	赣			120000		
萍	pʰiŋ2	ping2	ping2	赣			120000		
萝	lɔ2	lo2	luo2	赣			120000		
营	iuŋ2	yiung2	ying2	赣			120000		
萧	ɕiau1	xiau1	xiao1	赣			120000		
萨	saiʔ7	saik6	sa4	赣			125000		
落	lɔʔ7	lok6	luo4	文			120000		
落	lɔʔ8	lok7	luo4	赣			120000		
著	tɕy5	jyu4	zhu4	赣			120000		
葚	ɕim6	xim5	ren4	赣			74116		
葛	kɔiʔ7	goik6	ge2	赣			120000		
董	tuŋ3	dung3	dong3	赣			120000		
葫	fu2	fu2	hu2	赣			120000		
葬	tsɔŋ5	zong4	zang4	赣			120000		
葱	tʰuŋ1	tung1	cong1	赣			120000		
葵	kʰui2	kui2	kui2	赣			120000		
蒂	ti5	di4	di4	赣			120000		
蒋	tɕiɔŋ3	jiong3	jiang3	赣			145000		
蒙	muŋ1	mung1	meng2	赣			120000		
蒙	muŋ2	mung2	meng2	赣			120000		
蒙	muŋ3	mung3	meng2	赣			120000		
蒜	sɔn5	son4	suan4	赣			120000		
蒲	pʰu2	pu2	pu2	赣			120000		
蒸	tɕiŋ1	jing1	zheng1	赣			120000		
蓄	hiuʔ7	hiuk6	xu4	赣			120000		
蓄	ɕyʔ7	xyuk6	xu4	赣			120000		
蓉	iuŋ2	yiung2	rong2	赣			120000		
蓑	sɔ1	so1	suo1	赣			95000		
蓖	pʰi1	pi1	bi4	赣			90000		
蓝	lam2	lam2	lan2	赣			120000		
蓬	pʰuŋ2	pung2	peng2	赣			120000		
蔗	tsa5	za4	zhe4	赣			120000		
蔡	tʰai5	tai4	cai4	赣			120000		
蔸	tɛu1	dêu1	dou1	赣			120000		
蔼	ɔi3	oi3	ai3	赣			108194		
蔽	pi5	bi4	bi4	赣			132930		
蕊	ɵ3	o3	rui3	赣			120000		
蕹	uŋ5	wung4	weng4	赣			120000		
蕻	fuŋ2	fung2	hong2	赣			74826		
薄	pʰɔ6	po5	bao2	赣			120000		
薄	pʰɔʔ8	pok7	bao2	赣			120000		
薛	ɕiɛʔ7	xiêk6	xue1	赣			120000		
薪	ɕin1	xin1	xin1	赣			220000		
薯	ɕiɛ2	xiê2	shu3	赣			120000		
薰	fin1	fin1	xun1	赣			73178		
薸	hiau2	hiau2	piao2	赣			5491		
藉	tʰia6	tia5	ji2	赣			120000		
藉	tʰiʔ8	tik7	ji2	赣			120000		
藏	tʰɔŋ2	tong2	cang2	赣			145000		
藏	tʰɔŋ6	tong5	cang2	赣			145000		
藐	miau3	miau3	miao3	赣			120000		
藓	tʰiɛn3	tiên3	xian3	赣			75838		
藕	ŋɛu3	ngêu3	ou3	赣			145000		
藠	kʰiau6	kiau5	jiao4	赣			120000		
藤	hɛŋ2	hêng2	teng2	赣			120000		
藩	fan2	fan2	fan1	赣			90000		
藿	fɔʔ7	fok6	huo4	赣			90000		
蘸	tsam5	zam4	zhan4	赣			90000		
虎	fu3	fu3	hu3	赣			120000		
虏	lu3	lu3	lu3	赣			109271		
虐	ŋiɔʔ7	ngiok6	nve4	赣			120000		
虑	ty6	dyu5	lv4	赣			126565		
虔	kʰiɛn2	kiên2	qian2	赣			90000		
虚	hy1	hyu1	xu1	文			120000		
虚	hɛ1	hê1	xu1	赣			120000		
虞	ny2	nyu2	yu2	赣			72855		
虢	kuɛʔ7	guêk6	guo2	赣			78972		
虫	tsʰuŋ2	cung2	chong2	赣			145000		
虱	sɛʔ7	sêk6	shi1	赣			90000		
虹	kɔŋ5	gong4	hong2	赣			120000		
虽	ɕy1	xyu1	sui1	赣			120000		
虾	ha3	ha3	xia1	赣			170000		
虾	ham2	ham2	xia1	赣			170000		
蚀	ɕiʔ8	xik7	shi2	赣			120000		
蚁	ŋi3	ngi3	yi3	赣			120000		
蚊	mɛn2	mên2	wen2	赣			120000		
蚌	pʰɔŋ6	pong5	bang4	赣			120000		
蚕	tʰam2	tam2	can2	赣			120000		
蚤	tsau3	zau3	zao3	赣			120000		
蚻	tʰaiʔ8	taik7	zha2	赣			120000		
蛆	tʰɛ1	tê1	qu1	赣			90000		
蛇	sa2	sa2	she2	赣			120000		
蛋	han6	han5	dan4	赣			120000		
蛔	fi2	fi2	hui2	赣			90000		
蛮	man2	man2	man2	赣			370000		
蛾	ŋɔ2	ngo2	e2	赣			120000		
蜀	suʔ8	suk7	shu3	赣			102630		
蜂	fuŋ1	fung1	feng1	赣			120000		
蜇	tɕiɛʔ7	jiêk6	zhe1	赣			90000		
蜇	tɕʰiʔ8	qik7	zhe1	赣			90000		
蜒	iɛn1	yên1	yan2	赣			120000		
蜕	hɔi5	hoi4	tui4	赣			120000		
蜗	uɔ1	wo1	wo1	赣			109665		
蜘	tɕi1	ji1	zhi1	赣			101174		
蜜	miʔ7	mik6	mi4	赣			120000		
蜡	lap8	lap7	la4	赣			120000		
蝇	iŋ2	ying2	ying2	赣			120000		
蝉	ɕiɛn2	xiên2	chan2	赣			163845		
蝗	fɔŋ2	fong2	huang2	赣			120000		
蝶	iap7	yap6	die2	赣			120000		
螂	lɔŋ2	long2	lang2	赣			120000		
螃	pʰɔŋ2	pong2	pang2	赣			120000		
螳	hɔŋ2	hong2	tang2	赣			90000		
螺	lɔ2	lo2	luo2	赣			145000		
蟀	sɔiʔ7	soik6	shuai4	赣			107496		
蟋	ɕiʔ7	xik6	xi1	赣			100386		
蟒	mɔŋ3	mong3	mang3	赣			90000		
蟥	uɔŋ2	wong2	huang2	赣			120000		
蟹	hai3	hai3	xie4	赣			120000		
蠢	tsʰən3	cen3	chun3	赣			120000		
血	fiɛʔ7	fiêk6	xue4	赣			170000		
衅	hin5	hin4	xin4	赣			108091		
行	haŋ2	hang2	xing2	赣			270000		
行	hɔŋ2	hong2	xing2	赣			270000		
行	hɛŋ2	hêng2	xing2	赣			270000		
行	ɕiŋ2	xing2	xing2	文			270000		
衍	iɛn3	yên3	yan3	赣			120000		
街	kai1	gai1	jie1	赣			145000		
衙	ŋa2	nga2	ya2	赣			120000		
衡	hɛŋ2	hêng2	heng2	赣			120000		
衣	i1	yi1	yi1	赣			120000		
补	pu1	bu1	bu3	赣			350000		
表	piau3	biau3	biao3	赣			180000		
衫	sam1	sam1	shan1	赣			120000		
衬	tʰɛn5	tên4	chen4	赣			120000		
衰	sɔi1	soi1	shuai1	赣			120000		
袁	viɛn2	viên2	yuan2	赣			120000		
袄	ɔu3	ou3	ao3	赣			120000		
袋	hɔi6	hoi5	dai4	赣			120000		
袍	pʰɔu2	pou2	pao2	赣			120000		
袖	tʰiu6	tiu5	xiu4	赣			120000		
袜	uaiʔ8	waik7	wa4	赣			120000		
被	pʰi1	pi1	bei4	赣			406300		
被	pʰi6	pi5	bei4	文			406300		
袭	ɕip8	xip7	xi2	赣			101876		
裁	tʰai2	tai2	cai2	赣			120000		
装	tsɔŋ1	zong1	zhuang1	赣			123600		
裆	tɔŋ1	dong1	dang1	赣			90000		
裌	kap7	gap6	jia2	赣			4925		
裕	y6	yu5	yu4	赣			120000		
裘	kʰiu2	kiu2	qiu2	赣			77458		
裙	kʰyn2	kyun2	qun2	赣			120000		
裤	kʰu5	ku4	ku4	赣			120000		
裱	piau3	biau3	biao3	赣			90000		
裴	pʰɔi2	poi2	pei2	赣			90000		
裸	lai2	lai2	luo3	赣			200000		
裸	lɔ3	lo3	luo3	赣			200000		
裹	kuɔ1	guo1	guo3	赣			120000		
褒	pɔu1	bou1	bao1	赣			120000		
褯	tʰia6	tia5	jie4	赣			120000		
襄	ɕiɔŋ1	xiong1	xiang1	赣			90000		
襟	kʰim1	kim1	jin1	赣			120000		
襻	pʰan5	pan4	pan4	赣			90000		
西	ɕi1	xi1	xi1	赣			120000		
要	iau1	yau1	yao4	赣			406581		
要	iau5	yau4	yao4	赣			406581		
覆	fuʔ8	fuk7	fu4	赣			120000		
见	kiɛn5	giên4	jian4	赣			245000		
观	kuɔn1	guon1	guan1	赣			145000		
观	kuɔn5	guon4	guan1	赣			145000		
规	kui1	gui1	gui1	赣			145000		
视	ɕi6	xi5	shi4	赣			145000		
览	lam3	lam3	lan3	赣			120000		
觉	kau5	gau4	jue2	赣			180000		
觉	kɔʔ7	gok6	jue2	赣			180000		
角	kɔʔ7	gok6	jiao3	赣			145000		
角	kʰɔʔ7	kok6	jiao3	赣			145000		
觘	tʰau5	tau4	chao4	赣			120000		
解	hai6	hai5	jie3	赣			170000		
解	kai3	gai3	jie3	赣			170000		
触	tsʰuʔ7	cuk6	chu4	赣			120000		
言	ŋiɛn2	ngiên2	yan2	赣			120000		
誉	y6	yu5	yu4	赣			120000		
誊	hɛŋ2	hêng2	teng2	赣			120000		
誓	ɕi6	xi5	shi4	赣			120000		
警	kiŋ3	ging3	jing3	赣			120000		
计	ki5	gi4	ji4	赣			200000		
订	tiŋ5	ding4	ding4	赣			120000		
讣	fu5	fu4	fu4	赣			90000		
认	ŋin6	ngin5	ren4	赣			120000		
讨	hɔu3	hou3	tao3	赣			120000		
讨	tʰɔu3	tou3	tao3	文			120000		
让	ŋiɔŋ6	ngiong5	rang4	赣			370000		
讫	kʰiʔ7	kik6	qi4	赣			77832		
训	fin5	fin4	xun4	赣			120000		
议	ŋi6	ngi5	yi4	赣			120000		
讯	sən5	sen4	xun4	赣			106006		
记	ki5	gi4	ji4	赣			163850		
讲	kɔŋ3	gong3	jiang3	赣			175000		
讳	fi5	fi4	hui4	赣			108601		
论	lən2	len2	lun4	赣			120000		
论	lən6	len5	lun4	赣			120000		
讼	ɕiuŋ5	xiung4	song4	赣			131654		
讽	fuŋ5	fung4	feng3	赣			105298		
设	ɕiɛʔ7	xiêk6	she4	赣			120000		
访	fɔŋ3	fong3	fang3	赣			120000		
诀	kuaiʔ7	guaik6	jue2	赣			125000		
证	tɕiŋ5	jing4	zheng4	赣			170000		
评	pʰiŋ2	ping2	ping2	赣			150000		
识	ɕiʔ7	xik6	shi2	赣			120000		
诈	tsa5	za4	zha4	赣			120000		
诉	su5	su4	su4	赣			120000		
词	sɿ2	si2	ci2	赣			380000		
诏	tsau5	zau4	zhao4	赣			77141		
译	iʔ7	yik6	yi4	赣			125000		
试	ɕi5	xi4	shi4	赣			220000		
诗	ɕi1	xi1	shi1	赣			120000		
诛	tɕy1	jyu1	zhu1	赣			115000		
话	fa6	fa5	hua4	文			120000		
话	ua6	wa5	hua4	赣			120000		
诞	han6	han5	dan4	赣			104129		
诡	kui3	gui3	gui3	赣			120000		
询	sən2	sen2	xun2	赣			103310		
该	kɔi1	goi1	gai1	赣			120000		
详	ɕiɔŋ2	xiong2	xiang2	赣			120000		
诬	u2	wu2	wu1	赣			120000		
语	ny3	nyu3	yu3	赣			120000		
误	ŋu6	ngu5	wu4	赣			160000		
诱	iu3	yiu3	you4	赣			100343		
说	ɕiɛʔ7	xiêk6	shuo1	赣			469817		
诵	ɕiuŋ5	xiung4	song4	赣			120000		
请	tʰiaŋ3	tiang3	qing3	赣			120000		
诸	tɕy1	jyu1	zhu1	赣			145000		
诺	lɔʔ7	lok6	nuo4	赣			104414		
读	huʔ8	huk7	du2	赣			370000		
课	kʰuɔ5	kuo4	ke4	赣			120000		
调	hiau2	hiau2	diao4	赣			370000		
调	hiau6	hiau5	diao4	赣			370000		
谅	tiɔŋ6	diong5	liang4	赣			120000		
谆	tsən1	zen1	zhun1	赣			108269		
谈	ham2	ham2	tan2	赣			255000		
谊	ŋi6	ngi5	yi4	赣			101764		
谋	mɛu2	mêu2	mou2	赣			120000		
谍	hiap8	hiap7	die2	赣			120000		
谎	fɔŋ3	fong3	huang3	赣			120000		
谏	kan5	gan4	jian4	赣			72509		
谒	iɛʔ7	yêk6	ye4	赣			90000		
谓	ui6	wi5	wei4	赣			120000		
谚	ŋiɛn6	ngiên5	yan4	赣			101345		
谜	mi6	mi5	mi2	赣			145000		
谢	ɕia6	xia5	xie4	赣			120000		
谣	iau2	yau2	yao2	赣			120000		
谤	pɔŋ5	bong4	bang4	赣			108430		
谦	kʰiam1	kiam1	qian1	赣			120000		
谨	kin3	gin3	jin3	赣			120000		
谬	miu6	miu5	miu4	赣			109006		
谭	ham2	ham2	tan2	赣			120000		
谱	pʰu3	pu3	pu3	赣			120000		
谷	kuʔ7	guk6	gu3	赣			170000		
豆	hɛu6	hêu5	dou4	赣			120000		
豌	uɔn3	won3	wan1	赣			120000		
象	ɕiɔŋ6	xiong5	xiang4	赣			120000		
豪	hɔu2	hou2	hao2	赣			120000		
豫	y6	yu5	yu4	赣			120000		
豹	pau5	bau4	bao4	赣			120000		
豺	sai2	sai2	chai2	赣			120000		
豺	tʰai2	tai2	chai2	文			120000		
貂	tiau1	diau1	diao1	赣			95000		
貌	mau6	mau5	mao4	赣			120000		
贝	pɔi5	boi4	bei4	赣			120000		
贞	tɕin1	jin1	zhen1	赣			120000		
负	fu6	fu5	fu4	赣			250000		
贡	kuŋ5	gung4	gong4	赣			120000		
财	tʰai2	tai2	cai2	赣			145000		
责	tsɛʔ7	zêk6	ze2	赣			120000		
贤	hiɛn2	hiên2	xian2	赣			120000		
败	pʰai6	pai5	bai4	赣			120000		
账	tsɔŋ5	zong4	zhang4	赣			120000		
货	fɔ5	fo4	huo4	赣			120000		
质	tɕiʔ7	jik6	zhi4	赣			177000		
贩	fan5	fan4	fan4	赣			120000		
贪	ham1	ham1	tan1	赣			120000		
贫	pʰin2	pin2	pin2	赣			120000		
贬	piɛn3	biên3	bian3	赣			120000		
购	kɛu5	gêu4	gou4	赣			120000		
贯	kuɔn5	guon4	guan4	赣			120000		
贱	tʰiɛn6	tiên5	jian4	赣			120000		
贴	hiap7	hiap6	tie1	赣			120000		
贵	kui5	gui4	gui4	赣			125000		
贷	hai6	hai5	dai4	赣			120000		
贸	mɛu6	mêu5	mao4	赣			120000		
费	fi5	fi4	fei4	赣			170000		
贺	hɔ6	ho5	he4	赣			120000		
贼	tʰɛʔ8	têk7	zei2	赣			134902		
贾	ka3	ga3	jia3	赣			120000		
贿	fi3	fi3	hui4	赣			102979		
赁	nim6	nim5	lin4	赣			101509		
赂	lu6	lu5	lu4	赣			106773		
赃	tsɔŋ1	zong1	zang1	赣			120000		
资	tsɿ1	zi1	zi1	赣			120000		
赊	sa1	sa1	she1	赣			90000		
赋	fu5	fu4	fu4	赣			107326		
赌	tu3	du3	du3	赣			120000		
赎	suʔ8	suk7	shu2	赣			145000		
赏	sɔŋ3	song3	shang3	赣			120000		
赐	sɿ5	si4	ci4	赣			120000		
赔	pʰɔi2	poi2	pei2	赣			120000		
赖	lai6	lai5	lai4	赣			170000		
赘	tɕy5	jyu4	zhui4	赣			120000		
赚	tʰan6	tan5	zhuan4	赣			150000		
赛	sai5	sai4	sai4	赣			120000		
赞	tsan5	zan4	zan4	赣			125000		
赠	tʰɛŋ6	têng5	zeng4	赣			120000		
赡	sam6	sam5	shan4	赣			108256		
赢	iaŋ2	yang2	ying2	赣			120000		
赣	kɔm5	gom4	gan4	赣			410000		
赤	tsʰaʔ7	cak6	chi4	赣			120000		
赤	tɕʰiʔ7	qik6	chi4	赣			120000		
赦	sa5	sa4	she4	赣			120000		
赫	hɛʔ7	hêk6	he4	赣			145000		
走	tsɛu3	zêu3	zou3	赣			330000		
赴	fu5	fu4	fu4	赣			120000		
赵	tsʰau6	cau5	zhao4	赣			145000		
赶	kɔn3	gon3	gan3	赣			120000		
起	kʰi3	ki3	qi3	赣			170000		
趁	tɕʰin5	qin4	chen4	赣			120000		
超	tsʰau1	cau1	chao1	赣			120000		
越	viɛʔ7	viêk6	yue4	赣			230000		
趋	tʰy1	tyu1	qu1	赣			106253		
趟	hɔŋ5	hong4	tang4	赣			120000		
趣	tʰy5	tyu4	qu4	赣			120000		
足	tɕiuʔ7	jiuk6	zu2	赣			180000		
趾	tɕi3	ji3	zhi3	赣			104564		
跃	hiɔʔ7	hiok6	yue4	赣			107988		
跌	tiɛʔ7	diêk6	die1	赣			180000		
跑	pʰɔu3	pou3	pao3	赣			370000		
跕	tiɛʔ7	diêk6	dian3	赣			120000		
距	kʰy6	kyu5	ju4	赣			120000		
跟	kɛn1	gên1	gen1	赣			370000		
跤	kau1	gau1	jiao1	赣			120000		
跨	kʰua5	kua4	kua4	赣			200000		
跪	kʰui3	kui3	gui4	赣			120000		
路	lu6	lu5	lu4	赣			155000		
跳	hiau5	hiau4	tiao4	赣			255000		
践	tʰiɛn5	tiên4	jian4	赣			120000		
踏	hap8	hap7	ta4	赣			120000		
踢	hiaʔ7	hiak6	ti1	赣			170000		
踢	tʰiaʔ7	tiak6	ti1	文			170000		
踩	tʰai3	tai3	cai3	赣			120000		
蹄	hi2	hi2	ti2	赣			120000		
蹦	puŋ5	bung4	beng4	赣			145000		
蹲	tʰən2	ten2	dun1	赣			145000		
躁	tsɔu5	zou4	zao4	赣			120000		
身	ɕin1	xin1	shen1	赣			120000		
躬	kiuŋ1	giung1	gong1	赣			145000		
躱	tɔ3	do3	duo3	赣			120000		
躺	hɔŋ3	hong3	tang3	赣			120000		
车	tsʰa1	ca1	che1	赣			120000		
车	tɕiɛ1	jiê1	che1	赣			120000		
轧	ŋaiʔ8	ngaik7	ya4	赣			120000		
轨	kui3	gui3	gui3	赣			120000		
轩	hiɛn1	hiên1	xuan1	赣			145000		
转	tɕiɛn3	jiên3	zhuan3	赣			370000		
转	tɕiɛn5	jiên4	zhuan3	赣			370000		
轭	ŋaʔ7	ngak6	e4	赣			5868		
轮	tən2	den2	lun2	赣			190000		
软	uan3	wan3	ruan3	赣			120000		
轻	kʰiaŋ1	kiang1	qing1	赣			120000		
载	tsai3	zai3	zai4	赣			120000		
载	tsai5	zai4	zai4	赣			120000		
轿	kʰiau6	kiau5	jiao4	赣			120000		
较	kau5	gau4	jiao4	赣			205000		
辅	fu6	fu5	fu3	赣			108378		
辆	tiɔŋ6	diong5	liang4	赣			104506		
辈	pɔi5	boi4	bei4	赣			145000		
辉	fi1	fi1	hui1	赣			145000		
辎	tsɿ1	zi1	zi1	赣			79103		
辑	tʰip8	tip7	ji2	赣			200000		
输	ɕy1	xyu1	shu1	赣			200000		
辕	viɛn2	viên2	yuan2	赣			90000		
辖	haiʔ7	haik6	xia2	赣			101515		
辘	tiuʔ8	diuk7	lu4	赣			79549		
辙	tɕʰiɛʔ8	qiêk7	zhe2	赣			120000		
辛	ɕin1	xin1	xin1	赣			145000		
辜	ku1	gu1	gu1	赣			120000		
辞	sɿ2	si2	ci2	赣			120000		
辟	pʰiʔ7	pik6	pi4	赣			120000		
辣	laiʔ8	laik7	la4	赣			120000		
辩	pʰiɛn6	piên5	bian4	赣			120000		
辫	piɛn1	biên1	bian4	赣			120000		
辫	pʰiɛn6	piên5	bian4	赣			120000		
辰	ɕin2	xin2	chen2	赣			124678		
辱	iuʔ7	yuk6	ru3	赣			120000		
边	piɛn1	biên1	bian1	赣			175000		
辽	tiau2	diau2	liao2	赣			145000		
达	haiʔ8	haik7	da2	赣			175000		
迁	tʰiɛn1	tiên1	qian1	赣			120000		
迂	y1	yu1	yu1	赣			120000		
迄	kʰiʔ7	kik6	qi4	赣			120000		
迅	sən5	sen4	xun4	赣			106647		
过	kuɔ5	guo4	guo4	赣			370000		
迈	mai6	mai5	mai4	赣			120000		
迎	ŋiaŋ2	ngiang2	ying2	赣			120000		
迎	ŋiŋ2	nging2	ying2	文			120000		
运	yn6	yun5	yun4	赣			135000		
近	kʰin1	kin1	jin4	赣			145000		
近	kʰin6	kin5	jin4	赣			145000		
返	fan3	fan3	fan3	赣			120000		
还	hai2	hai2	hai2	赣			120000		
还	uan2	wan2	hai2	赣			120000		
进	tɕin5	jin4	jin4	赣			150000		
远	viɛn3	viên3	yuan3	赣			370000		
违	ui2	wi2	wei2	赣			120000		
连	tiɛn2	diên2	lian2	赣			280000		
迟	tɕʰi2	qi2	chi2	赣			120000		
迫	pɛʔ7	bêk6	po4	赣			120000		
迷	mi2	mi2	mi2	赣			145000		
迸	paŋ5	bang4	beng4	赣			90000		
迹	tɕiaʔ7	jiak6	ji4	赣			120000		
追	tɕy1	jyu1	zhui1	赣			145000		
退	hɔi5	hoi4	tui4	赣			370000		
送	suŋ5	sung4	song4	赣			195000		
适	ɕiʔ7	xik6	shi4	赣			120000		
逃	hɔu2	hou2	tao2	赣			120000		
逆	ŋiaʔ8	ngiak7	ni4	赣			120000		
逆	ŋiʔ7	ngik6	ni4	文			120000		
选	ɕiɛn3	xiên3	xuan3	赣			240000		
逊	sən5	sen4	xun4	赣			107005		
透	hɛu5	hêu4	tou4	赣			120000		
递	hi6	hi5	di4	赣			107990		
途	hu2	hu2	tu2	赣			120000		
逗	hɛu6	hêu5	dou4	赣			105279		
通	hŋ̍1	hng1	tong1	赣			195000		
通	tʰuŋ1	tung1	tong1	文			195000		
逝	ɕi6	xi5	shi4	赣			102514		
逞	tɕʰiŋ3	qing3	cheng3	赣			108731		
速	suʔ7	suk6	su4	赣			120000		
造	tʰɔu6	tou5	zao4	赣			370000		
逢	fuŋ2	fung2	feng2	赣			120000		
逵	kʰui2	kui2	kui2	赣			90000		
逸	iʔ7	yik6	yi4	赣			120000		
逼	piʔ7	bik6	bi1	赣			145000		
逾	y3	yu3	yu2	赣			106745		
遂	ɕy6	xyu5	sui4	赣			120000		
遇	ny6	nyu5	yu4	赣			120000		
遍	piɛn5	biên4	bian4	赣			180000		
道	hɔu6	hou5	dao4	赣			320545		
遗	lai2	lai2	yi2	赣			145000		
遗	ui2	wi2	yi2	赣			145000		
遢	tap7	dap6	ta4	赣			90000		
遣	kʰiɛn3	kiên3	qian3	赣			120000		
遭	tsɔu1	zou1	zao1	赣			120000		
遮	tsa1	za1	zhe1	赣			120000		
遵	tsən1	zen1	zun1	赣			120000		
避	pʰi6	pi5	bi4	赣			120000		
邀	iau1	yau1	yao1	赣			120000		
邋	laʔ7	lak6	la1	赣			90000		
邓	hɛŋ6	hêng5	deng4	赣			120000		
邦	pɔŋ1	bong1	bang1	赣			145000		
邪	ɕia2	xia2	xie2	赣			155000		
邮	iu2	yiu2	you2	赣			120000		
邵	sau6	sau5	shao4	赣			90000		
邹	tsɛu1	zêu1	zou1	赣			90000		
邻	tin2	din2	lin2	赣			120000		
郁	hiuʔ7	hiuk6	yu4	赣			120000		
郁	uiʔ7	wik6	yu4	赣			120000		
郊	kau1	gau1	jiao1	赣			120000		
郎	lɔŋ3	long3	lang2	赣			145000		
郑	tsʰaŋ6	cang5	zheng4	白			120000		
郑	tɕʰiŋ6	qing5	zheng4	文			120000		
郡	kʰyn6	kyun5	jun4	赣			90000		
部	pʰu6	pu5	bu4	赣			145000		
郭	kuɔʔ7	guok6	guo1	赣			120000		
都	tu1	du1	dou1	赣			452780		
鄂	ŋɔʔ7	ngok6	e4	赣			120000		
鄙	pi3	bi3	bi3	赣			120000		
酉	iu3	yiu3	you3	赣			145000		
酌	tsɔʔ7	zok6	zhuo2	赣			120000		
配	pʰɔi5	poi4	pei4	赣			195000		
酒	tɕiu3	jiu3	jiu3	赣			120000		
酥	su1	su1	su1	赣			120000		
酬	tɕʰiu2	qiu2	chou2	赣			120000		
酱	tɕiɔŋ5	jiong4	jiang4	赣			120000		
酵	kau5	gau4	jiao4	赣			106723		
酷	kʰuʔ7	kuk6	ku4	赣			120000		
酸	sɔn1	son1	suan1	赣			120000		
醇	sən2	sen2	chun2	赣			114921		
醉	tɕy5	jyu4	zui4	赣			120000		
醋	tʰu5	tu4	cu4	赣			120000		
醒	ɕiaŋ3	xiang3	xing3	赣			120000		
醮	tɕiau5	jiau4	jiao4	赣			90000		
釉	iu6	yiu5	you4	赣			120000		
里	ti3	di3	li3	赣			205000		
重	tsʰuŋ1	cung1	zhong4	赣			370000		
重	tsʰuŋ2	cung2	zhong4	赣			370000		
野	ia3	ya3	ye3	赣			370000		
量	tiɔŋ2	diong2	liang4	赣			120000		
量	tiɔŋ6	diong5	liang4	赣			120000		
金	kim1	gim1	jin1	赣			175000		
鉴	kam5	gam4	jian4	赣			120000		
针	tɕim1	jim1	zhen1	赣			120000		
钉	tiaŋ1	diang1	ding1	赣			120000		
钉	tiaŋ5	diang4	ding1	赣			120000		
钏	tɕʰiɛn1	qiên1	chuan4	赣			76333		
钓	tiau5	diau4	diao4	赣			120000		
钗	tʰai1	tai1	chai1	赣			90000		
钝	hən6	hen5	dun4	赣			108444		
钞	tʰau1	tau1	chao1	赣			120000		
钟	tsuŋ1	zung1	zhong1	赣			120000		
钢	kɔŋ1	gong1	gang1	赣			120000		
钧	kyn1	gyun1	jun1	赣			120000		
钩	kɛu1	gêu1	gou1	赣			120000		
钱	tʰiɛn2	tiên2	qian2	赣			370000		
钳	kʰiam2	kiam2	qian2	赣			120000		
钵	pɔiʔ7	boik6	bo1	赣			90000		
钻	tsɔn1	zon1	zuan1	赣			124879		
钻	tsɔn5	zon4	zuan1	赣			124879		
铁	hiɛʔ7	hiêk6	tie3	赣			150000		
铃	tiaŋ2	diang2	ling2	赣			120000		
铅	kʰam1	kam1	qian1	赣			125000		
铅	viɛn2	viên2	qian1	赣			125000		
铇	pʰau6	pau5	bao4	赣			120000		
铐	kʰɔu5	kou4	kao4	赣			120000		
铜	hŋ̍2	hng2	tong2	赣			170000		
铜	tʰuŋ2	tung2	tong2	文			170000		
铡	saiʔ8	saik7	zha2	赣			90000		
铭	miŋ2	ming2	ming2	赣			102319		
铰	kau1	gau1	jiao3	赣			90000		
铲	tʰan3	tan3	chan3	赣			120000		
铳	tsʰuŋ5	cung4	chong4	赣			90000		
银	ŋin2	ngin2	yin2	赣			126500		
铸	tɕy5	jyu4	zhu4	赣			145000		
铺	pʰu1	pu1	pu4	赣			120000		
铺	pʰu5	pu4	pu4	赣			120000		
链	tiɛn6	diên5	lian4	赣			145000		
销	ɕiau1	xiau1	xiao1	赣			145000		
锁	sɔ3	so3	suo3	赣			145000		
锃	tʰaŋ2	tang2	zeng4	赣			78478		
锄	tʰu2	tu2	chu2	文			120000		
锄	tʰɛ2	tê2	chu2	赣			120000		
锅	uɔ1	wo1	guo1	赣			120000		
锈	ɕiu5	xiu4	xiu4	赣			120000		
锉	tʰɔ5	to4	cuo4	赣			90000		
锋	fuŋ1	fung1	feng1	赣			120000		
锐	ly6	lyu5	rui4	赣			109429		
错	tʰɔ5	to4	cuo4	赣			370000		
锡	ɕiaʔ7	xiak6	xi1	赣			120000		
锣	lɔ2	lo2	luo2	赣			120000		
锤	tɕʰy2	qyu2	chui2	赣			120000		
锦	kim3	gim3	jin3	赣			120000		
锭	hiŋ6	hing5	ding4	赣			90000		
键	kʰiɛn6	kiên5	jian4	赣			163920		
锯	kɛ5	gê4	ju4	赣			145000		
锹	tʰiau1	tiau1	qiao1	赣			120000		
锻	hɔn6	hon5	duan4	赣			120000		
镀	hu6	hu5	du4	赣			120000		
镇	tɕin5	jin4	zhen4	赣			120000		
镕	iuŋ2	yiung2	rong2	赣			4736		
镜	kiaŋ5	giang4	jing4	赣			103654		
镢	kiɔʔ7	giok6	jue2	赣			78044		
镣	tiau2	diau2	liao4	赣			115000		
镬	uɔʔ8	wok7	huo4	赣			72695		
镯	tʰɔʔ8	tok7	zhuo2	赣			90000		
镰	tiam2	diam2	lian2	赣			120000		
镶	ɕiɔŋ1	xiong1	xiang1	赣			120000		
长	tsɔŋ3	zong3	zhang3	赣			120000		
长	tsʰɔŋ2	cong2	zhang3	赣			120000		
门	mɛn2	mên2	men2	赣			170000		
闩	sɔn1	son1	shuan1	赣			120000		
闪	sam3	sam3	shan3	赣			135907		
闭	pi5	bi4	bi4	赣			135000		
问	uɛn6	wen5	wen4	赣			120000		
闯	tsʰɔŋ3	cong3	chuang3	赣			120000		
闰	yn6	yun5	run4	赣			120000		
闲	han2	han2	xian2	赣			150000		
间	kan1	gan1	jian1	赣			120000		
间	kan5	gan4	jian1	赣			120000		
闷	mɛn6	mên5	men4	赣			120000		
闸	tsa1	za1	zha2	赣			120000		
闸	tsaiʔ8	zaik7	zha2	赣			120000		
闸	tsap7	zap6	zha2	赣			120000		
闹	lau6	lau5	nao4	赣			120000		
闺	kui1	gui1	gui1	赣			150000		
闻	uɛn2	wen2	wen2	赣			136980		
闽	min2	min2	min3	赣			120000		
阁	kɔʔ7	gok6	ge2	赣			120000		
阄	kɛu1	gêu1	jiu1	赣			90000		
阅	viɛʔ7	viêk6	yue4	赣			130000		
阉	iam1	yam1	yan1	赣			154153		
阎	iam2	yam2	yan2	赣			120000		
阔	kʰɔiʔ7	koik6	kuo4	赣			120000		
阜	fɛu5	fêu4	fu4	赣			90000		
队	tɔi5	doi4	dui4	赣			145000		
阮	uan3	wan3	ruan3	赣			90000		
防	fɔŋ2	fong2	fang2	赣			170000		
阳	iɔŋ2	yong2	yang2	赣			170000		
阴	im1	yim1	yin1	赣			120000		
阵	tɕʰin6	qin5	zhen4	赣			120000		
阶	kai1	gai1	jie1	赣			145000		
阻	tsu3	zu3	zu3	赣			125000		
阿	a1	a1	a1	赣			325000		
阿	ɔ1	o1	a1	赣			325000		
陀	hɔ2	ho2	tuo2	赣			90000		
附	fu6	fu5	fu4	赣			120000		
际	tɕi5	ji4	ji4	赣			120000		
陆	tiuʔ7	diuk6	lu4	赣			120000		
陇	luŋ3	lung3	long3	赣			77224		
陈	tɕʰin1	qin1	chen2	赣			131300		
陋	lɛu6	lêu5	lou4	赣			120000		
降	hɔŋ2	hong2	jiang4	赣			170000		
降	kɔŋ5	gong4	jiang4	赣			170000		
限	han6	han5	xian4	赣			125000		
陕	sam3	sam3	shan3	赣			120000		
陛	pʰi6	pi5	bi4	赣			90000		
陡	tɛu3	dêu3	dou3	赣			150000		
院	viɛn6	viên5	yuan4	赣			120000		
除	tɕʰy2	qyu2	chu2	赣			120000		
陨	vin5	vin4	yun3	赣			109185		
险	hiam3	hiam3	xian3	赣			120000		
陪	pʰɔi2	poi2	pei2	赣			120000		
陵	tiŋ2	ding2	ling2	赣			120000		
陶	hɔu2	hou2	tao2	赣			120000		
陷	ham6	ham5	xian4	赣			120000		
隆	tiuŋ2	diung2	long2	赣			120000		
隍	uɔŋ2	wong2	huang2	赣			90000		
随	ɕy2	xyu2	sui2	赣			120000		
隐	in3	yin3	yin3	赣			120000		
隔	kaʔ7	gak6	ge2	赣			120000		
隘	ai5	ai4	ai4	赣			108531		
障	tsɔŋ5	zong4	zhang4	赣			120000		
隧	ɕy6	xyu5	sui4	赣			103913		
隶	tʰi6	ti5	li4	赣			145000		
难	nan2	nan2	nan2	赣			180000		
雀	tʰiɔʔ7	tiok6	que4	赣			140000		
雁	ŋan6	ngan5	yan4	赣			120000		
雄	hiuŋ2	hiung2	xiong2	赣			120000		
雅	ŋa3	nga3	ya3	赣			145000		
集	tʰip8	tip7	ji2	赣			145000		
雇	ku5	gu4	gu4	赣			125000		
雌	sɿ1	si1	ci2	赣			145000		
雍	iuŋ1	yiung1	yong1	赣			78890		
雕	tiau1	diau1	diao1	赣			120000		
雨	y3	yu3	yu3	赣			170000		
雪	ɕiɛʔ7	xiêk6	xue3	赣			120000		
零	tiaŋ2	diang2	ling2	赣			120000		
雷	ly2	lyu2	lei2	文			120000		
雷	lɛu2	lêu2	lei2	白			120000		
雹	pʰɔʔ8	pok7	bao2	赣			120000		
雾	u6	wu5	wu4	赣			120000		
需	ɕy1	xyu1	xu1	赣			120000		
霄	ɕiau1	xiau1	xiao1	赣			109732		
霉	mɔi2	moi2	mei2	赣			120000		
霍	fɔʔ7	fok6	huo4	赣			120000		
霜	sɔŋ1	song1	shuang1	赣			120000		
霞	ha2	ha2	xia2	赣			170000		
霭	ɔi3	oi3	ai3	赣			70893		
露	lu6	lu5	lu4	赣			130000		
霸	pa5	ba4	ba4	赣			120000		
青	tʰiaŋ1	tiang1	qing1	赣			120000		
青	tʰiŋ1	ting1	qing1	文			120000		
靖	tʰiaŋ6	tiang5	jing4	赣			120000		
靖	tʰiŋ6	ting5	jing4	文			120000		
静	tʰiŋ6	ting5	jing4	赣			120000		
靠	kʰɔu5	kou4	kao4	赣			310000		
面	miɛn6	miên5	mian4	赣			386025		
革	kɛʔ7	gêk6	ge2	赣			145000		
靪	tiaŋ1	diang1	ding1	赣			120000		
靴	hiɔ1	hio1	xue1	赣			120000		
鞋	hai2	hai2	xie2	赣			120000		
鞍	ɔn1	on1	an1	赣			145000		
鞭	piɛn1	biên1	bian1	赣			120000		
韧	ŋin6	ngin5	ren4	赣			120000		
韩	hɔn2	hon2	han2	赣			120000		
韭	kiu3	giu3	jiu3	赣			120000		
音	im1	yim1	yin1	赣			370000		
韵	yn6	yun5	yun4	赣			310000		
韶	sau2	sau2	shao2	赣			70809		
顶	tiŋ3	ding3	ding3	赣			120000		
顷	kʰyn1	kyun1	qing3	赣			120000		
项	hɔŋ6	hong5	xiang4	赣			170000		
顺	sən6	sen5	shun4	赣			170000		
须	ɕy1	xyu1	xu1	赣			120000		
顽	uan2	wan2	wan2	赣			120000		
顾	ku5	gu4	gu4	赣			120000		
顿	tən5	den4	dun4	赣			120000		
颁	pan1	ban1	ban1	赣			108769		
颂	ɕiuŋ5	xiung4	song4	赣			101684		
预	y6	yu5	yu4	赣			120000		
领	tiaŋ3	diang3	ling3	赣			120000		
领	tiŋ3	ding3	ling3	文			120000		
颇	pʰɔ1	po1	po3	赣			120000		
颈	kiaŋ3	giang3	jing3	赣			120000		
频	pʰin2	pin2	pin2	赣			286707		
颖	iŋ3	ying3	ying3	赣			107726		
题	hi2	hi2	ti2	赣			145000		
颜	ŋan1	ngan1	yan2	赣			120000		
颠	tiɛn1	diên1	dian1	赣			120000		
颧	kʰuan2	kuan2	quan2	赣			90000		
风	fuŋ1	fung1	feng1	赣			155000		
飘	pʰiau1	piau1	piao1	赣			120000		
飞	fi1	fi1	fei1	赣			120000		
食	ɕiʔ8	xik7	shi2	赣			120000		
餐	tʰan1	tan1	can1	赣			145000		
饥	ki1	gi1	ji1	赣			120000		
饭	fan6	fan5	fan4	赣			195000		
饮	im3	yim3	yin3	赣			120000		
饰	ɕiʔ7	xik6	shi4	赣			145000		
饱	pau3	bau3	bao3	赣			145000		
饲	sɿ6	si5	si4	赣			109731		
饶	ŋiau2	ngiau2	rao2	赣			205000		
饷	hiɔŋ3	hiong3	xiang3	赣			90000		
饺	kiau3	giau3	jiao3	赣			120000		
饼	piaŋ1	biang1	bing3	赣			120000		
饼	piŋ3	bing3	bing3	文			120000		
饿	ŋɔ6	ngo5	e4	赣			120000		
馅	ham6	ham5	xian4	赣			125000		
馆	kuɔn3	guon3	guan3	赣			145000		
馊	sɛu1	sêu1	sou1	赣			120000		
馒	mɔn2	mon2	man2	赣			120000		
首	ɕiu3	xiu3	shou3	赣			370000		
香	hiɔŋ1	hiong1	xiang1	赣			120000		
马	ma3	ma3	ma3	赣			120000		
驮	hɔ2	ho2	tuo2	赣			418203		
驰	tɕʰi2	qi2	chi2	赣			108784		
驱	kʰy1	kyu1	qu1	赣			120000		
驳	pɔʔ7	bok6	bo2	赣			120000		
驴	ty2	dyu2	lv2	赣			145000		
驶	sɿ3	si3	shi3	赣			120000		
驻	tɕy5	jyu4	zhu4	赣			120000		
驼	hɔ2	ho2	tuo2	赣			120000		
驼	tʰɔ2	to2	tuo2	文			120000		
驾	ka5	ga4	jia4	赣			120000		
骂	ma6	ma5	ma4	赣			150000		
骄	kiau1	giau1	jiao1	赣			120000		
骆	lɔʔ7	lok6	luo4	赣			120000		
验	niam6	niam5	yan4	赣			145000		
骑	kʰi2	ki2	qi2	赣			120000		
骑	kʰia2	kia2	qi2	赣			120000		
骗	pʰiɛn5	piên4	pian4	赣			185000		
骚	sɔu1	sou1	sao1	赣			132505		
骨	kuiʔ7	guik6	gu3	赣			170000		
髓	ɕy6	xyu5	sui3	赣			109275		
高	kɔu1	gou1	gao1	赣			419230		
鬃	tsuŋ1	zung1	zong1	赣			90000		
鬓	pin5	bin4	bin4	赣			101607		
鬼	kui3	gui3	gui3	赣			120000		
魂	fən2	fen2	hun2	赣			120000		
魄	pʰɛʔ7	pêk6	po4	赣			120000		
魇	iam3	yam3	yan3	赣			73243		
魏	ŋɔi6	ngoi5	wei4	赣			120000		
魔	mɔ2	mo2	mo2	赣			120000		
鱼	niɛ2	niê2	yu2	赣			180000		
鱿	iu2	yiu2	you2	赣			4902		
鲁	lu3	lu3	lu3	赣			145000		
鲇	niam2	niam2	nian2	赣			79988		
鲍	pʰau6	pau5	bao4	赣			145000		
鲜	ɕiɛn1	xiên1	xian1	赣			120000		
鲜	ɕiɛn3	xiên3	xian1	赣			120000		
鲢	tiɛn2	diên2	lian2	赣			90000		
鲤	ti3	di3	li3	赣			120000		
鲫	tsɛʔ7	zêk6	ji4	赣			120000		
鲸	kʰiŋ2	king2	jing1	赣			106672		
鳃	sai1	sai1	sai1	赣			90000		
鳄	ŋɔʔ7	ngok6	e4	赣			103547		
鳅	tʰiu1	tiu1	qiu1	赣			90000		
鳍	kʰi2	ki2	qi2	赣			109188		
鳏	kuan1	guan1	guan1	赣			90000		
鳙	ɕiuŋ2	xiung2	yong1	赣			73839		
鳜	kui5	gui4	gui4	赣			90000		
鳝	ɕiɛn6	xiên5	shan4	赣			120000		
鳞	tin2	din2	lin2	赣			120000		
鸟	tiau3	diau3	niao3	赣			120000		
鸠	kiu1	giu1	jiu1	赣			90000		
鸡	ki1	gi1	ji1	赣			120000		
鸣	miŋ2	ming2	ming2	赣			130964		
鸬	lu2	lu2	lu2	赣			72708		
鸭	ap7	ap6	ya1	赣			120000		
鸽	kɔp7	gop6	ge1	赣			120000		
鸿	fuŋ2	fung2	hong2	赣			120000		
鹅	ŋɔ2	ngo2	e2	赣			120000		
鹉	u3	wu3	wu3	赣			106941		
鹊	tʰiɔʔ7	tiok6	que4	赣			130000		
鹌	am1	am1	an1	赣			4685		
鹤	hɔʔ8	hok7	he4	赣			125000		
鹦	iŋ1	ying1	ying1	赣			120000		
鹰	ɛŋ1	êng1	ying1	赣			120000		
鹿	luʔ7	luk6	lu4	赣			120000		
麟	tin2	din2	lin2	赣			90000		
麦	maʔ8	mak7	mai4	赣			120000		
麻	ma2	ma2	ma2	赣			145000		
麾	fi1	fi1	hui1	赣			71569		
黄	fɔŋ2	fong2	huang2	文			120000		
黄	uɔŋ2	wong2	huang2	赣			120000		
黎	ti2	di2	li2	赣			120000		
黑	hɛʔ7	hêk6	hei1	赣			125000		
默	mɛʔ7	mêk6	mo4	赣			120000		
鼎	tiŋ3	ding3	ding3	赣			120000		
鼓	ku3	gu3	gu3	赣			120000		
鼠	ɕiɛ3	xiê3	shu3	赣			120000		
鼠	ɕy3	xyu3	shu3	文			120000		
鼻	pʰi6	pi5	bi2	赣			120000		
鼻	pʰiʔ8	pik7	bi2	赣			120000		
鼾	hɔn1	hon1	han1	赣			90000		
齐	tʰi2	ti2	qi2	赣			150000		
齿	tɕʰi3	qi3	chi3	赣			120000		
龙	tiuŋ2	diung2	long2	赣			120000		
龛	kʰɔm1	kom1	kan1	赣			90000		
龟	kui1	gui1	gui1	赣			120000		
𩾃	uan3	wan3	mian3	赣			1953		
𪢮	lɔn2	lon2	luan2	赣			1004		
𬮿	kʰai6	kai5	qi2	赣			1995		
咬	ŋau3	ngau3	yao3	官			120000		
抱	pʰɔu6	pou5	bao4	官			145000		
拾	ɕip8	xip7	shi2	官			120000		
挑	hiau1	hiau1	tiao1	官			120000		
活	fɔiʔ8	foik7	huo2	官			220000		
藏	tʰɔŋ2	tong2	cang2	官			145000		
藏	tʰɔŋ6	tong5	cang2	官			145000		
靠	kʰɔu5	kou4	kao4	官			310000		
顽	uan2	wan2	wan2	官			120000		
文	uɛn2	wên2	wen2	赣			448967		
纹	uɛn2	wên2	wen2	赣			120000		
问	uɛn6	wên5	wen4	赣			120000		
闻	uɛn2	wên2	wen2	赣			136980		
