本词	国际音标	方言拼音	汉语拼音	词汇属性	对应官话词	官话拼音	词频	同义词	新旧标记
一	i1	yi1	yi1	赣			467830		
丁	tin1	din1	ding1	赣			120000		
七	tɕʰi1	qi1	qi1	赣			280000		
万	uan5	wan4	wan4	赣			120000		
丈	tsʰɔŋ5	cong4	zhang4	赣			120000		
丈	tʰɔŋ6	tong4	zhang4	赣			120000		
三	san1	san1	san1	赣			370000		
上	sɔŋ5	song4	shang4	赣			508101		
下	ha5	ha4	xia4	赣			120000		
不	ɕiɛ1	xiê1	bu4	赣			610331		
不	pu1	bu1	bu4	赣			610331		
丐	kɔi5	goi4	gai4	赣			120000		
丑	tʰiɔu3	tiou3	chou3	赣			130000		
专	tɔn1	don1	zhuan1	赣			170000		
世	ɿ5	yi4	shi4	赣			120000		
世	sɿ2	si2	shi4	赣			120000		
丘	tɕʰiɔu1	qiou1	qiu1	赣			145000		
丘	tɕʰiu1	qiu1	qiu1	赣			145000		
丙	pin3	bin3	bing3	赣			224999		
业	ȵiɛ1	niê1	ye4	赣			120000		
丛	tsʰuŋ2	cung2	cong2	赣			270000		
东	tuŋ1	dung1	dong1	赣			260000		
丝	sɿ1	si1	si1	赣			120000		
丝	ly3	lyu3	si1	赣			120000		
丞	tʰin2	tin2	cheng2	赣			125000		
丢	tiɛ1	diê1	diu1	赣			130000		
丢	tiɔu1	diou1	diu1	赣			130000		
丢	tiu1	diu1	diu1	赣			130000		
两	liɔŋ3	liong3	liang3	赣			370000		
严	iɛn2	yên2	yan2	赣			170000		
严	ȵiɛn2	niên2	yan2	赣			170000		
丧	sɔŋ1	song1	sang4	赣			125000		
丧	sɔŋ5	song4	sang4	赣			125000		
个	ko2	go2	ge4	赣			120000		
个	kɔ3	go3	ge4	赣			120000		
个	ko9	go5	ge4	赣			120000		
中	tuŋ1	dung1	zhong1	赣			493191		
中	tuŋ5	dung4	zhong1	赣			493191		
中	tsuŋ1	zung1	zhong1	赣			493191		
丰	fuŋ1	fung1	feng1	赣			120000		
串	tʰɔn5	ton4	chuan4	赣			260000		
临	lin1	lin1	lin2	赣			120000		
丸	yɔn6	yuon4	wan2	赣			120000		
丹	tan1	dan1	dan1	赣			120000		
为	uei2	wêi2	wei4	赣			545952		
为	uei5	wêi4	wei4	赣			545952		
主	ty3	dyu3	zhu3	赣			385602		
主	tɕy3	jyu3	zhu3	白			385602		
主	tsu3	zu3	zhu3	文			385602		
丽	li6	li4	li4	赣			120000		
举	tɕy3	jyu3	ju3	赣			155000		
久	tɕiɔu3	jiou3	jiu3	赣			260000		
义	i5	yi4	yi4	赣			195000		
义	ȵi6	ni4	yi4	赣			195000		
乌	u1	wu1	wu1	赣			145000		
乐	lɔ1	lo1	le4	赣			180000		
乔	tɕʰiau2	qiau2	qiao2	赣			120000		
乖	kuai1	guai1	guai1	赣			120000		
乘	ɕin2	xin2	cheng2	赣			175000		
乙	iɛ1	yê1	yi3	赣			120000		
九	tɕiɔu3	jiou3	jiu3	赣			259999		
乞	tɕʰi1	qi1	qi3	赣			120000		
也	ia3	ya3	ye3	赣			557851		
习	ɕi1	xi1	xi2	赣			170000		
习	ɕi6	xi4	xi2	赣			170000		
书	ɕy1	xyu1	shu1	赣			120000		
买	mai3	mai3	mai3	赣			275000		
乱	lon5	lon4	luan4	赣			370000		
乳	lu3	lu3	ru3	赣			125000		
了	liau3	liau3	le5	赣			470908		
了	kɛu5	gêu4	le5	赣			470908		
争	tsaŋ1	zang1	zheng1	白			120000		
争	tsən1	zen1	zheng1	文			120000		
事	ɿ6	yi4	shi4	赣			225000		
事	sɿ5	si4	shi4	赣			225000		
二	ɵ5	eo4	er4	赣			310000		
二	œ6	oe4	er4	赣			310000		
亏	kʰuei1	kui1	kui1	赣			125000		
云	yn2	yun2	yun2	赣			305000		
互	fu6	fu4	hu4	赣			125000		
五	ŋ̍3	ng3	wu3	赣			370000		
井	tɕiaŋ3	jiang3	jing3	赣			120000		
亚	a2	a2	ya4	赣			120000		
亚	ŋa5	nga4	ya4	赣			120000		
些	fa1	fa1	xie1	赣			370000		
亡	uɔŋ2	wong2	wang2	赣			109629		
交	kau1	gau1	jiao1	赣			120000		
产	tsʰan3	can3	chan3	赣			120000		
亨	xɛn1	hên1	heng1	赣			120000		
亩	miau3	miau3	mu3	赣			120000		
亩	mɛu3	mêu3	mu3	赣			120000		
享	ɕiɔŋ3	xiong3	xiang3	赣			120000		
京	tɕin1	jin1	jing1	赣			145000		
亮	liɔŋ6	liong4	liang4	赣			120000		
亲	tɕʰin1	qin1	qin1	赣			120000		
人	lin2	lin2	ren2	赣			120000		
亿	i6	yi4	yi4	赣			145000		
仁	lin2	lin2	ren2	赣			120000		
仇	tʰiɔu2	tiou2	chou2	赣			155000		
今	tɕin1	jin1	jin1	赣			120000		
介	kai5	gai4	jie4	赣			120000		
从	tɕʰiuŋ2	qiung2	cong2	赣			120000		
从	tsʰuŋ2	cung2	cong2	赣			120000		
仓	tsʰɔŋ1	cong1	cang1	赣			155000		
仗	tɔŋ5	dong4	zhang4	赣			120000		
付	fu5	fu4	fu4	赣			120000		
仙	ɕiɛn1	xiên1	xian1	赣			120000		
代	tʰɔi6	toi4	dai4	赣			260000		
令	lin5	lin4	ling4	赣			175000		
以	i3	yi3	yi3	赣			386106		
仪	ȵi2	ni2	yi2	赣			120000		
件	tɕʰiɛn5	qiên4	jian4	赣			170000		
价	ka5	ga4	jia4	赣			145000		
任	lən2	len2	ren4	赣			120000		
任	lin5	lin4	ren4	赣			120000		
份	fən5	fen4	fen4	赣			195000		
仿	fɔŋ3	fong3	fang3	赣			120000		
企	tɕʰi6	qi4	qi3	赣			120000		
伏	fu6	fu4	fu2	赣			120000		
伐	fæ6	fae4	fa2	赣			120000		
休	ɕiɔu1	xiou1	xiu1	赣			125000		
休	ɕiu1	xiu1	xiu1	赣			125000		
众	tsuŋ2	zung2	zhong4	赣			120000		
优	iɔu1	you1	you1	赣			120000		
会	fei5	fêi4	hui4	赣			386025		
会	uei5	wêi4	hui4	赣			386025		
会	fuei5	fui4	hui4	赣			386025		
伞	san3	san3	san3	赣			120000		
伟	uei3	wêi3	wei3	赣			120000		
传	tʰɔn2	ton2	chuan2	赣			120000		
传	tʰɔn6	ton4	chuan2	赣			120000		
传	tsʰuon2	cuon2	chuan2	赣			120000		
伢	ŋa2	nga2	ya2	赣			120000		
伤	sɔŋ1	song1	shang1	赣			120000		
伦	luɛn2	lun2	lun2	赣			120000		
伪	uei3	wêi3	wei3	赣			134743		
伪	uei5	wêi4	wei3	赣			134743		
估	ku1	gu1	gu1	赣			120000		
伴	pon5	bon4	ban4	赣			120000		
伴	pʰɔn6	pon4	ban4	赣			120000		
伸	ɕin1	xin1	shen1	赣			120000		
伺	ɿ5	yi4	ci4	赣			150000		
似	fɔŋ3	fong3	shi4	赣			120000		
似	sɿ3	si3	shi4	赣			120000		
佃	tʰiɛn5	tiên4	dian4	赣			101062		
但	tʰan6	tan4	dan4	赣			235000		
位	uei5	wêi4	wei4	赣			245000		
低	ti1	di1	di1	赣			305000		
住	tsʰu5	cu4	zhu4	文			245000		
住	tɕy5	jyu4	zhu4	白			245000		
住	tʰy6	tyu4	zhu4	赣			245000		
体	tʰi3	ti3	ti3	赣			205000		
何	xɔ2	ho2	he2	赣			170000		
余	y2	yu2	yu2	赣			175000		
佛	fo2	fo2	fu2	赣			130000		
佛	fu6	fu4	fu2	赣			130000		
作	tso1	zo1	zuo4	赣			120000		
你	ȵi3	ni3	ni3	赣			415320		
佳	ka1	ga1	jia1	赣			130000		
使	sɿ3	si3	shi3	赣			120000		
侄	tʰi6	ti4	zhi2	赣			145000		
例	li5	li4	li4	赣			150000		
侍	ɿ6	yi4	shi4	赣			120000		
供	tɕiuŋ1	jiung1	gong1	赣			205000		
供	kuŋ1	gung1	gong1	赣			205000		
依	i1	yi1	yi1	赣			145000		
侥	tɕiau3	jiau3	jiao3	赣			120000		
侮	u3	wu3	wu3	赣			107043		
侵	tɕʰin1	qin1	qin1	赣			145000		
便	pʰiɛn2	piên2	bian4	赣			120000		
便	pʰiɛn6	piên4	bian4	赣			120000		
促	tɕiɔu1	jiou1	cu4	赣			120000		
俄	ŋɔ2	ngo2	e2	赣			120000		
俊	tɕyn5	jyun4	jun4	赣			120000		
俗	su2	su2	su2	赣			155000		
俗	su6	su4	su2	赣			155000		
俘	fu5	fu4	fu2	赣			102061		
保	pau3	bau3	bao3	赣			145000		
信	ɕin5	xin4	xin4	赣			220000		
俭	tɕʰiɛn6	qiên4	jian3	赣			120000		
修	ɕiɔu1	xiou1	xiu1	赣			310000		
修	ɕiu1	xiu1	xiu1	赣			310000		
俯	fu3	fu3	fu3	赣			100625		
倍	pʰei5	pêi4	bei4	赣			145000		
倍	pʰuei6	pui4	bei4	赣			145000		
倒	tau3	dau3	dao4	赣			195000		
倒	tau5	dau4	dao4	赣			195000		
候	xɛu2	hêu2	hou4	赣			170000		
候	hɛu5	hêu4	hou4	赣			170000		
借	tɕia2	jia2	jie4	赣			120000		
借	tɕia5	jia4	jie4	赣			120000		
倡	tʰɔŋ5	tong4	chang4	赣			120000		
倭	uo1	wo1	wo1	赣			120000		
债	tsai5	zai4	zhai4	赣			120000		
值	tʰi6	ti4	zhi2	赣			370000		
倾	tɕʰyn1	qyun1	qing1	赣			120000		
假	ka3	ga3	jia3	赣			120000		
偋	paŋ3	bang3	bing4	赣			4801		
偏	pʰiɛn1	piên1	pian1	赣			120000		
做	tsɿ5	zi4	zuo4	赣			428314		
做	tsu2	zu2	zuo4	赣			428314		
做	tsu5	zu4	zuo4	赣			428314		
停	tʰin2	tin2	ting2	赣			170000		
停	tʰiaŋ2	tiang2	ting2	赣			170000		
健	tɕʰiɛn5	qiên4	jian4	赣			120000		
偶	ŋɛu3	ngêu3	ou3	赣			120000		
偶	ŋɛu5	ngêu4	ou3	赣			120000		
偷	tʰɛu1	têu1	tou1	赣			120000		
偿	sɔŋ2	song2	chang2	赣			136769		
傅	fu5	fu4	fu4	赣			120000		
傍	pʰɔŋ6	pong4	bang4	赣			103993		
储	tʰy2	tyu2	chu3	赣			220000		
催	tsʰuei1	cui1	cui1	赣			145000		
傲	ŋau5	ngau4	ao4	赣			120000		
傻	sa3	sa3	sha3	赣			120000		
像	tɕʰiɔŋ5	qiong4	xiang4	赣			370000		
像	ɕiɔŋ6	xiong4	xiang4	赣			370000		
僧	sɛn1	sên1	seng1	赣			120000		
僵	tɕiɔŋ1	jiong1	jiang1	赣			120000		
僻	pʰi6	pi4	pi4	赣			220000		
儒	œ2	oe2	ru2	赣			120000		
儿	ŋɵ2	ngeo2	er2	赣			160000		
允	yn3	yun3	yun3	赣			120000		
元	yon2	yuon2	yuan2	赣			370000		
元	ȵyɔn2	nyuon2	yuan2	赣			370000		
兄	ɕiaŋ1	xiang1	xiong1	赣			120000		
充	tʰuŋ1	tung1	chong1	赣			120000		
先	ɕiɛn1	xiên1	xian1	赣			370000		
光	kuɔŋ1	guong1	guang1	赣			120000		
克	kʰɛ1	kê1	ke4	赣			145000		
免	miɛn3	miên3	mian3	赣			120000		
兑	tuei6	dui4	dui4	赣			120000		
兔	tʰu2	tu2	tu4	赣			120000		
兔	tʰu5	tu4	tu4	赣			120000		
党	tɔŋ3	dong3	dang3	赣			120000		
兜	tɛu1	dêu1	dou1	赣			130000		
入	li6	li4	ru4	赣			120000		
入	lu1	lu1	ru4	赣			120000		
全	tɕʰyɛn2	qyuên2	quan2	赣			370000		
全	tɕʰyɔn2	qyuon2	quan2	赣			370000		
八	pɛ1	bê1	ba1	赣			160000		
公	kuŋ1	gung1	gong1	赣			290000		
六	tiɔu6	diou4	liu4	赣			230000		
六	liɔu6	liou4	liu4	赣			230000		
六	liu5	liu4	liu4	赣			230000		
兰	lan2	lan2	lan2	赣			120001		
共	tɕʰiuŋ5	qiung4	gong4	赣			120000		
共	kʰuŋ6	kung4	gong4	赣			120000		
关	kuan1	guan1	guan1	赣			180000		
关	kuɔn1	guon1	guan1	赣			180000		
兴	ɕin1	xin1	xing1	赣			145000		
兴	ɕin2	xin2	xing1	赣			145000		
兴	ɕin5	xin4	xing1	赣			145000		
兵	pin1	bin1	bing1	赣			120000		
兵	tɕy1	jyu1	bing1	赣			120000		
其	tɕʰi2	qi2	qi2	赣			120000		
具	lɛu2	lêu2	ju4	赣			145000		
具	tɕʰy6	qyu4	ju4	赣			145000		
典	tiɛn3	diên3	dian3	赣			180000		
养	iɔŋ3	yong3	yang3	赣			200000		
兼	tɕiɛn1	jiên1	jian1	赣			120000		
兽	ɕiɔu1	xiou1	shou4	赣			180000		
内	luei5	lui4	nei4	赣			370000		
冉	lan3	lan3	ran3	赣			102959		
册	tsʰɛ1	cê1	ce4	赣			145000		
册	tsʰa2	ca2	ce4	赣			145000		
再	tsɔi5	zoi4	zai4	赣			120000		
冒	mau5	mau4	mao4	赣			120000		
写	ɕia3	xia3	xie3	赣			370000		
军	tɕyn1	jyun1	jun1	赣			120000		
农	luŋ2	lung2	nong2	赣			145000		
农	lɛu2	lêu2	nong2	赣			145000		
冠	kuɔn1	guon1	guan1	赣			120000		
冤	yon1	yuon1	yuan1	赣			100164		
冬	tuŋ1	dung1	dong1	赣			120000		
冯	fuŋ2	fung2	feng2	赣			120000		
冯	fuŋ6	fung4	feng2	赣			120000		
冰	pin1	bin1	bing1	赣			120000		
冲	tsʰuŋ1	cung1	chong1	赣			120000		
冲	tʰuŋ1	tung1	chong1	赣			120000		
决	tɕyɛ1	jyuê1	jue2	赣			170000		
况	kʰuɔŋ5	kuong4	kuang4	赣			120000		
冷	laŋ3	lang3	leng3	赣			120000		
冻	tuŋ2	dung2	dong4	赣			145000		
冻	tuŋ5	dung4	dong4	赣			145000		
冻	kɛu5	gêu4	dong4	赣			145000		
净	tɕʰin6	qin4	jing4	赣			120000		
净	tɕʰiaŋ2	qiang2	jing4	赣			120000		
准	tuɛn3	dun3	zhun3	赣			120000		
准	tsun3	zun3	zhun3	赣			120000		
凉	liɔŋ2	liong2	liang2	赣			120000		
减	kan3	gan3	jian3	赣			155000		
凑	tsʰɛu3	cêu3	cou4	赣			300000		
凝	kɛu5	gêu4	ning2	赣			120000		
几	tɕi1	ji1	ji3	赣			414956		
几	tɕi3	ji3	ji3	赣			414956		
凡	fan2	fan2	fan2	赣			120000		
凤	fuŋ5	fung4	feng4	赣			120000		
凭	pʰin2	pin2	ping2	赣			120000		
凯	kʰɔn3	kon3	kai3	赣			120000		
凳	tɛn5	dên4	deng4	赣			120000		
凶	ɕiuŋ1	xiung1	xiong1	赣			120000		
出	tsʰu1	cu1	chu1	赣			120000		
出	tʰy1	tyu1	chu1	赣			120000		
击	tɕi1	ji1	ji1	赣			220000		
凿	tsʰo5	co4	zao2	赣			145000		
刀	tau1	dau1	dao1	赣			120000		
刁	tiau1	diau1	diao1	赣			120000		
刃	lin5	lin4	ren4	赣			120000		
分	fən1	fen1	fen1	赣			430000		
切	tɕʰiɛ1	qiê1	qie4	赣			225000		
切	tɕʰyɛ1	qyuê1	qie4	赣			225000		
刈	i5	yi4	yi4	赣			77248		
刊	kʰɔn1	kon1	kan1	赣			120000		
划	fa2	fa2	hua4	赣			120000		
列	liɛ2	liê2	lie4	赣			290000		
刘	liɔu2	liou2	liu2	赣			150000		
刘	liu2	liu2	liu2	赣			150000		
则	tsɛ1	zê1	ze2	赣			370000		
刚	kɔŋ1	gong1	gang1	赣			120000		
创	tsʰɔŋ5	cong4	chuang4	赣			233989		
初	tsʰu1	cu1	chu1	赣			150000		
删	tsʰa1	ca1	shan1	赣			205000		
删	san1	san1	shan1	赣			205000		
判	pʰɔn5	pon4	pan4	赣			120000		
刨	pʰau2	pau2	pao2	赣			108066		
利	li5	li4	li4	赣			120000		
别	pʰiɛ5	piê4	bie2	赣			370000		
刮	kœ1	goe1	gua1	赣			120000		
刮	kuɛ1	guê1	gua1	赣			120000		
到	tau5	dau4	dao4	赣			455341		
刴	to2	do2	duo4	赣			120000		
刴	tɔ5	do4	duo4	赣			120000		
制	ti5	di4	zhi4	赣			145000		
制	tsɿ2	zi2	zhi4	赣			145000		
刷	sœ1	soe1	shua1	赣			255000		
券	tɕʰyɔn5	qyuon4	quan4	赣			120000		
刺	tsʰɿ5	ci4	ci4	赣			120000		
刻	kʰɛ1	kê1	ke4	赣			120000		
刻	kʰiɛ1	kiê1	ke4	赣			120000		
剂	tɕʰi5	qi4	ji4	赣			104868		
剃	tʰi1	ti1	ti4	赣			120000		
削	ɕiɔ1	xio1	xue1	赣			175000		
削	ɕyɛ1	xyuê1	xue1	赣			175000		
前	tɕʰiɛn2	qiên2	qian2	赣			412779		
剐	kʰua3	kua3	gua3	赣			120000		
剑	tɕiɛn5	jiên4	jian4	赣			120000		
剖	pʰɔ3	po3	pou1	赣			108773		
剥	po1	bo1	bo1	赣			120000		
剧	tɕy5	jyu4	ju4	赣			145000		
剩	ɕin6	xin4	sheng4	赣			145000		
剪	tɕiɛn3	jiên3	jian3	赣			120000		
副	fu6	fu4	fu4	赣			220000		
割	ko1	go1	ge1	赣			120000		
割	kœ1	goe1	ge1	赣			120000		
剿	tɕiau3	jiau3	jiao3	赣			120000		
劈	pʰia1	pia1	pi1	赣			120000		
力	li1	li1	li4	赣			125000		
力	li2	li2	li4	赣			125000		
劝	tɕʰyon2	qyuon2	quan4	赣			145000		
劝	tɕʰyɔn5	qyuon4	quan4	赣			145000		
办	pʰan5	pan4	ban4	赣			145000		
功	kuŋ1	gung1	gong1	赣			150000		
加	ka1	ga1	jia1	赣			370000		
务	u6	wu4	wu4	赣			145000		
劣	liɛ1	liê1	lie4	赣			120000		
劣	liɛ2	liê2	lie4	赣			120000		
动	tsɔn1	zon1	dong4	赣			270000		
动	kuŋ2	gung2	dong4	赣			270000		
动	tʰuŋ5	tung4	dong4	赣			270000		
助	tsʰu5	cu4	zhu4	赣			120000		
努	lu3	lu3	nu3	赣			120000		
劫	tɕiɛ1	jiê1	jie2	赣			120000		
励	li6	li4	li4	赣			120000		
劲	tɕin2	jin2	jin4	赣			120000		
劲	tɕin5	jin4	jin4	赣			120000		
劳	lau2	lau2	lao2	赣			145000		
势	ɿ5	yi4	shi4	赣			195000		
勃	pʰɛ6	pê4	bo2	赣			120000		
勇	iuŋ3	yung3	yong3	赣			120000		
勉	miɛn3	miên3	mian3	赣			120000		
勋	ɕyn1	xyun1	xun1	赣			120000		
勒	lɛ1	lê1	lei1	赣			195000		
勘	kʰuɔn1	kuon1	kan1	赣			106652		
募	mu6	mu4	mu4	赣			120000		
勤	tɕʰin2	qin2	qin2	赣			145000		
勺	sɔ6	so4	shao2	赣			120000		
勾	kɛu1	gêu1	gou1	赣			210000		
匀	yn2	yun2	yun2	赣			120000		
包	pau1	bau1	bao1	赣			325000		
化	fa5	fa4	hua4	赣			370000		
北	pɛ1	bê1	bei3	赣			235000		
匙	sɿ1	si1	shi5	赣			120000		
匠	tɕʰiɔŋ5	qiong4	jiang4	赣			120000		
匠	ɕiɔŋ6	xiong4	jiang4	赣			120000		
匡	kʰuɔŋ1	kuong1	kuang1	赣			90000		
匪	fɛ3	fê3	fei3	赣			145000		
匪	fei3	fêi3	fei3	赣			145000		
匪	fi3	fi3	fei3	赣			145000		
匪	fuei3	fui3	fei3	赣			145000		
匹	pʰi1	pi1	pi3	赣			120000		
区	tɕʰy1	qyu1	qu1	赣			470000		
医	i1	yi1	yi1	赣			120000		
匾	piɛn3	biên3	bian3	赣			120000		
十	sɛ5	sê4	shi2	赣			120000		
十	ɕi6	xi4	shi2	赣			120000		
千	tɕʰiɛn1	qiên1	qian1	赣			160000		
升	sən1	sen1	sheng1	赣			218907		
升	ɕin1	xin1	sheng1	赣			218907		
午	u3	wu3	wu3	赣			120000		
午	u6	wu4	wu3	赣			120000		
半	pon2	bon2	ban4	赣			125000		
半	pɔn5	bon4	ban4	赣			125000		
华	fa2	fa2	hua2	赣			215000		
协	ɕiɛ5	xiê4	xie2	赣			120000		
卑	pɛ1	bê1	bei1	赣			120000		
卑	pei1	bêi1	bei1	赣			120000		
卒	tɕy1	jyu1	zu2	赣			120000		
卒	tsu1	zu1	zu2	赣			120000		
单	tan1	dan1	dan1	赣			310000		
卖	mai5	mai4	mai4	赣			175000		
南	lan2	lan2	nan2	赣			180001		
博	pɔ1	bo1	bo2	赣			120000		
卜	pɔ1	bo1	bo5	赣			120000		
占	tɛn5	dên4	zhan4	赣			120000		
占	tsan2	zan2	zhan4	赣			120000		
卤	lu3	lu3	lu3	赣			120000		
卦	kua5	gua4	gua4	赣			120000		
卧	uo6	wo4	wo4	赣			148010		
卫	uei5	wêi4	wei4	赣			120000		
卯	mau3	mau3	mao3	赣			120000		
印	in5	yin4	yin4	赣			120000		
危	uei1	wêi1	wei1	赣			120000		
却	tɕʰiɔ1	qio1	que4	赣			190000		
卵	lɔ3	lo3	luan3	赣			120000		
卵	lon3	lon3	luan3	赣			120000		
卷	tɕyon3	jyuon3	juan3	赣			145000		
卷	tɕyɔn5	jyuon4	juan3	赣			145000		
卸	xa5	ha4	xie4	赣			104592		
厂	tsʰɔŋ3	cong3	chang3	赣			184000		
厂	tʰɔŋ3	tong3	chang3	赣			184000		
厅	tʰin1	tin1	ting1	赣			120000		
厅	tʰiaŋ1	tiang1	ting1	赣			120000		
历	li2	li2	li4	赣			145000		
历	li5	li4	li4	赣			145000		
厉	li5	li4	li4	赣			120000		
压	tsʰɛn3	cên3	ya1	赣			180000		
压	ia1	ya1	ya1	赣			180000		
厌	iɛn5	yên4	yan4	赣			120000		
厕	tsʰɛ1	cê1	ce4	赣			170000		
厘	li2	li2	li2	赣			120000		
厚	hɛu5	hêu4	hou4	赣			145000		
原	ȵyɔn2	nyuon2	yuan2	赣			180000		
厢	ɕiɔŋ1	xiong1	xiang1	赣			120000		
厦	xa6	ha4	sha4	赣			120000		
厨	tɕʰy2	qyu2	chu2	赣			120000		
厨	tʰy2	tyu2	chu2	赣			120000		
去	kʰɛ5	kê4	qu4	赣			120000		
去	kʰiɛ2	kiê2	qu4	赣			120000		
去	tɕʰy5	qyu4	qu4	赣			120000		
县	ɕyɔn6	xyuon4	xian4	赣			120000		
参	sɛn1	sên1	can1	赣			120000		
参	tsʰan1	can1	can1	赣			120000		
参	sən1	sen1	can1	赣			120000		
又	iɔu6	you4	you4	赣			400749		
叉	tsʰa1	ca1	cha1	赣			120000		
及	tɕʰi5	qi4	ji2	赣			175000		
友	iu3	yiu3	you3	赣			155000		
友	iɔu3	you3	you3	赣			155000		
双	sɔŋ1	song1	shuang1	赣			120000		
反	fan3	fan3	fan3	赣			145000		
发	fɛ1	fê1	fa1	赣			370000		
发	fæ1	fae1	fa1	赣			370000		
叔	su1	su1	shu1	赣			120000		
取	tɕʰy3	qyu3	qu3	赣			190000		
受	ɕiɔu6	xiou4	shou4	赣			155000		
受	ɕiu5	xiu4	shou4	赣			155000		
变	piɛn5	biên4	bian4	赣			270000		
叛	pʰon5	pon4	pan4	赣			120000		
口	hɛu3	hêu3	kou3	白			370000		
口	kʰɛu3	kêu3	kou3	文			370000		
古	ku3	gu3	gu3	赣			120000		
句	tɕy2	jyu2	ju4	赣			222807		
句	tɕʰy5	qyu4	ju4	赣			222807		
另	lin5	lin4	ling4	赣			102964		
叨	tau1	dau1	dao1	赣			104761		
叩	kʰœ1	koe1	kou4	赣			120000		
只	ta1	da1	zhi3	赣			386050		
只	tsa1	za1	zhi3	赣			386050		
只	ti1	di1	zhi3	赣			386050		
叫	tɕiau2	jiau2	jiao4	赣			370000		
召	tɛu1	dêu1	zhao4	赣			120000		
可	kʰɔ3	ko3	ke3	赣			370000		
台	tʰɔi2	toi2	tai2	赣			155000		
史	sɿ3	si3	shi3	赣			145000		
右	iu5	yiu4	you4	赣			150000		
右	iɔu6	you4	you4	赣			150000		
叶	iɛ1	yê1	ye4	赣			120000		
叶	iɛ5	yê4	ye4	赣			120000		
叶	tsʰa2	ca2	ye4	赣			120000		
号	xau2	hau2	hao4	赣			240000		
司	sɿ1	si1	si1	赣			120000		
叹	tʰɔn5	ton4	tan4	赣			120000		
吁	y1	yu1	xu1	赣			104996		
吃	tɕʰia1	qia1	chi1	赣			120000		
各	ko1	go1	ge4	赣			140000		
吆	iau1	yau1	yao1	赣			104620		
合	ho2	ho2	he2	赣			120000		
合	xœ1	hoe1	he2	赣			120000		
合	xœ6	hoe4	he2	赣			120000		
吉	tɕi1	ji1	ji2	赣			175000		
吊	tiau5	diau4	diao4	赣			145000		
同	tʰuŋ2	tung2	tong2	赣			370000		
名	min2	min2	ming2	文			120000		
名	miaŋ2	miang2	ming2	白			120000		
后	hɛu5	hêu4	hou4	赣			374793		
吏	li5	li4	li4	赣			103563		
吐	tʰu3	tu3	tu3	赣			170000		
向	ɕiɔŋ2	xiong2	xiang4	赣			225000		
向	ɕiɔŋ5	xiong4	xiang4	赣			225000		
吓	ha1	ha1	xia4	赣			120000		
吕	ly3	lyu3	lv3	赣			120000		
吕	ȵy3	nyu3	lv3	赣			120000		
君	tɕyn1	jyun1	jun1	赣			120000		
吞	tʰən1	ten1	tun1	赣			160000		
吞	tʰuɛn1	tun1	tun1	赣			160000		
吠	fei5	fêi4	fei4	赣			100574		
否	fɛu3	fêu3	fou3	赣			155000		
含	hon2	hon2	han2	赣			130000		
听	tʰiaŋ1	tiang1	ting1	赣			120000		
启	tɕʰi3	qi3	qi3	赣			120000		
吴	u2	wu2	wu2	赣			245000		
吵	tsʰau3	cau3	chao3	赣			120000		
吹	tsʰuei1	cui1	chui1	赣			120000		
吹	tʰuei1	tui1	chui1	赣			120000		
吻	uɛn3	wên3	wen3	赣			145000		
呆	tai1	dai1	dai1	赣			120000		
呈	tʰin2	tin2	cheng2	赣			125000		
告	kau5	gau4	gao4	赣			120000		
呕	ŋɛu3	ngêu3	ou3	赣			170000		
员	yɔn2	yuon2	yuan2	赣			225000		
周	tiɔu1	diou1	zhou1	赣			370000		
周	tɕiu1	jiu1	zhou1	赣			370000		
味	uei5	wêi4	wei4	赣			145000		
呼	fu1	fu1	hu1	赣			120000		
命	min5	min4	ming4	文			120000		
命	miaŋ5	miang4	ming4	白			120000		
和	fɔ2	fo2	he2	赣			805815		
和	ho2	ho2	he2	赣			805815		
和	ŋɔi5	ngoi4	he2	赣			805815		
和	tɕʰiau3	qiau3	he2	赣			805815		
咏	iuŋ5	yung4	yong3	赣			120000		
咒	tu5	du4	zhou4	赣			145000		
咨	tsɿ1	zi1	zi1	赣			102506		
咬	ŋau3	ngau3	yao3	赣			120000		
咬	ȵiɛ1	niê1	yao3	赣			120000		
咸	han2	han2	xian2	赣			120000		
咽	iɛn5	yên4	yan4	赣			104563		
哀	ŋɔi1	ngoi1	ai1	赣			120000		
品	pʰin3	pin3	pin3	赣			145000		
哄	fuŋ3	fung3	hong3	赣			125000		
响	ɕiɔŋ3	xiong3	xiang3	赣			120000		
哑	ŋa3	nga3	ya3	赣			120000		
哥	ko1	go1	ge1	赣			145000		
哪	la5	la4	na3	赣			265000		
哭	kʰu1	ku1	ku1	赣			145000		
哲	tsɛ1	zê1	zhe2	赣			124000		
唆	sɔ1	so1	suo1	赣			175000		
唇	ɕyn2	xyun2	chun2	赣			150000		
唐	tʰɔŋ2	tong2	tang2	赣			120000		
唠	lau1	lau1	lao2	赣			160000		
售	tʰiɔu6	tiou4	shou4	赣			120000		
唯	uei2	wêi2	wei2	赣			105512		
唱	tsʰɔŋ2	cong2	chang4	赣			120000		
唱	tʰɔŋ5	tong4	chang4	赣			120000		
唾	tʰɔ5	to4	tuo4	赣			103590		
啄	tsɔ1	zo1	zhuo2	赣			145000		
商	sɔŋ1	song1	shang1	赣			120000		
啰	lɔ1	lo1	luo1	赣			370000		
善	sɛn3	sên3	shan4	赣			120000		
善	san5	san4	shan4	赣			120000		
喉	xɛu2	hêu2	hou2	赣			125000		
喊	han3	han3	han3	赣			120000		
喘	tʰɔn3	ton3	chuan3	赣			145000		
喜	tɕʰi3	qi3	xi3	赣			130000		
喝	xœ1	hoe1	he1	赣			135000		
喧	ɕyɔn1	xyuon1	xuan1	赣			120000		
喷	fən1	fen1	pen1	赣			170000		
喷	pʰən1	pen1	pen1	赣			170000		
嗅	ɕiu2	xiu2	xiu4	赣			120000		
嗓	sɔŋ3	song3	sang3	赣			120000		
嘉	ka1	ga1	jia1	赣			120000		
嘘	ɕy1	xyu1	xu1	赣			90000		
嘴	tɕy3	jyu3	zui3	赣			120000		
噎	iɛ1	yê1	ye1	赣			90000		
器	tɕʰi2	qi2	qi4	赣			120000		
器	tɕʰi5	qi4	qi4	赣			120000		
嚼	tɕʰiau1	qiau1	jue2	赣			225000		
囚	tɕʰiɔu2	qiou2	qiu2	赣			120000		
四	ɿ5	yi4	si4	赣			360000		
四	sɿ2	si2	si4	赣			360000		
回	fei2	fêi2	hui2	赣			285000		
回	fuei2	fui2	hui2	赣			285000		
因	in1	yin1	yin1	赣			120000		
团	tʰon2	ton2	tuan2	赣			120000		
囤	tʰuɛn6	tun4	dun4	赣			125000		
园	yon2	yuon2	yuan2	赣			145000		
困	kʰun2	kun2	kun4	赣			120000		
困	kʰuɛn5	kun4	kun4	赣			120000		
囱	tʰuŋ6	tung4	cong1	赣			120000		
围	uei2	wêi2	wei2	赣			120000		
围	pʰin2	pin2	wei2	赣			120000		
固	ku5	gu4	gu4	赣			120000		
国	kuɛ1	guê1	guo2	赣			329470		
图	tʰu2	tu2	tu2	赣			165000		
圆	yɔn2	yuon2	yuan2	赣			170000		
圈	tɕʰyon1	qyuon1	quan1	赣			225000		
土	tʰu3	tu3	tu3	赣			145000		
圣	ɕin5	xin4	sheng4	赣			120000		
在	tsʰɔi5	coi4	zai4	赣			431978		
地	tʰi5	ti4	di4	赣			370541		
场	tʰɔŋ2	tong2	chang3	赣			145000		
址	tsɿ3	zi3	zhi3	赣			120000		
均	tɕyn1	jyun1	jun1	赣			155000		
坍	tʰæ1	tae1	tan1	赣			5459		
坏	fai5	fai4	huai4	赣			205000		
坏	fuai6	fuai4	huai4	赣			205000		
坐	tsʰo5	co4	zuo4	赣			175000		
坑	kʰaŋ1	kang1	keng1	赣			120000		
块	kʰuai2	kuai2	kuai4	赣			170000		
块	kʰuai5	kuai4	kuai4	赣			170000		
坚	tɕiɛn1	jiên1	jian1	赣			120000		
坛	tʰan2	tan2	tan2	赣			120000		
坝	pa5	ba4	ba4	赣			104794		
坟	fən2	fen2	fen2	赣			120000		
坠	tʰuei6	tui4	zhui4	赣			120000		
坡	pʰɔ1	po1	po1	赣			120000		
坤	kʰuɛn1	kun1	kun1	赣			120000		
坦	tʰan3	tan3	tan3	赣			120000		
坪	pʰiaŋ2	piang2	ping2	赣			120000		
坳	ŋau6	ngau4	ao4	赣			72351		
垂	tʰuei2	tui2	chui2	赣			120000		
垄	luŋ3	lung3	long3	赣			120000		
型	ɕin2	xin2	xing2	赣			106597		
垒	luei3	lui3	lei3	赣			102790		
垦	kʰɛn3	kên3	ken3	赣			120000		
垦	kʰən3	ken3	ken3	赣			120000		
垫	tʰiɛn5	tiên4	dian4	赣			170000		
垮	kʰua3	kua3	kua3	赣			145000		
埂	kʰɔn1	kon1	geng3	赣			150200		
埃	ŋai1	ngai1	ai1	赣			120000		
埃	ŋɔi1	ngoi1	ai1	赣			120000		
埋	mai2	mai2	mai2	赣			120000		
城	tʰin2	tin2	cheng2	赣			120000		
域	y5	yu4	yu4	赣			195000		
基	tɕi1	ji1	ji1	赣			120000		
堂	tʰɔŋ2	tong2	tang2	赣			120000		
堆	tuei1	dui1	dui1	赣			195000		
堡	pau3	bau3	bao3	赣			120000		
堤	tʰi1	ti1	di1	赣			120000		
堰	iɛn5	yên4	yan4	赣			104782		
堵	tu3	du3	du3	赣			120000		
塑	su5	su4	su4	赣			120000		
塔	tʰɛ1	tê1	ta3	赣			120000		
塘	tʰɔŋ2	tong2	tang2	赣			120000		
塞	sɛ1	sê1	sai1	赣			230000		
填	tʰiɛn2	tiên2	tian2	赣			180000		
境	tɕin3	jin3	jing4	赣			120000		
墓	mu5	mu4	mu4	赣			120000		
墙	tɕʰiɔŋ2	qiong2	qiang2	赣			120000		
增	tsɛn1	zên1	zeng1	赣			120000		
墟	ɕy1	xyu1	xu1	赣			109731		
墨	mɛ1	mê1	mo4	赣			120000		
墨	mɛ5	mê4	mo4	赣			120000		
墩	tuɛn1	dun1	dun1	赣			120000		
壁	pia1	bia1	bi4	赣			120000		
壕	xau2	hau2	hao2	赣			90000		
壤	lɔŋ3	long3	rang3	赣			107428		
士	ɿ6	yi4	shi4	赣			145000		
壮	tsɔŋ2	zong2	zhuang4	赣			120000		
壮	tsɔŋ5	zong4	zhuang4	赣			120000		
声	saŋ1	sang1	sheng1	白			120000		
声	sən1	sen1	sheng1	文			120000		
声	ɕin1	xin1	sheng1	赣			120000		
壳	kʰo1	ko1	ke2	赣			145000		
壶	fu2	fu2	hu2	赣			120000		
处	tʰy3	tyu3	chu4	赣			370000		
备	pʰei5	pêi4	bei4	赣			120000		
备	pʰi6	pi4	bei4	赣			120000		
复	fu5	fu4	fu4	赣			195000		
夏	xa6	ha4	xia4	赣			120000		
夕	ɕi1	xi1	xi1	赣			120000		
外	uai5	wai4	wai4	赣			260000		
多	to1	do1	duo1	赣			390000		
夜	ia5	ya4	ye4	赣			225000		
够	kɛu5	gêu4	gou4	赣			205000		
大	tʰai5	tai4	da4	赣			394099		
天	tʰiɛn1	tiên1	tian1	赣			250000		
太	tʰai2	tai2	tai4	赣			370000		
夫	fu1	fu1	fu1	赣			145000		
央	iɔŋ1	yong1	yang1	赣			120000		
夯	xɛn6	hên4	hang1	赣			101019		
失	sɿ1	si1	shi1	赣			125000		
失	ɕi1	xi1	shi1	赣			125000		
头	tʰɛu2	têu2	tou2	赣			245000		
夸	kʰua1	kua1	kua1	赣			120000		
夹	kæ1	gae1	jia1	赣			255000		
夺	tʰo5	to4	duo2	赣			195000		
夺	tʰœ6	toe4	duo2	赣			195000		
奇	tɕʰi2	qi2	qi2	赣			145000		
奉	fuŋ3	fung3	feng4	赣			120000		
奋	fən5	fen4	fen4	赣			120000		
奎	kʰuei2	kui2	kui2	赣			90000		
奏	tsʰɛu3	cêu3	zou4	赣			120000		
奏	tsɛu3	zêu3	zou4	赣			120000		
契	tɕʰi5	qi4	qi4	赣			120000		
奔	pən1	ben1	ben1	赣			120000		
奖	tɕiɔŋ3	jiong3	jiang3	赣			120000		
套	tʰau5	tau4	tao4	赣			125000		
奠	tʰiɛn5	tiên4	dian4	赣			120000		
奢	sa1	sa1	she1	赣			120000		
奥	ŋau5	ngau4	ao4	赣			155000		
女	ȵy3	nyu3	nv3	赣			120000		
奴	lu2	lu2	nu2	赣			120000		
奶	lai3	lai3	nai3	赣			120000		
奸	kan1	gan1	jian1	赣			120000		
好	xau3	hau3	hao3	赣			370000		
好	xau5	hau4	hao3	赣			370000		
如	œ2	oe2	ru2	赣			120000		
妄	uɔŋ6	wong4	wang4	赣			108099		
妇	fu5	fu4	fu4	赣			120000		
妈	ma3	ma3	ma1	赣			145000		
妓	tɕi3	ji3	ji4	赣			120000		
妓	tɕi6	ji4	ji4	赣			120000		
妖	iau1	yau1	yao1	赣			120000		
妙	miau6	miau4	miao4	赣			145000		
妥	tʰɔ3	to3	tuo3	赣			145000		
妹	mei5	mêi4	mei4	赣			130000		
妹	muei6	mui4	mei4	赣			130000		
妻	tɕʰi1	qi1	qi1	赣			120000		
姆	m̩6	m4	mu3	赣			145000		
姊	tɕi3	ji3	zi3	赣			120000		
始	sɿ3	si3	shi3	赣			120000		
姐	tsɛ3	zê3	jie3	赣			145000		
姐	tɕi3	ji3	jie3	赣			145000		
姐	tɕiɛ1	jiê1	jie3	赣			145000		
姑	ku1	gu1	gu1	赣			120000		
姓	tsɛn1	zên1	xing4	赣			120000		
姓	xa6	ha4	xing4	赣			120000		
姓	ɕiaŋ2	xiang2	xing4	赣			120000		
姓	ɕiaŋ5	xiang4	xing4	赣			120000		
委	uei3	wêi3	wei3	赣			140000		
姚	iau2	yau2	yao2	赣			120000		
姜	tɕiɔŋ1	jiong1	jiang1	赣			145000		
姨	i2	yi2	yi2	赣			120000		
姻	in1	yin1	yin1	赣			120000		
姿	tsɿ1	zi1	zi1	赣			120000		
威	uei1	wêi1	wei1	赣			120000		
娇	tɕiau1	jiau1	jiao1	赣			120000		
娘	ȵiɔŋ2	niong2	niang2	赣			120000		
娠	ɕin1	xin1	shen1	赣			90000		
娩	miɛn3	miên3	mian3	赣			75136		
娱	u2	wu2	yu2	赣			101372		
娶	tɕʰy3	qyu3	qu3	赣			120000		
婆	pʰo2	po2	po2	赣			140000		
婚	fuɛn1	fun1	hun1	赣			120000		
婶	ɕin3	xin3	shen3	赣			145000		
婿	ɕi1	xi1	xu4	赣			120000		
婿	ɕy5	xyu4	xu4	赣			120000		
媒	muei2	mui2	mei2	赣			145000		
嫁	ka2	ga2	jia4	赣			145000		
嫁	ka5	ga4	jia4	赣			145000		
嫌	ɕiɛn2	xiên2	xian2	赣			145000		
嫖	pʰiau2	piau2	piao2	赣			90000		
嫡	ti1	di1	di2	赣			90000		
嫩	lun5	lun4	nen4	赣			260000		
嬉	ɕi1	xi1	xi1	赣			78730		
孀	sɔŋ1	song1	shuang1	赣			76005		
子	tsɛ1	zê1	zi5	赣			450000		
子	ŋa2	nga2	zi5	赣			450000		
子	tsɿ3	zi3	zi5	赣			450000		
孔	kʰuŋ3	kung3	kong3	赣			170000		
孕	yn6	yun4	yun4	赣			120000		
字	tsʰɿ5	ci4	zi4	赣			380000		
存	tsʰuɛn2	cun2	cun2	赣			170000		
孙	suɛn1	sun1	sun1	赣			120000		
孝	xau6	hau4	xiao4	赣			145000		
孟	mən2	men2	meng4	赣			120000		
孟	muŋ5	mung4	meng4	赣			120000		
季	tɕy2	jyu2	ji4	赣			120000		
季	tɕy5	jyu4	ji4	赣			120000		
孤	ku1	gu1	gu1	赣			120000		
学	ho5	ho4	xue2	赣			370000		
孩	ŋa2	nga2	hai2	赣			120000		
孵	pʰau3	pau3	fu1	赣			100877		
孽	ȵiɛ1	niê1	nie4	赣			120000		
宅	tsʰɛ1	cê1	zhai2	赣			145000		
守	ɕiɔu3	xiou3	shou3	赣			120000		
安	ŋon1	ngon1	an1	赣			245000		
宋	suŋ5	sung4	song4	赣			145000		
完	uon2	won2	wan2	赣			120000		
宏	fuŋ2	fung2	hong2	赣			125000		
宗	tsuŋ1	zung1	zong1	赣			170000		
官	kuon1	guon1	guan1	赣			120000		
宙	tiɔu6	diou4	zhou4	赣			104086		
定	tʰin6	tin4	ding4	赣			120000		
定	tʰiaŋ5	tiang4	ding4	赣			120000		
宜	ȵi5	ni4	yi2	赣			120000		
宝	pau3	bau3	bao3	赣			170000		
实	sɛ5	sê4	shi2	赣			350000		
实	ɕi6	xi4	shi2	赣			350000		
宠	tsʰuŋ3	cung3	chong3	赣			120000		
审	ɕin3	xin3	shen3	赣			120000		
客	kʰɛ1	kê1	ke4	赣			120000		
客	kʰa1	ka1	ke4	赣			120000		
宣	ɕyɔn1	xyuon1	xuan1	赣			145000		
室	ɕi1	xi1	shi4	赣			120000		
宪	ɕiɛn5	xiên4	xian4	赣			170000		
宫	kuŋ1	gung1	gong1	赣			125000		
宰	tsɔi3	zoi3	zai3	赣			120000		
害	hɔi5	hoi4	hai4	赣			120000		
宵	ɕiau1	xiau1	xiao1	赣			120000		
家	ka1	ga1	jia1	赣			370000		
容	iuŋ2	yung2	rong2	赣			150000		
容	luŋ2	lung2	rong2	赣			150000		
宽	kʰuon1	kuon1	kuan1	赣			125000		
宾	pin1	bin1	bin1	赣			120000		
宿	su1	su1	su4	赣			125000		
寂	tɕʰi6	qi4	ji4	赣			103382		
寄	tɕi2	ji2	ji4	赣			120000		
寄	tɕi5	ji4	ji4	赣			120000		
寅	in2	yin2	yin2	赣			120000		
密	mi1	mi1	mi4	赣			120000		
密	mi6	mi4	mi4	赣			120000		
寇	kʰɛu5	kêu4	kou4	赣			120000		
富	fu5	fu4	fu4	赣			150000		
寒	hon2	hon2	han2	赣			120000		
寓	y6	yu4	yu4	赣			106824		
寝	tɕʰin3	qin3	qin3	赣			120000		
寞	mo1	mo1	mo4	赣			120000		
察	tsʰɛ1	cê1	cha2	赣			120000		
察	tsʰa1	ca1	cha2	赣			120000		
寡	kua3	gua3	gua3	赣			120000		
寨	tsʰai2	cai2	zhai4	赣			120000		
寨	tsʰai6	cai4	zhai4	赣			120000		
寸	tsʰuɛn3	cun3	cun4	赣			120000		
对	tuei5	dui4	dui4	赣			434674		
寺	ɿ5	yi4	si4	赣			120000		
寻	tɕʰin2	qin2	xun2	赣			120000		
寻	ɕyn2	xyun2	xun2	赣			120000		
寿	ɕiɔu6	xiou4	shou4	赣			145000		
寿	ɕiu5	xiu4	shou4	赣			145000		
封	fuŋ1	fung1	feng1	赣			120000		
射	sa5	sa4	she4	赣			120000		
将	tɕiɔŋ1	jiong1	jiang1	赣			372305		
将	tɕiɔŋ5	jiong4	jiang1	赣			372305		
尊	tsun1	zun1	zun1	赣			120000		
小	ŋa2	nga2	xiao3	赣			370000		
小	ɕiau3	xiau3	xiao3	赣			370000		
少	sɛu3	sêu3	shao3	赣			370000		
少	sɛu5	sêu4	shao3	赣			370000		
尖	tɕiɛn1	jiên1	jian1	赣			145000		
尘	tʰin2	tin2	chen2	赣			130000		
尚	sɔŋ6	song4	shang4	赣			120000		
尚	tʰɔŋ5	tong4	shang4	赣			120000		
尝	sɔŋ2	song2	chang2	赣			145000		
尬	kai5	gai4	ga4	赣			120000		
就	tɕʰiɔu6	qiou4	jiu4	赣			523122		
尴	kan1	gan1	gan1	赣			120000		
尸	sɿ1	si1	shi1	赣			123000		
尹	yn3	yun3	yin3	赣			90000		
尺	tsʰa1	ca1	chi3	赣			120000		
尺	tʰa1	ta1	chi3	赣			120000		
尼	ȵi2	ni2	ni2	赣			120000		
尽	tɕʰin5	qin4	jin3	赣			120000		
尾	uei3	wêi3	wei3	赣			120000		
尾	mi3	mi3	wei3	赣			120000		
尿	ȵiau6	niau4	niao4	赣			130000		
局	tɕʰio5	qio4	ju2	赣			120000		
局	tɕʰiɔu6	qiou4	ju2	赣			120000		
屁	pʰi5	pi4	pi4	赣			120000		
层	tsʰɛn2	cên2	ceng2	赣			330000		
层	tsʰən2	cen2	ceng2	赣			330000		
居	tɕy1	jyu1	ju1	赣			120000		
屈	tɕʰy1	qyu1	qu1	赣			120000		
屉	tʰi5	ti4	ti4	赣			120000		
届	kai2	gai2	jie4	赣			120000		
屋	u1	wu1	wu1	赣			120000		
屎	sɿ3	si3	shi3	赣			155000		
屏	pʰin2	pin2	ping2	赣			150000		
屑	ɕiɛ1	xiê1	xie4	赣			145000		
屑	ɕyɛ1	xyuê1	xie4	赣			145000		
展	tɛn3	dên3	zhan3	赣			261054		
展	tsan3	zan3	zhan3	赣			261054		
属	su3	su3	shu3	赣			120000		
屠	tʰu2	tu2	tu2	赣			120000		
屡	ly5	lyu4	lv3	赣			120000		
山	san1	san1	shan1	赣			245000		
山	tsa1	za1	shan1	赣			245000		
岁	ɕy5	xyu4	sui4	赣			120000		
岁	suei2	sui2	sui4	赣			120000		
岐	tɕʰi2	qi2	qi2	赣			73440		
岛	tau3	dau3	dao3	赣			120000		
岩	ŋai2	ngai2	yan2	赣			100329		
岭	lin3	lin3	ling3	赣			120000		
岭	liaŋ3	liang3	ling3	赣			120000		
岳	iɔ1	yo1	yue4	赣			120000		
岸	ŋon5	ngon4	an4	赣			120000		
峡	xɛ6	hê4	xia2	赣			170000		
峰	fuŋ1	fung1	feng1	赣			120000		
崇	tsʰuŋ2	cung2	chong2	赣			120000		
崔	tsʰuei1	cui1	cui1	赣			120000		
崖	ŋai2	ngai2	ya2	赣			103709		
崩	pən1	ben1	beng1	赣			220000		
嵩	suŋ1	sung1	song1	赣			90000		
川	tʰɔn1	ton1	chuan1	赣			120000		
州	tiɔu1	diou1	zhou1	赣			245000		
巡	ɕyn2	xyun2	xun2	赣			120000		
巢	tsʰau2	cau2	chao2	赣			120000		
工	kuŋ1	gung1	gong1	赣			220000		
左	tso3	zo3	zuo3	赣			145000		
巧	tɕʰiau3	qiau3	qiao3	赣			120000		
巨	tɕʰy3	qyu3	ju4	赣			120000		
巩	kuŋ3	gung3	gong3	赣			108130		
巫	u1	wu1	wu1	赣			120000		
差	tsʰai1	cai1	cha4	赣			120000		
己	tɕi1	ji1	ji3	赣			120000		
己	tɕi3	ji3	ji3	赣			120000		
已	i3	yi3	yi3	赣			210000		
巳	sɿ3	si3	si4	赣			145000		
巴	pʰaŋ2	pang2	ba1	赣			120000		
巷	kɔŋ3	gong3	xiang4	赣			120000		
巷	xɔŋ5	hong4	xiang4	赣			120000		
巾	tɕin1	jin1	jin1	赣			120000		
市	ɿ6	yi4	shi4	赣			160000		
布	pu5	bu4	bu4	赣			130000		
帅	sai5	sai4	shuai4	赣			120000		
帅	suai2	suai2	shuai4	赣			120000		
帆	fan2	fan2	fan1	赣			120000		
师	sɿ1	si1	shi1	赣			120000		
希	ɕi1	xi1	xi1	赣			120000		
帐	tɔŋ5	dong4	zhang4	赣			120000		
帐	tsɔŋ2	zong2	zhang4	赣			120000		
帖	tʰiɛ1	tiê1	tie1	赣			160000		
帚	tiɔu3	diou3	zhou3	赣			170000		
帝	ti5	di4	di4	赣			145000		
带	tai2	dai2	dai4	赣			370000		
带	tai5	dai4	dai4	赣			370000		
席	ɕi1	xi1	xi2	赣			120000		
席	ɕi6	xi4	xi2	赣			120000		
席	ɕia5	xia4	xi2	赣			120000		
帮	pɔŋ1	bong1	bang1	赣			170000		
常	tsʰɔŋ2	cong2	chang2	赣			120000		
常	sɔŋ2	song2	chang2	赣			120000		
帽	mau5	mau4	mao4	赣			120000		
幅	fu1	fu1	fu2	赣			145000		
幕	mu1	mu1	mu4	赣			121000		
干	kɔn1	gon1	gan4	赣			125000		
干	kon2	gon2	gan4	赣			125000		
干	tɕʰiɛn2	qiên2	gan4	赣			125000		
平	pʰin2	pin2	ping2	文			120000		
平	pʰiaŋ2	piang2	ping2	白			120000		
年	ȵiɛn2	niên2	nian2	赣			498559		
并	pin5	bin4	bing4	赣			415230		
幸	ɕin3	xin3	xing4	赣			120000		
幺	iau1	yau1	yao1	赣			76187		
幻	fan5	fan4	huan4	赣			120000		
幼	iu5	yiu4	you4	赣			120000		
幼	iɔu5	you4	you4	赣			120000		
幽	iɔu1	you1	you1	赣			145000		
广	kuɔŋ3	guong3	guang3	赣			120000		
庆	tɕʰin5	qin4	qing4	赣			120000		
庇	pʰi5	pi4	bi4	赣			106922		
床	sɔŋ2	song2	chuang2	赣			120000		
序	ɕy6	xyu4	xu4	赣			170000		
庐	lu2	lu2	lu2	赣			120000		
库	kʰu5	ku4	ku4	赣			310000		
应	in1	yin1	ying1	赣			120000		
应	in2	yin2	ying1	赣			120000		
应	in5	yin4	ying1	赣			120000		
底	ti3	di3	di3	赣			245000		
店	tiɛn2	diên2	dian4	赣			195000		
店	tiɛn5	diên4	dian4	赣			195000		
庙	miau6	miau4	miao4	赣			120000		
庚	kɛn1	gên1	geng1	赣			120000		
府	fu3	fu3	fu3	赣			120000		
庞	pʰɔŋ2	pong2	pang2	赣			109027		
废	fɛ5	fê4	fei4	赣			120000		
废	fi5	fi4	fei4	赣			120000		
废	fuei5	fui4	fei4	赣			120000		
度	tʰu5	tu4	du4	赣			386023		
座	tsʰo5	co4	zuo4	赣			120000		
庭	tʰin2	tin2	ting2	赣			120000		
庵	ŋɔn1	ngon1	an1	赣			120000		
康	kʰɔŋ1	kong1	kang1	赣			120000		
庸	iuŋ2	yung2	yong1	赣			120000		
廉	liɛn2	liên2	lian2	赣			120000		
廊	lɔŋ2	long2	lang2	赣			120000		
延	iɛn2	yên2	yan2	赣			125000		
建	tɕiɛn2	jiên2	jian4	赣			120000		
建	tɕiɛn5	jiên4	jian4	赣			120000		
开	kʰɔi1	koi1	kai1	赣			370000		
弃	tɕʰi5	qi4	qi4	赣			101620		
弄	luŋ5	lung4	nong4	赣			170000		
弊	pʰi2	pi2	bi4	赣			120000		
式	ɕi1	xi1	shi4	赣			120000		
弓	kuŋ1	gung1	gong1	赣			145000		
引	in3	yin3	yin3	赣			120000		
弟	tʰi5	ti4	di4	赣			120000		
张	tɔŋ1	dong1	zhang1	赣			170000		
张	tsɔŋ1	zong1	zhang1	赣			170000		
弯	uan1	wan1	wan1	赣			120000		
弱	lo1	lo1	ruo4	赣			120000		
弱	lɔ6	lo4	ruo4	赣			120000		
弹	tʰan2	tan2	dan4	赣			135000		
弹	tʰan6	tan4	dan4	赣			135000		
强	tɕʰiɔŋ2	qiong2	qiang2	赣			120000		
彀	kɛu5	gêu4	gou4	赣			77687		
归	kuei1	gui1	gui1	赣			120000		
当	tɔŋ1	dong1	dang1	赣			370000		
录	lu1	lu1	lu4	赣			120000		
形	ɕin2	xin2	xing2	赣			145000		
彩	tsʰɔi3	coi3	cai3	赣			120000		
彪	piau1	biau1	biao1	赣			170000		
彬	pin1	bin1	bin1	赣			120000		
彭	pʰaŋ2	pang2	peng2	赣			120000		
彭	pʰuŋ2	pung2	peng2	赣			120000		
影	in3	yin3	ying3	赣			120000		
影	iaŋ3	yang3	ying3	赣			120000		
役	y1	yu1	yi4	赣			120000		
彻	tsʰɛ1	cê1	che4	赣			120000		
彻	tʰɛ1	tê1	che4	赣			120000		
往	uɔŋ3	wong3	wang3	赣			245000		
征	tin1	din1	zheng1	赣			120000		
待	tʰɔi5	toi4	dai4	赣			205000		
很	xɛn3	hên3	hen3	赣			235000		
律	ly1	lyu1	lv4	赣			245000		
徐	ɕy2	xyu2	xu2	赣			120000		
徒	tʰu2	tu2	tu2	赣			120000		
得	tɛ1	dê1	de2	赣			384479		
循	ɕyn2	xyun2	xun2	赣			120000		
微	uei1	wêi1	wei1	赣			120000		
德	tɛ1	dê1	de2	赣			124589		
徽	fuei1	fui1	hui1	赣			120000		
心	ɕin1	xin1	xin1	赣			195000		
必	pi1	bi1	bi4	赣			145000		
忆	i6	yi4	yi4	赣			120000		
忍	lən3	len3	ren3	赣			120000		
忍	lin3	lin3	ren3	赣			120000		
忒	tʰɛ1	tê1	te4	赣			90000		
志	tsɿ5	zi4	zhi4	赣			120000		
忘	uɔŋ5	wong4	wang4	赣			120000		
忙	mɔŋ2	mong2	mang2	赣			220000		
忠	tuŋ1	dung1	zhong1	赣			120000		
忧	iɔu1	you1	you1	赣			120000		
快	kʰuai2	kuai2	kuai4	赣			280000		
快	kʰuai5	kuai4	kuai4	赣			280000		
念	ȵiɛn5	niên4	nian4	赣			220000		
忽	fi1	fi1	hu1	赣			196400		
忽	fu1	fu1	hu1	赣			196400		
怀	fai2	fai2	huai2	赣			120000		
怀	uai2	wai2	huai2	赣			120000		
态	tʰai3	tai3	tai4	赣			120000		
怂	suŋ3	sung3	song3	赣			73515		
怄	ŋɛu5	ngêu4	ou4	赣			120000		
怒	lu3	lu3	nu4	赣			120000		
怕	pʰa2	pa2	pa4	赣			255000		
怕	pʰa5	pa4	pa4	赣			255000		
怖	pu5	bu4	bu4	赣			100831		
思	sɿ1	si1	si1	赣			120000		
怠	tʰɔi6	toi4	dai4	赣			120000		
急	tɕi1	ji1	ji2	赣			250000		
怨	yɔn5	yuon4	yuan4	赣			120000		
怪	kuai2	guai2	guai4	赣			120000		
怪	kuai5	guai4	guai4	赣			120000		
总	tsuŋ3	zung3	zong3	赣			370000		
恋	liɛn6	liên4	lian4	赣			120000		
恐	kʰuŋ3	kung3	kong3	赣			120000		
恒	xɛn2	hên2	heng2	赣			120000		
恕	su5	su4	shu4	赣			104005		
恢	fuei1	fui1	hui1	赣			120000		
恤	ɕy1	xyu1	xu4	赣			120000		
恨	xɛn5	hên4	hen4	赣			170000		
恨	hən5	hen4	hen4	赣			170000		
恩	ŋɛn1	ngên1	en1	赣			195000		
恩	ŋən1	ngen1	en1	赣			195000		
恭	kuŋ1	gung1	gong1	赣			120000		
息	ɕi1	xi1	xi1	赣			145000		
恳	kʰɛn3	kên3	ken3	赣			120000		
恶	ŋo1	ngo1	e4	赣			195000		
恶	ŋɔ5	ngo4	e4	赣			195000		
恼	lau3	lau3	nao3	赣			120000		
悄	tɕʰiau1	qiau1	qiao1	赣			106074		
悉	ɕi1	xi1	xi1	赣			108873		
悔	fuei3	fui3	hui3	赣			145000		
悟	u6	wu4	wu4	赣			120000		
患	fan6	fan4	huan4	赣			120000		
悦	yɛ6	yuê4	yue4	赣			120000		
悬	ɕyon2	xyuon2	xuan2	赣			120000		
悯	min3	min3	min3	赣			120000		
悲	pɛ1	bê1	bei1	赣			120000		
悲	pei1	bêi1	bei1	赣			120000		
情	tɕʰin2	qin2	qing2	赣			120000		
惊	tɕin1	jin1	jing1	赣			120000		
惑	fœ6	foe4	huo4	赣			120000		
惜	ɕi1	xi1	xi1	赣			120000		
惟	uei2	wêi2	wei2	赣			145000		
惠	fei5	fêi4	hui4	赣			145000		
惠	fuei6	fui4	hui4	赣			145000		
惨	tsʰan3	can3	can3	赣			120000		
惯	kuan2	guan2	guan4	赣			120000		
惯	kuɔn5	guon4	guan4	赣			120000		
惰	tʰo5	to4	duo4	赣			120000		
想	ɕiɔŋ3	xiong3	xiang3	赣			120000		
惹	ȵia3	nia3	re3	赣			200000		
愁	tsʰɛu2	cêu2	chou2	赣			120000		
意	i5	yi4	yi4	赣			145000		
愚	ȵy2	nyu2	yu2	赣			120000		
感	kon3	gon3	gan3	赣			145000		
愤	fən3	fen3	fen4	赣			102996		
愧	kʰuei5	kui4	kui4	赣			120000		
愿	ȵyɔn6	nyuon4	yuan4	赣			120000		
慈	tsʰɿ2	ci2	ci2	赣			120000		
慌	fɔŋ1	fong1	huang1	赣			120000		
慎	ɕin5	xin4	shen4	赣			120000		
慕	mu6	mu4	mu4	赣			120000		
慢	man5	man4	man4	赣			220000		
慧	fuei6	fui4	hui4	赣			145000		
慨	kʰɔi5	koi4	kai3	赣			120000		
慰	uei5	wêi4	wei4	赣			120000		
慷	kʰɔŋ1	kong1	kang1	赣			100431		
憋	piɛ1	biê1	bie1	赣			107553		
憨	xɔn1	hon1	han1	赣			120000		
憾	xɔn6	hon4	han4	赣			103833		
懂	tuŋ3	dung3	dong3	赣			370000		
懒	lan3	lan3	lan3	赣			220000		
懵	muŋ3	mung3	meng3	赣			90000		
戈	kɔ1	go1	ge1	赣			100232		
戊	u6	wu4	wu4	赣			145000		
戌	ɕy1	xyu1	xu1	赣			145000		
戏	ɕi2	xi2	xi4	赣			120000		
戏	ɕi5	xi4	xi4	赣			120000		
成	tsʰən2	cen2	cheng2	赣			416686		
成	tʰin2	tin2	cheng2	赣			416686		
成	kɛu5	gêu4	cheng2	赣			416686		
我	ŋɔ3	ngo3	wo3	赣			578841		
戒	kai5	gai4	jie4	赣			120000		
或	fœ6	foe4	huo4	赣			135000		
战	tɛn5	dên4	zhan4	赣			145000		
战	tsan2	zan2	zhan4	赣			145000		
戚	tɕʰi1	qi1	qi1	赣			120000		
截	tɕʰyɛ2	qyuê2	jie2	赣			145000		
戳	tsʰo1	co1	chuo1	赣			370000		
戴	tɔi2	doi2	dai4	赣			120000		
戴	tɔi5	doi4	dai4	赣			120000		
户	fu5	fu4	hu4	赣			170000		
戽	fu5	fu4	hu4	赣			78013		
房	fɔŋ2	fong2	fang2	赣			120000		
所	su3	su3	suo3	赣			370000		
扁	piɛn3	biên3	bian3	赣			120000		
扇	sɛn2	sên2	shan4	赣			120000		
扇	san2	san2	shan4	赣			120000		
手	ɕiɔu3	xiou3	shou3	赣			370000		
手	ɕiu3	xiu3	shou3	赣			370000		
才	tsʰɔi2	coi2	cai2	赣			384590		
扑	pʰu1	pu1	pu1	赣			120000		
打	ta3	da3	da3	赣			370000		
扔	tiaŋ2	diang2	reng1	赣			115300		
托	tʰo1	to1	tuo1	赣			125000		
扛	kɔŋ1	gong1	kang2	赣			145000		
扣	kʰɛu5	kêu4	kou4	赣			150000		
扩	kʰɔ1	ko1	kuo4	赣			120000		
扫	sau3	sau3	sao3	赣			135000		
扫	sau6	sau4	sao3	赣			135000		
扭	ȵiɔu3	niou3	niu3	赣			120000		
扮	pan2	ban2	ban4	赣			120000		
扮	pan5	ban4	ban4	赣			120000		
扯	tsʰa3	ca3	che3	赣			120000		
扯	tʰa3	ta3	che3	赣			120000		
扰	lau3	lau3	rao3	赣			120000		
扳	pan1	ban1	ban1	赣			120000		
扶	fu2	fu2	fu2	赣			120000		
批	pʰi1	pi1	pi1	赣			120000		
承	tʰin2	tin2	cheng2	赣			120000		
技	tɕʰi6	qi4	ji4	赣			120000		
抄	tsʰau1	cau1	chao1	赣			145000		
把	pa3	ba3	ba3	赣			120000		
抓	tsa1	za1	zhua1	赣			125000		
抓	tsau1	zau1	zhua1	赣			125000		
投	tʰɛu2	têu2	tou2	赣			120000		
抖	tɛu3	dêu3	dou3	赣			120000		
抗	kʰɔŋ5	kong4	kang4	赣			120000		
折	tɛ1	dê1	zhe2	赣			120000		
折	tsɛ1	zê1	zhe2	赣			120000		
抚	fu3	fu3	fu3	赣			120000		
抛	pʰau1	pau1	pao1	赣			120000		
抠	kʰɛu1	kêu1	kou1	赣			120000		
抢	tɕʰiɔŋ3	qiong3	qiang3	赣			120000		
护	fu6	fu4	hu4	赣			120000		
报	pau5	bau4	bao4	赣			180000		
披	pʰi1	pi1	pi1	赣			120000		
抬	tʰɔi2	toi2	tai2	赣			120000		
抵	ti3	di3	di3	赣			120000		
抹	mɔ1	mo1	mo3	赣			146366		
押	ia1	ya1	ya1	赣			125000		
抽	tʰiɔu1	tiou1	chou1	赣			170000		
抽	tɕʰiu1	qiu1	chou1	赣			170000		
抿	min3	min3	min3	赣			120000		
拄	ty3	dyu3	zhu3	赣			120000		
担	tan1	dan1	dan1	赣			120000		
担	tan5	dan4	dan1	赣			120000		
拆	tsʰa1	ca1	chai1	赣			145000		
拇	mu3	mu3	mu3	赣			170000		
拈	ȵiɛn1	niên1	nian1	赣			133000		
拈	ȵiɛn2	niên2	nian1	赣			133000		
拉	la1	la1	la1	赣			370000		
拌	pʰɔn6	pon4	ban4	赣			120000		
拍	pʰa1	pa1	pai1	赣			120000		
拐	kuai3	guai3	guai3	赣			120000		
拒	tɕʰy6	qyu4	ju4	赣			120000		
拔	pʰɛ5	pê4	ba2	赣			120000		
拔	tʰa3	ta3	ba2	赣			120000		
拖	tʰo1	to1	tuo1	赣			170000		
拘	tɕy1	jyu1	ju1	赣			120000		
招	tɛu1	dêu1	zhao1	赣			125000		
拜	pai2	bai2	bai4	赣			120000		
拜	pai5	bai4	bai4	赣			120000		
拢	luŋ3	lung3	long3	赣			350000		
拣	kan3	gan3	jian3	赣			142340		
拣	tɕiɛn3	jiên3	jian3	赣			142340		
拥	iuŋ3	yung3	yong1	赣			120000		
拦	lan2	lan2	lan2	赣			120000		
拨	pœ1	boe1	bo1	赣			120000		
择	tsʰɛ1	cê1	ze2	赣			145000		
择	tsʰa6	ca4	ze2	赣			145000		
括	kʰœ1	koe1	kuo4	赣			106247		
括	kʰuo1	kuo1	kuo4	赣			106247		
拯	tsən3	zen3	zheng3	赣			120000		
拯	tin3	din3	zheng3	赣			120000		
拱	kuŋ3	gung3	gong3	赣			120000		
拳	tɕʰyon2	qyuon2	quan2	赣			145000		
拴	sɔn1	son1	shuan1	赣			120000		
拼	pʰin1	pin1	pin1	赣			120000		
拿	la1	la1	na2	赣			370000		
拿	la2	la2	na2	赣			370000		
持	tsʰɿ2	ci2	chi2	赣			125000		
挂	kua5	gua4	gua4	赣			130000		
指	ti3	di3	zhi3	赣			375000		
指	tsɿ3	zi3	zhi3	赣			375000		
按	ŋɔn5	ngon4	an4	赣			370000		
挑	tʰiau1	tiau1	tiao1	赣			120000		
挖	uɛ5	wê4	wa1	赣			135000		
挖	uai1	wai1	wa1	赣			135000		
挠	lɛu1	lêu1	nao2	赣			109311		
挡	tɔŋ3	dong3	dang3	赣			170000		
挤	tɕi3	ji3	ji3	赣			120000		
挥	fei1	fêi1	hui1	赣			120000		
挥	fuei1	fui1	hui1	赣			120000		
挨	ŋai1	ngai1	ai1	赣			145000		
挨	ŋɔi1	ngoi1	ai1	赣			145000		
挪	lɔ2	lo2	nuo2	赣			120000		
振	tin5	din4	zhen4	赣			120000		
挺	tʰin3	tin3	ting3	赣			135000		
挽	uan3	wan3	wan3	赣			120000		
捅	tʰuŋ3	tung3	tong3	赣			120000		
捆	kʰuɛn3	kun3	kun3	赣			120000		
捉	tso1	zo1	zhuo1	赣			120000		
捋	lo1	lo1	lv3	赣			90000		
捋	lu1	lu1	lv3	赣			90000		
捎	sau1	sau1	shao1	赣			104816		
捏	ȵiɛ1	niê1	nie1	赣			255000		
捏	tɕyɛ1	jyuê1	nie1	赣			255000		
捐	tɕyɔn1	jyuon1	juan1	赣			120000		
捞	lau1	lau1	lao1	赣			145000		
损	suɛn3	sun3	sun3	赣			120000		
捡	tɕiɛn3	jiên3	jian3	赣			145000		
换	fɔn6	fon4	huan4	赣			350000		
换	uon5	won4	huan4	赣			350000		
捧	puŋ3	bung3	peng3	赣			120000		
据	tɕy5	jyu4	ju4	赣			120000		
捷	tɕʰiɛ6	qiê4	jie2	赣			120000		
捺	lɛ1	lê1	na4	赣			120000		
捺	la6	la4	na4	赣			120000		
掀	ɕyɔn1	xyuon1	xian1	赣			120000		
掂	tiɛn1	diên1	dian1	赣			170000		
授	ɕiɔu6	xiou4	shou4	赣			145000		
掌	tɔŋ3	dong3	zhang3	赣			145000		
掌	tsɔŋ3	zong3	zhang3	赣			145000		
掏	tʰau1	tau1	tao1	赣			120000		
掐	kʰa1	ka1	qia1	赣			120000		
排	pʰai2	pai2	pai2	赣			175000		
掘	tɕʰy6	qyu4	jue2	赣			120000		
探	tʰan5	tan4	tan4	赣			120000		
接	tɕiɛ1	jiê1	jie1	赣			250000		
控	kʰuŋ5	kung4	kong4	赣			125000		
推	tʰuei1	tui1	tui1	赣			120000		
掮	mɔ1	mo1	qian2	赣			4687		
掸	tan3	dan3	dan3	赣			76597		
揈	fuŋ5	fung4	hong1	赣			159120		
描	miau2	miau2	miao2	赣			120000		
提	tɕʰia3	qia3	ti2	赣			120000		
提	tʰia2	tia2	ti2	赣			120000		
插	tsʰɛ1	cê1	cha1	赣			120000		
插	tsʰa1	ca1	cha1	赣			120000		
揞	ŋɔn3	ngon3	an3	赣			1000		
握	uo1	wo1	wo4	赣			195000		
揩	kʰai1	kai1	kai1	赣			120000		
揭	tɕʰiɛ1	qiê1	jie1	赣			120000		
援	yɔn2	yuon2	yuan2	赣			120000		
搁	kɔ1	go1	ge1	赣			120000		
搅	kau3	gau3	jiao3	赣			120000		
搓	tsʰɔ1	co1	cuo1	赣			120000		
搓	lɔ1	lo1	cuo1	赣			120000		
搛	kæ1	gae1	jian1	赣			120000		
搜	sau1	sau1	sou1	赣			130000		
搜	ɕiu1	xiu1	sou1	文			130000		
搜	sɛu1	sêu1	sou1	白			130000		
搞	kau3	gau3	gao3	赣			239085		
搬	pon1	bon1	ban1	赣			120000		
搭	tɛ1	dê1	da1	赣			200000		
携	ɕi1	xi1	xie2	赣			104562		
搽	tsʰa2	ca2	cha2	赣			120000		
摄	sɛ1	sê1	she4	赣			105141		
摆	pai3	bai3	bai3	赣			145000		
摇	iau2	yau2	yao2	赣			145000		
摊	tʰan1	tan1	tan1	赣			120000		
摔	sɔi1	soi1	shuai1	赣			154698		
摘	tsa1	za1	zhai1	赣			148904		
摸	mɔ1	mo1	mo1	赣			120000		
撇	pʰiɛ1	piê1	pie1	赣			220000		
撇	pʰiɛ6	piê4	pie1	赣			220000		
撑	tsʰaŋ1	cang1	cheng1	赣			195000		
撒	sa5	sa4	sa1	赣			125000		
撕	sɿ1	si1	si1	赣			120000		
撚	luɛn3	lun3	nian3	赣			120000		
撞	tsʰɔŋ5	cong4	zhuang4	赣			120000		
撞	tʰuŋ5	tung4	zhuang4	赣			120000		
撤	tsʰɛ1	cê1	che4	赣			120000		
播	lɛu2	lêu2	bo1	赣			175000		
撮	tsʰœ1	coe1	cuo1	赣			120000		
撼	xɔn3	hon3	han4	赣			120000		
操	tsʰau1	cau1	cao1	赣			150000		
擒	tɕʰin2	qin2	qin2	赣			120000		
擘	miɛ1	miê1	bai1	赣			90000		
擦	tsʰɛ1	cê1	ca1	赣			145000		
擦	tsʰa1	ca1	ca1	赣			145000		
擩	lu1	lu1	ru3	赣			4964		
擩	lu2	lu2	ru3	赣			4964		
攀	pʰan1	pan1	pan1	赣			120000		
攒	tsan3	zan3	zan3	赣			95000		
支	ti1	di1	zhi1	赣			120000		
支	tsɿ1	zi1	zhi1	赣			120000		
收	ɕiɔu1	xiou1	shou1	赣			145000		
收	ɕiu1	xiu1	shou1	赣			145000		
改	kɔi3	goi3	gai3	赣			370000		
攻	kuŋ1	gung1	gong1	赣			120000		
放	fɔŋ2	fong2	fang4	赣			370000		
放	fɔŋ5	fong4	fang4	赣			370000		
政	tin5	din4	zheng4	赣			120000		
故	ku5	gu4	gu4	赣			120000		
效	xau6	hau4	xiao4	赣			133508		
敌	tʰi6	ti4	di2	赣			120000		
敏	min3	min3	min3	赣			145000		
救	tɕiɔu5	jiou4	jiu4	赣			145000		
教	kau2	gau2	jiao4	赣			310000		
教	kau5	gau4	jiao4	赣			310000		
教	tɕiau5	jiau4	jiao4	赣			310000		
敢	kon3	gon3	gan3	赣			120000		
散	san3	san3	san4	赣			200000		
散	san5	san4	san4	赣			200000		
敥	iɛn6	yên4	yan4	赣			120000		
敦	tuɛn1	dun1	dun1	赣			120000		
敬	tɕin5	jin4	jing4	赣			120000		
敬	tɕiuŋ5	jiung4	jing4	赣			120000		
数	su3	su3	shu4	赣			310000		
数	su5	su4	shu4	赣			310000		
敲	kʰau1	kau1	qiao1	赣			120000		
敲	tɕʰiau1	qiau1	qiao1	赣			120000		
整	tin3	din3	zheng3	赣			120000		
敷	fu1	fu1	fu1	赣			120000		
文	uɛn2	wên2	wen2	赣			448967		
斋	tsai1	zai1	zhai1	赣			120000		
斑	pan1	ban1	ban1	赣			120000		
斗	tɛu3	dêu3	dou4	赣			180000		
斗	tɛu6	dêu4	dou4	赣			180000		
料	liau5	liau4	liao4	赣			195000		
斛	tɛu6	dêu4	hu2	赣			72835		
斜	ɕia2	xia2	xie2	赣			120000		
斟	tin1	din1	zhen1	赣			120000		
斤	tɕin1	jin1	jin1	赣			120000		
斧	fu3	fu3	fu3	赣			120000		
斧	fu5	fu4	fu3	赣			120000		
斩	tsan3	zan3	zhan3	赣			125000		
断	tʰon5	ton4	duan4	赣			159979		
新	ɕin1	xin1	xin1	赣			370000		
方	fɔŋ1	fong1	fang1	赣			245000		
施	iuŋ1	yung1	shi1	赣			145000		
施	sɿ1	si1	shi1	赣			145000		
旁	pʰɔŋ2	pong2	pang2	赣			120000		
旅	ly3	lyu3	lv3	赣			120000		
旋	ɕyɔn2	xyuon2	xuan2	赣			120000		
旋	ɕyɔn6	xyuon4	xuan2	赣			120000		
族	tsʰu6	cu4	zu2	赣			170000		
旗	tɕʰi2	qi2	qi2	赣			120000		
无	u2	wu2	wu2	赣			370000		
既	tɕi5	ji4	ji4	赣			155000		
日	lɛ1	lê1	ri4	赣			120000		
日	ȵi2	ni2	ri4	赣			120000		
旦	tan5	dan4	dan4	赣			145000		
旧	tɕʰiɔu6	qiou4	jiu4	赣			370000		
旧	tɕʰiu5	qiu4	jiu4	赣			370000		
旨	tsɿ3	zi3	zhi3	赣			120000		
早	tsau3	zau3	zao3	赣			350000		
旬	ɕyn2	xyun2	xun2	赣			120000		
旱	xɔn3	hon3	han4	赣			120000		
旱	hon5	hon4	han4	赣			120000		
时	sɿ2	si2	shi2	赣			290000		
旷	kʰɔŋ5	kong4	kuang4	赣			120000		
旷	kʰuɔŋ5	kuong4	kuang4	赣			120000		
旺	uɔŋ6	wong4	wang4	赣			120000		
昂	ŋau1	ngau1	ang2	赣			145000		
昆	kʰuɛn1	kun1	kun1	赣			120000		
昌	tsʰɔŋ1	cong1	chang1	赣			156892		
昌	tʰɔŋ1	tong1	chang1	赣			156892		
明	min2	min2	ming2	文			120000		
明	miaŋ2	miang2	ming2	白			120000		
昏	fən1	fen1	hun1	赣			120000		
昏	fuɛn1	fun1	hun1	赣			120000		
易	i5	yi4	yi4	赣			120000		
星	ɕin1	xin1	xing1	文			120000		
星	ɕiaŋ1	xiang1	xing1	白			120000		
映	in5	yin4	ying4	赣			120000		
春	tsʰun1	cun1	chun1	赣			120000		
春	tʰuɛn1	tun1	chun1	赣			120000		
昨	tsʰɔn6	con4	zuo2	赣			120000		
昭	tɛu1	dêu1	zhao1	赣			120000		
是	sɿ3	si3	shi4	赣			1046991		
是	sɿ5	si4	shi4	赣			1046991		
昼	tiɔu5	diou4	zhou4	赣			175000		
昼	tsɛu2	zêu2	zhou4	赣			175000		
显	ɕiɛn3	xiên3	xian3	赣			175000		
晃	fɔŋ3	fong3	huang3	赣			166738		
晋	tɕin5	jin4	jin4	赣			120000		
晌	sɔŋ3	song3	shang3	赣			102269		
晏	ŋan5	ngan4	yan4	赣			120000		
晒	sai5	sai4	shai4	赣			120000		
晕	yn1	yun1	yun1	赣			120000		
晚	mɔn2	mon2	wan3	赣			190000		
晨	ɕin2	xin2	chen2	赣			125000		
普	pʰu3	pu3	pu3	赣			145000		
景	tɕin3	jin3	jing3	赣			120000		
晴	tɕʰin2	qin2	qing2	赣			120000		
晴	tɕʰiaŋ2	qiang2	qing2	赣			120000		
晶	tɕin1	jin1	jing1	赣			120000		
智	tsɿ2	zi2	zhi4	赣			120000		
智	tsɿ5	zi4	zhi4	赣			120000		
暂	tsʰan6	can4	zan4	赣			120000		
暖	lon3	lon3	nuan3	赣			120000		
暗	ŋon2	ngon2	an4	赣			145000		
暗	ŋɔn5	ngon4	an4	赣			145000		
暴	pʰau6	pau4	bao4	赣			120000		
曲	iɔ1	yo1	qu1	赣			145000		
曲	tɕʰiɔu1	qiou1	qu1	赣			145000		
曲	tɕʰy1	qyu1	qu1	赣			145000		
更	kɛn1	gên1	geng4	赣			120000		
更	kɛn5	gên4	geng4	赣			120000		
曹	tsʰau2	cau2	cao2	赣			120000		
曾	tsʰɛn2	cên2	ceng2	赣			120000		
曾	tsɛn1	zên1	ceng2	赣			120000		
替	tʰi2	ti2	ti4	赣			120000		
替	tʰi5	ti4	ti4	赣			120000		
最	tsuei2	zui2	zui4	赣			370000		
最	tsuei5	zui4	zui4	赣			370000		
月	yɛ1	yuê1	yue4	赣			120000		
月	ȵyɛ1	nyuê1	yue4	赣			120000		
有	iu3	yiu3	you3	赣			673765		
有	iɔu3	you3	you3	赣			673765		
朋	pʰuŋ2	pung2	peng2	赣			120000		
服	fu2	fu2	fu2	赣			140000		
服	fu6	fu4	fu2	赣			140000		
朗	lɔŋ3	long3	lang3	赣			120000		
望	mɔŋ5	mong4	wang4	白			120000		
望	uɔŋ5	wong4	wang4	文			120000		
朝	tsau1	zau1	chao2	赣			120000		
朝	tɛu1	dêu1	chao2	赣			120000		
朝	tʰɛu2	têu2	chao2	赣			120000		
期	tɕʰi2	qi2	qi1	赣			210000		
木	mu1	mu1	mu4	赣			125000		
未	uei6	wêi4	wei4	赣			370000		
末	mo1	mo1	mo4	赣			145000		
末	mœ1	moe1	mo4	赣			145000		
本	pən3	ben3	ben3	赣			370000		
札	tsɛ1	zê1	zha2	赣			90000		
术	su1	su1	shu4	赣			125000		
朱	ty1	dyu1	zhu1	赣			170000		
朱	tɕy1	jyu1	zhu1	白			170000		
朱	tsu1	zu1	zhu1	文			170000		
朴	pʰu1	pu1	pu3	赣			120000		
朶	tɔ3	do3	duo3	赣			120000		
机	tɕi1	ji1	ji1	赣			145000		
朽	ɕiɔu5	xiou4	xiu3	赣			145000		
杀	sɛ1	sê1	sha1	赣			195000		
杂	tsʰɛ6	cê4	za2	赣			120000		
杂	tsʰa5	ca4	za2	赣			120000		
权	tɕʰyɔn2	qyuon2	quan2	赣			270000		
杈	tsʰa1	ca1	cha1	赣			75744		
杉	sa1	sa1	shan1	赣			120000		
杉	san1	san1	shan1	赣			120000		
李	li3	li3	li3	赣			120000		
杏	ɕin3	xin3	xing4	赣			120000		
材	tsʰɔi2	coi2	cai2	赣			120000		
村	tsʰun1	cun1	cun1	赣			120000		
杖	tʰɔŋ6	tong4	zhang4	赣			120000		
杜	tʰu6	tu4	du4	赣			120000		
杞	tɕi3	ji3	qi3	赣			90000		
束	su1	su1	shu4	赣			120000		
杠	kɔŋ6	gong4	gang1	赣			125000		
条	tʰiau2	tiau2	tiao2	赣			290000		
来	lai2	lai2	lai2	赣			411501		
来	lɔi2	loi2	lai2	赣			411501		
杨	iɔŋ2	yong2	yang2	赣			120000		
杭	xɔŋ2	hong2	hang2	赣			120000		
杯	pei1	bêi1	bei1	赣			120000		
杰	tɕʰiɛ1	qiê1	jie2	赣			120000		
杰	tɕʰiɛ6	qiê4	jie2	赣			120000		
杵	tʰy3	tyu3	chu3	赣			90000		
杷	pʰa1	pa1	pa2	赣			90000		
松	tɕʰiuŋ2	qiung2	song1	赣			120000		
松	ɕiuŋ1	xiung1	song1	赣			120000		
松	suŋ1	sung1	song1	赣			120000		
板	pan3	ban3	ban3	赣			120000		
极	tɕʰi1	qi1	ji2	赣			120000		
构	kɛu5	gêu4	gou4	赣			120000		
枇	pʰi2	pi2	pi2	赣			90000		
枉	uɔŋ2	wong2	wang3	赣			120000		
枉	uɔŋ3	wong3	wang3	赣			120000		
析	tɕʰi6	qi4	xi1	赣			120000		
枕	tin3	din3	zhen3	赣			120000		
枕	tin5	din4	zhen3	赣			120000		
林	lin1	lin1	lin2	赣			120000		
林	lin2	lin2	lin2	赣			120000		
果	kuo3	guo3	guo3	赣			120000		
枝	tsɿ1	zi1	zhi1	赣			120000		
枣	tsau6	zau4	zao3	赣			145000		
枪	tɕʰiɔŋ1	qiong1	qiang1	赣			120000		
枫	fuŋ1	fung1	feng1	赣			177546		
枯	kʰu1	ku1	ku1	赣			120000		
架	ka5	ga4	jia4	赣			145000		
柄	pin3	bin3	bing3	赣			120000		
柄	pin5	bin4	bing3	赣			120000		
柏	pa1	ba1	bai3	赣			120000		
某	miau3	miau3	mou3	赣			370000		
某	mɛu3	mêu3	mou3	赣			370000		
柑	kɔn1	gon1	gan1	赣			120000		
染	lan3	lan3	ran3	赣			120000		
柔	ȵiɔu2	niou2	rou2	赣			120000		
柚	iɔu2	you2	you4	赣			90000		
柜	kʰuei5	kui4	gui4	赣			120000		
柤	tsa1	za1	zha1	赣			5687		
查	tsʰa1	ca1	cha2	赣			290000		
查	tsʰa2	ca2	cha2	赣			290000		
查	tsa1	za1	cha2	赣			290000		
柩	tɕʰiɔu6	qiou4	jiu4	赣			78766		
柱	tsʰu5	cu4	zhu4	文			125000		
柱	tɕʰy5	qyu4	zhu4	白			125000		
柱	tʰy6	tyu4	zhu4	赣			125000		
柳	liɔu3	liou3	liu3	赣			120000		
柳	liu3	liu3	liu3	赣			120000		
柴	tsʰai2	cai2	chai2	赣			120000		
柿	pi5	bi4	shi4	赣			120000		
栅	tsʰa3	ca3	zha4	赣			120000		
标	piau1	biau1	biao1	赣			370000		
栈	tsan5	zan4	zhan4	赣			120000		
栋	tuŋ5	dung4	dong4	赣			120000		
栏	lan2	lan2	lan2	赣			120000		
树	ɕy5	xyu4	shu4	赣			175000		
栗	li1	li1	li4	赣			120000		
校	xau6	hau4	xiao4	赣			120000		
株	ty1	dyu1	zhu1	赣			120000		
样	iɔŋ5	yong4	yang4	赣			245000		
核	xɛ6	hê4	he2	赣			120000		
根	kɛn1	gên1	gen1	赣			195000		
根	kən1	gen1	gen1	赣			195000		
格	kɛ1	gê1	ge2	赣			120000		
格	kiɛ1	giê1	ge2	赣			120000		
栽	tsɔi1	zoi1	zai1	赣			120000		
桂	kuei2	gui2	gui4	赣			120000		
桂	kuei5	gui4	gui4	赣			120000		
桃	tʰau2	tau2	tao2	赣			120000		
案	ŋon2	ngon2	an4	赣			120000		
案	ŋɔn5	ngon4	an4	赣			120000		
桌	tso1	zo1	zhuo1	赣			120000		
桐	tʰuŋ2	tung2	tong2	赣			145000		
桑	sɔŋ1	song1	sang1	赣			120000		
桥	tɕʰiau2	qiau2	qiao2	赣			120000		
桦	fa6	fa4	hua4	赣			131573		
桨	tɕiɔŋ3	jiong3	jiang3	赣			120000		
桩	tsɔŋ1	zong1	zhuang1	赣			120000		
桶	tʰuŋ3	tung3	tong3	赣			145000		
梅	mei2	mêi2	mei2	赣			120000		
梅	muei2	mui2	mei2	赣			120000		
梗	kuaŋ3	guang3	geng3	赣			120000		
梢	sau1	sau1	shao1	赣			120000		
梦	muŋ5	mung4	meng4	赣			320000		
梧	u2	wu2	wu2	赣			120000		
梨	li2	li2	li2	赣			120000		
梨	li6	li4	li2	赣			120000		
梭	sɔ1	so1	suo1	赣			120000		
梯	tʰi1	ti1	ti1	赣			120000		
械	kai6	gai4	xie4	赣			145000		
梳	su1	su1	shu1	赣			120000		
检	tɕiɛn3	jiên3	jian3	赣			170000		
棉	miɛn2	miên2	mian2	赣			120000		
棋	tɕʰi2	qi2	qi2	赣			120000		
棍	kuɛn5	gun4	gun4	赣			120000		
棒	pɔŋ5	bong4	bang4	赣			120000		
棕	tsuŋ2	zung2	zong1	赣			120000		
棚	pʰəŋ2	peng2	peng2	赣			120000		
棚	pʰuŋ2	pung2	peng2	赣			120000		
棠	tʰɔŋ2	tong2	tang2	赣			120000		
森	sɛn1	sên1	sen1	赣			120000		
棵	kʰuo1	kuo1	ke1	赣			120000		
棺	kuɔn1	guon1	guan1	赣			120000		
椀	uɔn3	won3	wan3	赣			5074		
椅	i3	yi3	yi3	赣			145000		
植	tʰi6	ti4	zhi2	赣			128000		
椒	tɕiau1	jiau1	jiao1	赣			120000		
椭	tʰɔ3	to3	tuo3	赣			103154		
楚	tsʰu3	cu3	chu3	赣			125000		
楝	liɛn6	liên4	lian4	赣			90000		
楦	tɕʰyɔn5	qyuon4	xuan4	赣			90000		
楷	kʰai1	kai1	kai3	赣			120000		
楷	kʰai3	kai3	kai3	赣			120000		
楼	lɛu2	lêu2	lou2	赣			120000		
概	kɔi5	goi4	gai4	赣			130000		
榖	ku1	gu1	gu3	赣			90000		
榜	pɔŋ3	bong3	bang3	赣			120000		
榨	tsa5	za4	zha4	赣			120000		
榫	suɛn3	sun3	sun3	赣			120000		
榴	liɔu2	liou2	liu2	赣			120000		
槐	fuai2	fuai2	huai2	赣			120000		
槟	pin1	bin1	bin1	赣			90000		
槽	tɛu1	dêu1	cao2	赣			145000		
樟	tɔŋ1	dong1	zhang1	赣			120000		
模	mo2	mo2	mo2	赣			170000		
横	uaŋ2	wang2	heng2	赣			120000		
樱	in1	yin1	ying1	赣			120000		
橄	kɔn3	gon3	gan3	赣			133572		
橘	tɕy1	jyu1	ju2	赣			120000		
橙	tʰɛn2	tên2	cheng2	赣			120000		
橙	tsʰən2	cen2	cheng2	赣			120000		
橹	lu3	lu3	lu3	赣			90000		
檐	iɛn2	yên2	yan2	赣			105523		
欛	pa5	ba4	ba4	赣			5051		
欠	tɕʰiɛn2	qiên2	qian4	赣			120000		
欠	tɕʰiɛn5	qiên4	qian4	赣			120000		
次	tsʰɿ5	ci4	ci4	赣			205000		
欢	fon1	fon1	huan1	赣			120000		
欣	ɕin1	xin1	xin1	赣			120000		
欧	ŋɛu1	ngêu1	ou1	赣			145000		
欺	tɕʰi1	qi1	qi1	赣			120000		
欺	tɕʰi2	qi2	qi1	赣			120000		
款	kʰɔn3	kon3	kuan3	赣			125000		
款	kʰuɔn3	kuon3	kuan3	赣			125000		
歇	ɕiɛ1	xiê1	xie1	赣			245000		
歉	tɕʰiɛn5	qiên4	qian4	赣			120000		
歌	kɔ1	go1	ge1	赣			145000		
止	tsɿ3	zi3	zhi3	赣			145000		
正	taŋ1	dang1	zheng4	赣			120000		
正	tsaŋ1	zang1	zheng4	赣			120000		
正	tsaŋ2	zang2	zheng4	赣			120000		
正	tsən2	zen2	zheng4	赣			120000		
正	tin5	din4	zheng4	赣			120000		
步	pʰu5	pu4	bu4	赣			150000		
武	u3	wu3	wu3	赣			120000		
歪	uai1	wai1	wai1	赣			120000		
死	sɿ3	si3	si3	赣			370000		
歼	tɕʰiɛn1	qiên1	jian1	赣			105537		
殃	iɔŋ1	yong1	yang1	赣			120000		
残	tsʰan2	can2	can2	赣			120000		
殖	tʰi6	ti4	zhi2	赣			120000		
殡	pin5	bin4	bin4	赣			90000		
段	tʰon5	ton4	duan4	赣			220000		
殷	in1	yin1	yin1	赣			120000		
殿	tʰiɛn5	tiên4	dian4	赣			120000		
毁	fei3	fêi3	hui3	赣			120000		
毁	fuei3	fui3	hui3	赣			120000		
毅	i5	yi4	yi4	赣			105838		
母	mu3	mu3	mu3	赣			275000		
每	mei3	mêi3	mei3	赣			370000		
每	muei3	mui3	mei3	赣			370000		
毒	tʰu5	tu4	du2	赣			145000		
比	pi3	bi3	bi3	赣			370000		
毕	pi1	bi1	bi4	赣			120000		
毙	pʰi5	pi4	bi4	赣			120000		
毛	mau2	mau2	mao2	赣			120000		
毫	xau2	hau2	hao2	赣			120000		
毯	tʰan3	tan3	tan3	赣			120000		
氏	sɿ3	si3	shi4	赣			145000		
民	min2	min2	min2	赣			125000		
气	tɕʰi2	qi2	qi4	赣			180000		
气	tɕʰi5	qi4	qi4	赣			180000		
水	suei3	sui3	shui3	赣			220000		
永	yn3	yun3	yong3	赣			120000		
永	iuŋ3	yung3	yong3	赣			120000		
汁	ti1	di1	zhi1	赣			120000		
汁	tsɿ1	zi1	zhi1	赣			120000		
求	tɕʰiɔu2	qiou2	qiu2	赣			140000		
求	tɕʰiu2	qiu2	qiu2	赣			140000		
汇	fei5	fêi4	hui4	赣			145000		
汇	fuei6	fui4	hui4	赣			145000		
汉	xɔn3	hon3	han4	赣			125000		
汉	hon5	hon4	han4	赣			125000		
汗	tʰa1	ta1	han4	赣			120000		
汗	hon5	hon4	han4	赣			120000		
江	kɔŋ1	gong1	jiang1	赣			150000		
池	tsʰɿ5	ci4	chi2	赣			120000		
污	u1	wu1	wu1	赣			120000		
汤	tʰɔŋ1	tong1	tang1	赣			120000		
汤	kɛu5	gêu4	tang1	赣			120000		
汪	uɔŋ1	wong1	wang1	赣			170000		
汽	tɕʰi2	qi2	qi4	赣			120000		
汽	tɕʰi5	qi4	qi4	赣			120000		
沈	ɕin3	xin3	shen3	赣			145000		
沉	tsʰən2	cen2	chen2	赣			120000		
沉	tʰin2	tin2	chen2	赣			120000		
沐	mu1	mu1	mu4	赣			110104		
沓	tɛ1	dê1	da2	赣			115000		
沙	sa1	sa1	sha1	赣			145000		
沟	kɛu1	gêu1	gou1	赣			120000		
没	mɛ1	mê1	mei2	赣			370000		
沤	ŋɛu5	ngêu4	ou1	赣			115000		
沫	mɔ1	mo1	mo4	赣			120000		
河	ho2	ho2	he2	赣			145000		
治	taŋ6	dang4	zhi4	赣			120000		
沼	tɛu1	dêu1	zhao3	赣			109461		
沾	tɛn1	dên1	zhan1	赣			120000		
沿	yɔn2	yuon2	yan2	赣			120000		
泄	ɕiɛ1	xiê1	xie4	赣			120000		
泅	tɕʰiɔu2	qiou2	qiu2	赣			90000		
泉	tɕʰyɔn2	qyuon2	quan2	赣			120000		
泊	pʰɛ1	pê1	po1	赣			132463		
泌	pi5	bi4	mi4	赣			120000		
法	fɛ1	fê1	fa3	赣			120000		
法	fæ1	fae1	fa3	赣			120000		
泛	fan5	fan4	fan4	赣			155293		
泡	pʰau5	pau4	pao4	赣			170000		
波	po1	bo1	bo1	赣			150000		
泣	ti1	di1	qi4	赣			120000		
泣	tɕʰi1	qi1	qi4	赣			120000		
泥	ȵi2	ni2	ni2	赣			120000		
注	ty5	dyu4	zhu4	赣			170000		
泪	li5	li4	lei4	赣			130000		
泪	luei5	lui4	lei4	赣			130000		
泰	tʰai5	tai4	tai4	赣			120000		
泳	yn6	yun4	yong3	赣			125000		
泻	ɕiɛ5	xiê4	xie4	赣			120000		
泻	ɕia2	xia2	xie4	赣			120000		
泼	pʰo1	po1	po1	赣			120000		
泼	pʰœ1	poe1	po1	赣			120000		
洁	tɕiɛ1	jiê1	jie2	赣			120000		
洋	iɔŋ2	yong2	yang2	赣			155000		
洒	sa3	sa3	sa3	赣			120000		
洗	ɕi3	xi3	xi3	赣			170000		
洛	lɔ6	lo4	luo4	赣			120000		
洞	tʰuŋ5	tung4	dong4	赣			195000		
津	tɕin1	jin1	jin1	赣			120000		
洪	fuŋ3	fung3	hong2	赣			120000		
洲	tiɔu1	diou1	zhou1	赣			170000		
活	uɛ5	wê4	huo2	赣			220000		
活	fœ6	foe4	huo2	赣			220000		
洼	ua1	wa1	wa1	赣			103677		
派	pʰai2	pai2	pai4	赣			195000		
派	pʰai5	pai4	pai4	赣			195000		
流	liɔu2	liou2	liu2	赣			300000		
流	liu2	liu2	liu2	赣			300000		
浅	tɕʰiɛn3	qiên3	qian3	赣			120000		
浅	tɕʰyɔn3	qyuon3	qian3	赣			120000		
浆	tɕiɔŋ1	jiong1	jiang1	赣			120000		
浇	tɕiau1	jiau1	jiao1	赣			120000		
浊	tsʰo5	co4	zhuo2	赣			104725		
测	tsʰɛ1	cê1	ce4	赣			120000		
济	tɕi5	ji4	ji4	赣			120000		
浑	fun2	fun2	hun2	赣			120000		
浒	fu5	fu4	hu3	赣			90000		
浓	iuŋ2	yung2	nong2	赣			145000		
浓	luŋ2	lung2	nong2	赣			145000		
浙	tɛ1	dê1	zhe4	赣			120000		
浞	tsʰau6	cau4	zhuo2	赣			74720		
浩	hau5	hau4	hao4	赣			103401		
浪	lɔŋ5	long4	lang4	赣			145000		
浮	fu2	fu2	fu2	赣			120000		
浮	fɛu2	fêu2	fu2	赣			120000		
浴	y1	yu1	yu4	赣			125538		
海	hɔi3	hoi3	hai3	赣			240000		
浸	tɕin2	jin2	jin4	赣			145000		
浸	tɕin5	jin4	jin4	赣			145000		
涂	tsʰa2	ca2	tu2	赣			120000		
涂	tʰu2	tu2	tu2	赣			120000		
消	ɕiau1	xiau1	xiao1	赣			120000		
涉	sɛ1	sê1	she4	赣			120000		
涌	iuŋ3	yung3	yong3	赣			108233		
涝	lau6	lau4	lao4	赣			107429		
润	luɛn5	lun4	run4	赣			108696		
涨	tɔŋ3	dong3	zhang3	赣			130000		
涩	sɛ1	sê1	se4	赣			120000		
涯	ŋai2	ngai2	ya2	赣			120000		
液	iɛ6	yê4	ye4	赣			100135		
淋	lin1	lin1	lin2	赣			145000		
淑	su1	su1	shu1	赣			120000		
淘	tʰau2	tau2	tao2	赣			120000		
淡	tʰan5	tan4	dan4	赣			120000		
淫	in2	yin2	yin2	赣			120000		
淮	fai2	fai2	huai2	赣			120000		
深	sən1	sen1	shen1	赣			120000		
深	ɕin1	xin1	shen1	赣			120000		
混	fun3	fun3	hun4	赣			275000		
混	fuɛn6	fun4	hun4	赣			275000		
淹	iɛn1	yên1	yan1	赣			120000		
添	tʰiɛn1	tiên1	tian1	赣			120000		
清	tɕʰin1	qin1	qing1	文			120000		
清	tɕʰiaŋ1	qiang1	qing1	白			120000		
渊	yɔn1	yuon1	yuan1	赣			120000		
渐	tɕʰiɛn6	qiên4	jian4	赣			145000		
渔	ȵiɛ6	niê4	yu2	赣			120000		
渗	sɛn5	sên4	shen4	赣			108153		
渠	kiɛ1	giê1	qu2	赣			120000		
渠	tɕʰy2	qyu2	qu2	赣			120000		
渡	tʰu6	tu4	du4	赣			120000		
渣	tsa1	za1	zha1	赣			120000		
温	uɛn1	wên1	wen1	赣			223674		
温	un1	wen1	wen1	赣			223674		
温	kuɛn2	gun2	wen1	赣			223674		
港	kɔŋ3	gong3	gang3	赣			175000		
游	iɔu2	you2	you2	赣			145000		
渺	miau3	miau3	miao3	赣			120000		
湖	fu2	fu2	hu2	赣			145000		
湘	ɕiɔŋ1	xiong1	xiang1	赣			125000		
湾	uan1	wan1	wan1	赣			145000		
湿	sɿ1	si1	shi1	赣			145000		
湿	ɕi1	xi1	shi1	赣			145000		
溃	kuɔn5	guon4	kui4	赣			103739		
溅	tɕiɛn2	jiên2	jian4	赣			132706		
溉	kɔi5	goi4	gai4	赣			102260		
源	ȵyɔn2	nyuon2	yuan2	赣			170000		
溜	liɔu5	liou4	liu1	赣			120000		
溪	ɕi1	xi1	xi1	赣			145000		
溻	tʰa1	ta1	ta1	赣			4183		
滋	tsɿ1	zi1	zi1	赣			120000		
滑	uɛ6	wê4	hua2	赣			120000		
滔	tʰau1	tau1	tao1	赣			120000		
滚	kun3	gun3	gun3	赣			120000		
满	mon3	mon3	man3	赣			225000		
滤	ly5	lyu4	lv4	赣			120000		
滩	tʰan1	tan1	tan1	赣			120000		
滴	ti1	di1	di1	文			120000		
滴	tia1	dia1	di1	白			120000		
漂	pʰiau5	piau4	piao1	赣			145000		
漆	tɕʰi1	qi1	qi1	赣			120000		
漏	lɛu5	lêu4	lou4	赣			170000		
演	iɛn3	yên3	yan3	赣			120000		
漱	tʰɔŋ5	tong4	shu4	赣			120000		
漱	su5	su4	shu4	赣			120000		
潘	pʰon1	pon1	pan1	赣			120000		
潜	tɕʰiɛn2	qiên2	qian2	赣			107029		
潮	tsʰau2	cau2	chao2	赣			120000		
潮	tʰɛu2	têu2	chao2	赣			120000		
潲	sau5	sau4	shao4	赣			90000		
澄	tsʰən2	cen2	cheng2	赣			105547		
澡	tsau3	zau3	zao3	赣			145000		
激	tɕi1	ji1	ji1	赣			145000		
灌	kuon2	guon2	guan4	赣			120000		
灌	kuɔn5	guon4	guan4	赣			120000		
火	fo3	fo3	huo3	赣			120000		
灭	miɛ1	miê1	mie4	赣			120000		
灯	tən1	den1	deng1	赣			120000		
灰	fei1	fêi1	hui1	赣			120000		
灰	fuei1	fui1	hui1	赣			120000		
灵	lin2	lin2	ling2	赣			170000		
灵	liaŋ2	liang2	ling2	赣			170000		
灸	tɕiɔu3	jiou3	jiu3	赣			102788		
灾	tsɔi1	zoi1	zai1	赣			120000		
灿	tsʰan6	can4	can4	赣			103060		
炉	lu2	lu2	lu2	赣			120000		
炊	tsʰuei1	cui1	chui1	赣			120000		
炎	iɛn2	yên2	yan2	赣			120000		
炒	tsʰau3	cau3	chao3	赣			155000		
炖	tun2	dun2	dun4	赣			90000		
炭	tʰan5	tan4	tan4	赣			120000		
炮	pʰau5	pau4	pao4	赣			145000		
炸	tsa5	za4	zha4	赣			170000		
点	tiɛn3	diên3	dian3	赣			370000		
炼	liɛn5	liên4	lian4	赣			120000		
烂	lan5	lan4	lan4	赣			170000		
烈	liɛ6	liê4	lie4	赣			120000		
烘	fuŋ1	fung1	hong1	赣			120000		
烛	tu1	du1	zhu2	赣			120000		
烛	tsu1	zu1	zhu2	赣			120000		
烟	iɛn1	yên1	yan1	赣			120000		
烤	kʰau3	kau3	kao3	赣			120000		
烦	fan2	fan2	fan2	赣			120000		
烧	sau1	sau1	shao1	赣			145000		
烧	ɕiau1	xiau1	shao1	赣			145000		
烫	tʰɔŋ5	tong4	tang4	赣			120000		
热	lɛ1	lê1	re4	赣			145000		
焊	xɔn6	hon4	han4	赣			120000		
焖	mən1	men1	men4	赣			120000		
焚	fən2	fen2	fen2	赣			104701		
焦	tɕiau1	jiau1	jiao1	赣			120000		
焰	iɛn6	yên4	yan4	赣			120000		
然	lɛn2	lên2	ran2	赣			145000		
然	lan2	lan2	ran2	赣			145000		
煎	tɕiɛn1	jiên1	jian1	赣			120000		
煤	muei2	mui2	mei2	赣			145000		
照	tsau2	zau2	zhao4	赣			120000		
照	tɛu5	dêu4	zhao4	赣			120000		
煮	ty3	dyu3	zhu3	赣			170000		
熄	ɕi1	xi1	xi1	赣			120000		
熊	ɕiuŋ2	xiung2	xiong2	赣			170000		
熏	ɕyn1	xyun1	xun1	赣			120000		
熙	ɕi1	xi1	xi1	赣			120000		
熟	su5	su4	shu2	赣			150000		
熨	yn6	yun4	yun4	赣			120000		
熬	ŋau2	ngau2	ao2	赣			120000		
燃	lɛn2	lên2	ran2	赣			120000		
燕	iɛn1	yên1	yan4	赣			120000		
爆	pʰau5	pau4	bao4	赣			170000		
爪	tsau3	zau3	zhao3	赣			120000		
爬	pʰa2	pa2	pa2	赣			130000		
爱	ŋɔi5	ngoi4	ai4	赣			145000		
爵	tɕyɛ1	jyuê1	jue2	赣			120000		
父	fu6	fu4	fu4	赣			120000		
爷	ia2	ya2	ye2	赣			155000		
爸	pa1	ba1	ba4	赣			120000		
爸	pa5	ba4	ba4	赣			120000		
爹	tia1	dia1	die1	赣			120000		
爽	sɔŋ3	song3	shuang3	赣			120000		
片	pʰiɛn2	piên2	pian4	赣			170000		
片	pʰiɛn5	piên4	pian4	赣			170000		
版	pan3	ban3	ban3	赣			120000		
牌	pʰai2	pai2	pai2	赣			145000		
牙	ŋa2	nga2	ya2	赣			120000		
牛	ȵiɔu2	niou2	niu2	赣			120000		
牛	ȵiu2	niu2	niu2	赣			120000		
牢	lau2	lau2	lao2	赣			145000		
牤	mɔŋ2	mong2	mang1	赣			120000		
物	uɛ1	wê1	wu4	赣			205100		
牯	ku3	gu3	gu3	赣			90000		
牲	sɛn1	sên1	sheng1	赣			120000		
牵	tɕʰiɛn1	qiên1	qian1	赣			130000		
特	tʰɛ5	tê4	te4	赣			120000		
犀	ɕi1	xi1	xi1	赣			120000		
犁	li2	li2	li2	赣			120000		
犒	kʰau5	kau4	kao4	赣			73257		
犬	tɕʰyɔn3	qyuon3	quan3	赣			120000		
犯	fan5	fan4	fan4	赣			120000		
状	tsʰɔŋ6	cong4	zhuang4	赣			120000		
狂	kʰuɔŋ2	kuong2	kuang2	赣			130000		
狐	fu2	fu2	hu2	赣			120000		
狗	kɛu3	gêu3	gou3	赣			125000		
独	tʰu5	tu4	du2	赣			120000		
狭	hɛ5	hê4	xia2	赣			145000		
狮	sɿ1	si1	shi1	赣			120000		
狱	y5	yu4	yu4	赣			120000		
狸	li2	li2	li2	赣			120000		
狼	lɔŋ2	long2	lang2	赣			120000		
狼	lɔŋ5	long4	lang2	赣			120000		
猎	liɛ6	liê4	lie4	赣			145000		
猛	muŋ3	mung3	meng3	赣			120000		
猜	tsʰai1	cai1	cai1	赣			235000		
猪	sau5	sau4	zhu1	赣			320000		
猪	ty1	dyu1	zhu1	赣			320000		
猫	mau1	mau1	mao1	赣			120000		
猫	miau1	miau1	mao1	赣			120000		
献	ɕiɛn5	xiên4	xian4	赣			120000		
猴	hɛu2	hêu2	hou2	赣			120000		
猾	uɛ5	wê4	hua2	赣			120000		
玄	ɕyɔn2	xyuon2	xuan2	赣			120000		
玉	y5	yu4	yu4	赣			145000		
王	uɔŋ2	wong2	wang2	赣			145000		
环	fan2	fan2	huan2	赣			120000		
现	ɕiɛn6	xiên4	xian4	赣			255000		
玻	pɔ1	bo1	bo1	赣			120000		
珍	tin1	din1	zhen1	赣			120000		
珠	ty1	dyu1	zhu1	赣			145000		
班	pan1	ban1	ban1	赣			120000		
球	tɕʰiɔu2	qiou2	qiu2	赣			130000		
理	li3	li3	li3	赣			150000		
琉	liɔu2	liou2	liu2	赣			102629		
琐	sɔ3	so3	suo3	赣			120000		
琢	tsɔ1	zo1	zuo2	赣			105424		
琴	tɕʰin2	qin2	qin2	赣			120000		
琵	pʰi2	pi2	pi2	赣			90000		
琶	pʰa1	pa1	pa2	赣			90000		
琼	tɕʰiuŋ2	qiung2	qiong2	赣			130000		
瑞	suei5	sui4	rui4	赣			154739		
璃	li2	li2	li2	赣			120000		
瓜	kua1	gua1	gua1	赣			120000		
瓢	pʰiau3	piau3	piao2	赣			120000		
瓣	pʰan6	pan4	ban4	赣			120000		
瓤	lɔŋ2	long2	rang2	赣			120000		
瓦	ua1	wa1	wa3	赣			120000		
瓦	ua3	wa3	wa3	赣			120000		
瓮	uŋ5	wung4	weng4	赣			79626		
瓶	pʰin2	pin2	ping2	赣			120000		
瓷	tsʰɿ2	ci2	ci2	赣			120000		
甏	pʰaŋ6	pang4	beng4	赣			120000		
甘	kon1	gon1	gan1	赣			120000		
甜	tʰiɛn2	tiên2	tian2	赣			120000		
生	sɛn1	sên1	sheng1	赣			120000		
生	saŋ1	sang1	sheng1	赣			120000		
甥	saŋ1	sang1	sheng1	赣			120000		
用	iuŋ5	yung4	yong4	赣			400000		
用	lɛu2	lêu2	yong4	赣			400000		
甫	pʰu3	pu3	fu3	赣			120000		
田	tʰiɛn2	tiên2	tian2	赣			120000		
由	iɔu2	you2	you2	赣			370000		
甲	kɛ1	gê1	jia3	赣			130000		
甲	ka3	ga3	jia3	赣			130000		
申	ɕin1	xin1	shen1	赣			145000		
电	tʰiɛn5	tiên4	dian4	赣			200000		
男	lan2	lan2	nan2	赣			195000		
画	fa5	fa4	hua4	赣			145000		
畅	tʰɔŋ5	tong4	chang4	赣			120000		
界	kai2	gai2	jie4	赣			150000		
界	kai5	gai4	jie4	赣			150000		
留	liɔu2	liou2	liu2	赣			175000		
畜	tsʰu1	cu1	chu4	赣			125000		
畜	tʰu2	tu2	chu4	赣			125000		
畜	ɕy1	xyu1	chu4	赣			125000		
略	iɔ1	yo1	lve4	赣			135000		
疆	tɕiɔŋ1	jiong1	jiang1	赣			120000		
疏	su1	su1	shu1	赣			120000		
疑	i2	yi2	yi2	赣			155000		
疑	ȵi2	ni2	yi2	赣			155000		
疝	san5	san4	shan4	赣			70712		
疟	ȵyɛ1	nyuê1	nve4	赣			120000		
疡	iɔŋ2	yong2	yang2	赣			90000		
疤	pa1	ba1	ba1	赣			120000		
疫	i6	yi4	yi4	赣			120000		
疮	tsʰɔŋ1	cong1	chuang1	赣			145000		
疲	pʰi2	pi2	pi2	赣			120000		
疹	tin3	din3	zhen3	赣			120000		
疼	tʰuŋ2	tung2	teng2	赣			102848		
疾	tɕʰi6	qi4	ji2	赣			120000		
痂	ka1	ga1	jia1	赣			70312		
病	pʰiaŋ5	piang4	bing4	赣			120000		
症	tin5	din4	zheng4	赣			120000		
痒	iɔŋ3	yong3	yang3	赣			120000		
痔	tsʰɿ6	ci4	zhi4	赣			90000		
痕	xɛn2	hên2	hen2	赣			145000		
痕	hən2	hen2	hen2	赣			145000		
痛	tʰuŋ2	tung2	tong4	赣			145000		
痛	tʰuŋ5	tung4	tong4	赣			145000		
痢	li5	li4	li4	赣			120000		
痢	tʰi6	ti4	li4	赣			120000		
痣	tsɿ5	zi4	zhi4	赣			90000		
痰	tʰan2	tan2	tan2	赣			145000		
痴	tsʰɿ1	ci1	chi1	赣			120000		
痹	pi5	bi4	bi4	赣			106617		
瘌	lɛ5	lê4	la4	赣			73067		
瘟	uɛn1	wên1	wen1	赣			120000		
瘦	sɛu5	sêu4	shou4	赣			120000		
瘴	tɔŋ2	dong2	zhang4	赣			90000		
瘸	tɕʰio2	qio2	que2	赣			120000		
癞	lɛ1	lê1	lai4	赣			90000		
癞	lai6	lai4	lai4	赣			90000		
癣	ɕiɛn3	xiên3	xuan3	赣			120000		
登	tɛn1	dên1	deng1	赣			145000		
白	pʰa5	pa4	bai2	赣			120000		
百	pa1	ba1	bai3	赣			120000		
皂	tsʰau3	cau3	zao4	赣			120000		
的	ti1	di1	de5	赣			370000		
的	lɛu2	lêu2	de5	赣			370000		
皇	fɔŋ2	fong2	huang2	赣			120000		
皮	pʰi2	pi2	pi2	赣			130000		
皱	tsɛu5	zêu4	zhou4	赣			120000		
皴	tɕyɔn1	jyuon1	cun1	赣			77917		
盆	pʰən2	pen2	pen2	赣			120000		
盏	tsan3	zan3	zhan3	赣			120000		
盐	iɛn2	yên2	yan2	赣			150000		
监	tɕiɛn1	jiên1	jian1	赣			120000		
盒	xœ6	hoe4	he2	赣			120000		
盔	fuei1	fui1	kui1	赣			120000		
盖	kɔi1	goi1	gai4	赣			145000		
盖	kɔi5	goi4	gai4	赣			145000		
盗	tʰɛu6	têu4	dao4	赣			120000		
盘	pʰon2	pon2	pan2	赣			185000		
盛	ɕin2	xin2	sheng4	赣			120000		
盟	muŋ2	mung2	meng2	赣			120000		
目	mu1	mu1	mu4	赣			200000		
盲	mɔŋ2	mong2	mang2	赣			120000		
直	tsʰɛ1	cê1	zhi2	赣			210000		
直	tʰi6	ti4	zhi2	赣			210000		
相	fɔŋ3	fong3	xiang1	赣			120000		
相	ɕiɔŋ1	xiong1	xiang1	赣			120000		
相	ɕiɔŋ6	xiong4	xiang1	赣			120000		
盼	pʰan5	pan4	pan4	赣			120000		
盾	tʰuɛn6	tun4	dun4	赣			130000		
省	sɛn3	sên3	sheng3	赣			120000		
省	saŋ3	sang3	sheng3	赣			120000		
眉	mi2	mi2	mei2	赣			120000		
看	kʰɔn1	kon1	kan4	赣			370000		
看	kʰon2	kon2	kan4	赣			370000		
看	kʰɔn5	kon4	kan4	赣			370000		
真	tsən1	zen1	zhen1	赣			120000		
真	tin1	din1	zhen1	赣			120000		
眠	miɛn2	miên2	mian2	赣			120000		
眨	tsa1	za1	zha3	赣			120000		
眶	kʰuɔŋ1	kuong1	kuang4	赣			120000		
眷	tɕyɔn5	jyuon4	juan4	赣			120000		
眼	ŋan3	ngan3	yan3	赣			370000		
着	tsʰo5	co4	zhe5	赣			120000		
着	tso1	zo1	zhe5	赣			120000		
睁	tsɛn1	zên1	zheng1	赣			100548		
睡	kʰœ1	koe1	shui4	赣			195000		
睡	suei2	sui2	shui4	赣			195000		
督	tu1	du1	du1	赣			120000		
瞎	hɛ1	hê1	xia1	赣			245000		
瞒	mɔn2	mon2	man2	赣			120000		
瞧	tɕʰiau2	qiau2	qiao2	赣			120000		
瞪	tɛn5	dên4	deng4	赣			127258		
瞻	tsan1	zan1	zhan1	赣			104994		
矛	mau2	mau2	mao2	赣			120000		
知	tsɿ1	zi1	zhi1	赣			185000		
矩	tɕy3	jyu3	ju3	赣			120000		
短	ton3	don3	duan3	赣			120000		
矮	ŋai3	ngai3	ai3	赣			120000		
石	sa5	sa4	shi2	赣			120000		
矾	kan2	gan2	fan2	赣			120000		
矿	kʰuɔŋ2	kuong2	kuang4	赣			120000		
码	ma3	ma3	ma3	赣			170000		
砍	kʰɔn3	kon3	kan3	赣			120000		
砍	kʰuɔn3	kuon3	kan3	赣			120000		
砑	ŋa5	nga4	ya4	赣			11924		
研	ȵiɛn2	niên2	yan2	赣			256796		
砖	tɔn1	don1	zhuan1	赣			160000		
砲	tɕy1	jyu1	pao4	赣			120000		
破	pʰɔ5	po4	po4	赣			125000		
硝	ɕiau1	xiau1	xiao1	赣			170000		
硫	liɔu2	liou2	liu2	赣			195000		
硬	ŋaŋ5	ngang4	ying4	赣			120000		
确	tɕʰiɔ1	qio1	que4	赣			190000		
碌	lu1	lu1	lu4	赣			120000		
碍	ŋɔi6	ngoi4	ai4	赣			120000		
碎	suei2	sui2	sui4	赣			120000		
碎	suei5	sui4	sui4	赣			120000		
碑	pei1	bêi1	bei1	赣			120000		
碑	pi1	bi1	bei1	赣			120000		
碗	uon3	won3	wan3	赣			120000		
碟	tʰiɛ1	tiê1	die2	赣			145000		
磁	tsʰɿ2	ci2	ci2	赣			120000		
磕	kʰo1	ko1	ke1	赣			120000		
磕	kʰœ1	koe1	ke1	赣			120000		
磨	tsʰɛn5	cên4	mo2	赣			120000		
磨	mo2	mo2	mo2	赣			120000		
磨	mo5	mo4	mo2	赣			120000		
礁	tɕʰiau6	qiau4	jiao1	赣			101493		
礼	li3	li3	li3	赣			145000		
社	sa5	sa4	she4	赣			120000		
祐	iɔu6	you4	you4	赣			120000		
祖	tsu3	zu3	zu3	赣			120000		
祝	tu1	du1	zhu4	赣			120000		
神	sən2	sen2	shen2	赣			231223		
神	ɕin2	xin2	shen2	赣			231223		
祠	tsʰɿ2	ci2	ci2	赣			120000		
祥	ɕiɔŋ2	xiong2	xiang2	赣			145000		
票	pʰiau5	piau4	piao4	赣			120000		
祭	tɕi5	ji4	ji4	赣			120000		
祸	fo5	fo4	huo4	赣			120000		
禀	pin3	bin3	bing3	赣			120000		
禁	tɕin1	jin1	jin4	赣			120000		
禁	tɕin5	jin4	jin4	赣			120000		
禄	lu1	lu1	lu4	赣			105782		
禄	lu5	lu4	lu4	赣			105782		
禅	sɛn2	sên2	chan2	赣			120000		
福	fu5	fu4	fu2	赣			120000		
离	li2	li2	li2	赣			370000		
禽	tɕʰin2	qin2	qin2	赣			120000		
禾	uo2	wo2	he2	赣			120000		
秀	ɕiɔu5	xiou4	xiu4	赣			120000		
私	sɿ1	si1	si1	赣			145000		
秃	tʰu2	tu2	tu1	赣			120000		
秆	kɔn3	gon3	gan3	赣			120000		
秋	tɕʰiɔu1	qiou1	qiu1	赣			145000		
秋	tɕʰiu1	qiu1	qiu1	赣			145000		
种	tuŋ3	dung3	zhong3	赣			310000		
种	tuŋ5	dung4	zhong3	赣			310000		
种	lɛu2	lêu2	zhong3	赣			310000		
科	kʰuo1	kuo1	ke1	赣			150000		
秒	miau3	miau3	miao3	赣			165000		
秕	iɛ3	yê3	bi3	赣			71935		
秘	pi5	bi4	mi4	赣			145000		
租	tsu1	zu1	zu1	赣			145000		
秤	tʰin3	tin3	cheng4	赣			130000		
秦	tɕʰin2	qin2	qin2	赣			120000		
秧	iɔŋ1	yong1	yang1	赣			120000		
秩	tʰi6	ti4	zhi4	赣			125000		
积	tɕi1	ji1	ji1	赣			120000		
称	tsʰən2	cen2	cheng1	赣			130000		
称	tʰin1	tin1	cheng1	赣			130000		
称	tʰin5	tin4	cheng1	赣			130000		
移	i2	yi2	yi2	赣			145000		
稀	ɕi1	xi1	xi1	赣			120000		
程	tsʰən2	cen2	cheng2	赣			120000		
程	tʰin2	tin2	cheng2	赣			120000		
税	suei2	sui2	shui4	赣			220000		
税	suei5	sui4	shui4	赣			220000		
稗	pʰa5	pa4	bai4	赣			90000		
稳	uɛn3	wên3	wen3	赣			125998		
稻	tʰau6	tau4	dao4	赣			120000		
稼	ka5	ga4	jia4	赣			109767		
稿	kau3	gau3	gao3	赣			120000		
穗	fuei6	fui4	sui4	赣			109057		
穴	ɕyɛ1	xyuê1	xue2	赣			120000		
穴	ɕyɛ6	xyuê4	xue2	赣			120000		
究	tɕiɔu5	jiou4	jiu1	赣			120000		
穷	tɕʰiuŋ2	qiung2	qiong2	赣			155000		
空	kʰɔŋ1	kong1	kong1	赣			250000		
空	kʰuŋ1	kung1	kong1	赣			250000		
空	kʰuŋ5	kung4	kong1	赣			250000		
穿	tʰɔn1	ton1	chuan1	赣			120000		
穿	tsʰuon1	cuon1	chuan1	赣			120000		
突	tʰu1	tu1	tu1	赣			185000		
突	tʰu2	tu2	tu1	赣			185000		
窍	tɕʰiau5	qiau4	qiao4	赣			120000		
窗	tsʰɔŋ1	cong1	chuang1	赣			125000		
窜	tsʰɔn5	con4	cuan4	赣			170000		
窝	uo1	wo1	wo1	赣			120000		
窟	kʰu1	ku1	ku1	赣			120000		
窟	tɕʰy1	qyu1	ku1	赣			120000		
立	tsan5	zan4	li4	赣			175000		
立	li6	li4	li4	赣			175000		
竖	ɕy6	xyu4	shu4	赣			120000		
站	tsan2	zan2	zhan4	赣			125000		
站	tsan5	zan4	zhan4	赣			125000		
竟	tɕin5	jin4	jing4	赣			106930		
章	tɔŋ1	dong1	zhang1	赣			150000		
章	tsɔŋ1	zong1	zhang1	赣			150000		
童	tʰuŋ2	tung2	tong2	赣			170000		
端	ton1	don1	duan1	赣			120000		
端	tœ1	doe1	duan1	赣			120000		
竹	tu1	du1	zhu2	赣			175000		
竹	tsu1	zu1	zhu2	赣			175000		
竿	kau2	gau2	gan1	赣			104121		
笋	ɕyn3	xyun3	sun3	赣			120000		
笑	ɕiau5	xiau4	xiao4	赣			145000		
笔	pi1	bi1	bi3	赣			125000		
笕	tɕiɛn3	jiên3	jian3	赣			90000		
笛	ti1	di1	di2	赣			120000		
笠	li1	li1	li4	赣			90000		
笠	li6	li4	li4	赣			90000		
符	fu2	fu2	fu2	赣			120000		
笨	pən6	ben4	ben4	赣			200000		
笨	pʰən5	pen4	ben4	赣			200000		
第	tʰi5	ti4	di4	赣			250000		
笺	tɕʰiɛn1	qiên1	jian1	赣			72395		
笼	luŋ2	lung2	long2	赣			120000		
等	tɛn3	dên3	deng3	赣			120000		
等	tən3	den3	deng3	赣			120000		
筋	tɕin1	jin1	jin1	赣			120000		
筐	kʰuɔŋ1	kuong1	kuang1	赣			105363		
筑	tu1	du1	zhu4	赣			145000		
筒	tʰuŋ2	tung2	tong3	赣			120000		
答	tɛ1	dê1	da2	赣			145000		
答	tʰɛ1	tê1	da2	赣			145000		
策	tsʰɛ1	cê1	ce4	赣			120000		
筛	sai1	sai1	shai1	赣			120000		
筵	iɛn2	yên2	yan2	赣			90000		
筷	kʰuai5	kuai4	kuai4	赣			120000		
筹	tʰiɔu2	tiou2	chou2	赣			120000		
签	tɕʰiɛn1	qiên1	qian1	赣			220000		
简	kan3	gan3	jian3	赣			130000		
箍	ku1	gu1	gu1	赣			115000		
算	sɔn5	son4	suan4	赣			370000		
管	kuon3	guon3	guan3	赣			370000		
箩	lɔ2	lo2	luo2	赣			120000		
箫	ɕiau1	xiau1	xiao1	赣			145000		
箭	tɕiɛn2	jiên2	jian4	赣			120000		
箱	ɕiɔŋ1	xiong1	xiang1	赣			120000		
篇	pʰiɛn1	piên1	pian1	赣			145000		
篓	lɛu3	lêu3	lou3	赣			120000		
篙	kau1	gau1	gao1	赣			90000		
篡	tsʰɔn5	con4	cuan4	赣			120000		
篮	lan2	lan2	lan2	赣			120000		
篱	li2	li2	li2	赣			120000		
篷	pʰuŋ2	pung2	peng2	赣			120000		
篾	miɛ1	miê1	mie4	赣			73133		
篾	miɛ6	miê4	mie4	赣			73133		
簟	tʰiɛn5	tiên4	dian4	赣			90000		
簟	ɕia5	xia4	dian4	赣			90000		
簧	fɔŋ2	fong2	huang2	赣			120000		
簸	pʰɔ3	po3	bo3	赣			120000		
簿	pʰu5	pu4	bu4	赣			120000		
籍	tɕʰia6	qia4	ji2	赣			120000		
米	mi3	mi3	mi3	赣			145000		
类	ly6	lyu4	lei4	赣			310000		
粉	fən3	fen3	fen3	赣			120000		
粒	ti1	di1	li4	赣			120000		
粒	li5	li4	li4	赣			120000		
粗	tsʰu1	cu1	cu1	赣			120000		
粘	ȵiɛn2	niên2	zhan1	赣			120000		
粜	tʰiau5	tiau4	tiao4	赣			78080		
粤	yɛ6	yuê4	yue4	赣			145000		
粥	tso1	zo1	zhou1	赣			120000		
粥	tu1	du1	zhou1	赣			120000		
粪	fən2	fen2	fen4	赣			120000		
粪	fən5	fen4	fen4	赣			120000		
粮	liɔŋ2	liong2	liang2	赣			120000		
粳	tɕin1	jin1	jing1	赣			77869		
粹	suei5	sui4	cui4	赣			120000		
粽	tsuŋ2	zung2	zong4	赣			90000		
粽	tsuŋ5	zung4	zong4	赣			90000		
精	tɕin1	jin1	jing1	文			120000		
精	tɕiaŋ1	jiang1	jing1	白			120000		
糍	tsʰɿ2	ci2	ci2	赣			90000		
糕	kau1	gau1	gao1	赣			145000		
糖	tʰɔŋ2	tong2	tang2	赣			120000		
糙	tsʰau5	cau4	cao1	赣			120000		
糟	tsau1	zau1	zao1	赣			120000		
糠	kʰɔŋ1	kong1	kang1	赣			120000		
糯	lo5	lo4	nuo4	赣			120000		
系	tɕi5	ji4	xi4	赣			550000		
系	ɕi6	xi4	xi4	赣			550000		
素	su5	su4	su4	赣			150000		
紧	tɕin3	jin3	jin3	赣			145000		
紫	tsɿ3	zi3	zi3	赣			120000		
累	luei3	lui3	lei4	赣			215000		
累	luei5	lui4	lei4	赣			215000		
絮	ɕy6	xyu4	xu4	赣			120000		
繁	fan2	fan2	fan2	赣			125000		
纠	tɕiɔu1	jiou1	jiu1	赣			120000		
纠	tɕiu1	jiu1	jiu1	赣			120000		
红	fuŋ2	fung2	hong2	赣			140000		
红	fuŋ3	fung3	hong2	赣			140000		
约	yɛ1	yuê1	yue1	赣			125000		
约	iɔ1	yo1	yue1	赣			125000		
级	tɕi1	ji1	ji2	赣			170000		
纪	tɕi3	ji3	ji4	赣			120000		
纯	suɛn2	sun2	chun2	赣			146000		
纱	sa1	sa1	sha1	赣			120000		
纳	lɛ1	lê1	na4	赣			145000		
纵	tsuŋ5	zung4	zong4	赣			120000		
纷	fən1	fen1	fen1	赣			145000		
纸	tə3	de3	zhi3	赣			120000		
纸	tsɿ3	zi3	zhi3	赣			120000		
纹	uɛn2	wên2	wen2	赣			120000		
纺	fɔŋ3	fong3	fang3	赣			120000		
纽	ȵiɔu3	niou3	niu3	赣			120000		
线	ɕiɛn2	xiên2	xian4	赣			370000		
练	liɛn6	liên4	lian4	赣			120000		
组	tsu3	zu3	zu3	赣			125000		
细	ɕi2	xi2	xi4	赣			170000		
细	ɕi5	xi4	xi4	赣			170000		
织	ti1	di1	zhi1	赣			120000		
织	tsɿ1	zi1	zhi1	赣			120000		
终	tuŋ1	dung1	zhong1	赣			120000		
绉	tsɛu2	zêu2	zhou4	赣			90000		
绉	tsɛu5	zêu4	zhou4	赣			90000		
绊	pʰɔn5	pon4	ban4	赣			101835		
绍	sau2	sau2	shao4	赣			145000		
绍	sau3	sau3	shao4	赣			145000		
经	tɕin1	jin1	jing1	赣			120000		
绑	pɔŋ3	bong3	bang3	赣			170000		
绒	luŋ2	lung2	rong2	赣			120000		
结	tɕiɛ1	jiê1	jie2	赣			130000		
绕	lau3	lau3	rao4	赣			145000		
绕	uɔn3	won3	rao4	赣			145000		
绕	lɛu3	lêu3	rao4	赣			145000		
绘	fuei6	fui4	hui4	赣			102358		
绝	tɕʰyɛ1	qyuê1	jue2	赣			120000		
绝	tɕʰyɛ6	qyuê4	jue2	赣			120000		
绞	tɕiau3	jiau3	jiao3	赣			120000		
统	tʰuŋ3	tung3	tong3	赣			170000		
绢	tɕyɔn5	jyuon4	juan4	赣			120000		
绣	lu1	lu1	xiu4	赣			120000		
绩	tɕi1	ji1	ji4	赣			145000		
绪	ɕy5	xyu4	xu4	赣			102148		
续	ɕy1	xyu1	xu4	赣			155514		
绳	sən2	sen2	sheng2	赣			120000		
绳	ɕin2	xin2	sheng2	赣			120000		
绳	tɕiɔŋ1	jiong1	sheng2	赣			120000		
维	uei2	wêi2	wei2	赣			120000		
绵	miɛn2	miên2	mian2	赣			120000		
绸	tʰiɔu2	tiou2	chou2	赣			125000		
绽	tin5	din4	zhan4	赣			104309		
绿	lu1	lu1	lv4	赣			146800		
绿	ly1	lyu1	lv4	赣			146800		
缀	tsʰuei5	cui4	zhui4	赣			152288		
缆	lan5	lan4	lan3	赣			108723		
缓	fɔn3	fon3	huan3	赣			120000		
缕	ly3	lyu3	lv3	赣			120000		
编	pʰiɛn1	piên1	bian1	赣			295000		
缘	yɔn2	yuon2	yuan2	赣			120000		
缝	fuŋ2	fung2	feng4	赣			120000		
缝	fuŋ5	fung4	feng4	赣			120000		
缠	tʰɛn2	tên2	chan2	赣			125000		
缠	tsʰan2	can2	chan2	赣			125000		
缩	sɔ1	so1	suo1	赣			145000		
缴	tɕiau3	jiau3	jiao3	赣			120000		
缸	kɔŋ1	gong1	gang1	赣			120000		
缺	tɕʰyɛ1	qyuê1	que1	赣			200000		
罐	kuɔn5	guon4	guan4	赣			120000		
网	mɔŋ3	mong3	wang3	赣			120000		
网	uɔŋ3	wong3	wang3	赣			120000		
罗	lɔ2	lo2	luo2	赣			175000		
罚	fɛ5	fê4	fa2	赣			150000		
罚	fæ6	fae4	fa2	赣			150000		
罩	tsau2	zau2	zhao4	赣			120000		
罩	tsau5	zau4	zhao4	赣			120000		
罪	tsʰuei5	cui4	zui4	赣			120000		
置	tsɿ5	zi4	zhi4	赣			370000		
羊	iɔŋ2	yong2	yang2	赣			120000		
美	mei3	mêi3	mei3	赣			155000		
美	mi3	mi3	mei3	赣			155000		
羔	kau1	gau1	gao1	赣			120000		
羞	ɕiɔu1	xiou1	xiu1	赣			145000		
羡	ɕiɛn5	xiên4	xian4	赣			102922		
群	tɕʰyn2	qyun2	qun2	赣			370000		
羹	kɛn1	gên1	geng1	赣			120000		
羽	y3	yu3	yu3	赣			120000		
翁	uŋ1	wung1	weng1	赣			120000		
翅	iɛ5	yê4	chi4	赣			120000		
翠	tsʰuei5	cui4	cui4	赣			120000		
翡	fɛ5	fê4	fei3	赣			75074		
翻	fan1	fan1	fan1	赣			220000		
老	lau3	lau3	lao3	赣			370000		
考	kʰau3	kau3	kao3	赣			245000		
者	ta3	da3	zhe3	赣			370000		
而	ɵ2	eo2	er2	赣			393233		
耐	lai5	lai4	nai4	赣			120000		
耕	kɛn1	gên1	geng1	赣			120000		
耙	pʰa2	pa2	ba4	赣			120000		
耧	lɛu2	lêu2	lou2	赣			73118		
耳	ɵ3	eo3	er3	赣			120000		
耳	œ3	oe3	er3	赣			120000		
耻	tʰə3	te3	chi3	赣			120000		
耽	tan1	dan1	dan1	赣			145000		
耿	kən3	gen3	geng3	赣			170000		
聂	ȵiɛ1	niê1	nie4	赣			120000		
聊	liau2	liau2	liao2	赣			155000		
聋	luŋ1	lung1	long2	赣			120000		
聋	luŋ2	lung2	long2	赣			120000		
职	ti1	di1	zhi2	赣			120000		
联	liɛn2	liên2	lian2	赣			195000		
聘	pʰin5	pin4	pin4	赣			120000		
聚	tɕʰy6	qyu4	ju4	赣			145000		
聪	tsʰu1	cu1	cong1	赣			120000		
聪	tsʰuŋ1	cung1	cong1	赣			120000		
肃	su1	su1	su4	赣			125000		
肃	su2	su2	su4	赣			125000		
肉	ȵiɔu2	niou2	rou4	赣			170000		
肉	ȵiu1	niu1	rou4	赣			170000		
肋	lɛ1	lê1	le1	赣			120000		
肌	tɕi1	ji1	ji1	赣			120000		
肚	tu3	du3	du4	赣			120000		
肚	tʰu6	tu4	du4	赣			120000		
肝	kon1	gon1	gan1	赣			120000		
肝	tɕʰin6	qin4	gan1	赣			120000		
肠	tʰɔŋ2	tong2	chang2	赣			120000		
股	ku3	gu3	gu3	赣			230000		
肢	tsɿ1	zi1	zhi1	赣			120000		
肤	fu1	fu1	fu1	赣			107042		
肥	iuŋ1	yung1	fei2	赣			145000		
肥	fɛ2	fê2	fei2	赣			145000		
肥	fei2	fêi2	fei2	赣			145000		
肥	fi2	fi2	fei2	赣			145000		
肥	fuei2	fui2	fei2	赣			145000		
肩	kan1	gan1	jian1	赣			120000		
肩	tɕiɛn1	jiên1	jian1	赣			120000		
肫	tɕʰin6	qin4	zhun1	赣			74194		
肮	ŋɔŋ1	ngong1	ang1	赣			120000		
肯	kʰɛn3	kên3	ken3	赣			120000		
肯	kʰən3	ken3	ken3	赣			120000		
育	y5	yu4	yu4	赣			120000		
育	iɔu1	you1	yu4	赣			120000		
肺	fɛ5	fê4	fei4	赣			120000		
肺	fei2	fêi2	fei4	赣			120000		
肺	fi5	fi4	fei4	赣			120000		
肺	fuei5	fui4	fei4	赣			120000		
肾	sən5	sen4	shen4	赣			120000		
肾	ɕin3	xin3	shen4	赣			120000		
肿	tuŋ5	dung4	zhong3	赣			120000		
肿	tsuŋ3	zung3	zhong3	赣			120000		
胀	tɔŋ5	dong4	zhang4	赣			145000		
胃	uei6	wêi4	wei4	赣			120000		
胆	tan3	dan3	dan3	赣			120000		
背	pei2	bêi2	bei4	赣			120000		
背	pei5	bêi4	bei4	赣			120000		
背	pʰei5	pêi4	bei4	赣			120000		
背	pʰuei6	pui4	bei4	赣			120000		
胎	tʰɔi1	toi1	tai1	赣			120000		
胖	pʰɔŋ6	pong4	pang4	赣			102768		
胚	pʰei1	pêi1	pei1	赣			109245		
胜	ɕin2	xin2	sheng4	赣			179897		
胞	pau1	bau1	bao1	赣			120000		
胡	fu2	fu2	hu2	赣			120000		
胳	kɔ1	go1	ge1	赣			105342		
胶	kau1	gau1	jiao1	赣			120000		
胸	ɕiuŋ1	xiung1	xiong1	赣			120000		
能	lɛn2	lên2	neng2	赣			370000		
能	lən2	len2	neng2	赣			370000		
脂	tsɿ1	zi1	zhi1	赣			120000		
脆	tsʰuei5	cui4	cui4	赣			120000		
脉	mɛ1	mê1	mai4	赣			120000		
脉	mɛ5	mê4	mai4	赣			120000		
脊	tɕi1	ji1	ji2	赣			120000		
脐	tɕʰi2	qi2	qi2	赣			120000		
脑	lau3	lau3	nao3	赣			150000		
脓	luŋ2	lung2	nong2	赣			120000		
脚	tɕiɔ1	jio1	jiao3	赣			120000		
脱	tʰo1	to1	tuo1	赣			120000		
脱	tʰœ1	toe1	tuo1	赣			120000		
腊	lɛ1	lê1	la4	赣			120000		
腊	la5	la4	la4	赣			120000		
腋	ɕiɛ6	xiê4	ye4	赣			104427		
腌	iɛn1	yên1	yan1	赣			90000		
腌	ŋau3	ngau3	yan1	赣			90000		
腐	fu6	fu4	fu3	赣			120000		
腔	tɕʰiɔŋ1	qiong1	qiang1	赣			125000		
腕	uɔn1	won1	wan4	赣			120000		
腥	ɕiaŋ1	xiang1	xing1	赣			120000		
腮	sɔi1	soi1	sai1	赣			120000		
腰	iau1	yau1	yao1	赣			120000		
腹	fu1	fu1	fu4	赣			120000		
腻	ȵia5	nia4	ni4	赣			101065		
腾	tʰɛn2	tên2	teng2	赣			120000		
腿	tʰuei3	tui3	tui3	赣			120000		
膏	kau1	gau1	gao1	赣			120000		
膏	kau5	gau4	gao1	赣			120000		
膜	mɔ1	mo1	mo2	赣			120000		
膜	mo2	mo2	mo2	赣			120000		
膝	tɕʰi1	qi1	xi1	赣			120000		
膨	pʰaŋ2	pang2	peng2	赣			120000		
膨	pʰuŋ2	pung2	peng2	赣			120000		
膳	sɛn5	sên4	shan4	赣			90000		
臀	tʰuɛn2	tun2	tun2	赣			107340		
臊	sau1	sau1	sao1	赣			120000		
臕	piau1	biau1	biao1	赣			5992		
臣	tʰin2	tin2	chen2	赣			120000		
自	tsʰɿ5	ci4	zi4	赣			205000		
臭	tʰiɔu5	tiou4	chou4	赣			165000		
臭	tɕʰiu2	qiu2	chou4	赣			165000		
至	tsɿ5	zi4	zhi4	赣			125000		
舀	uɛ1	wê1	yao3	赣			145000		
舀	iau3	yau3	yao3	赣			145000		
舂	tsʰuŋ1	cung1	chong1	赣			90000		
舅	tɕʰiɔu6	qiou4	jiu4	赣			120000		
舅	tɕʰiu5	qiu4	jiu4	赣			120000		
舌	sɛ1	sê1	she2	赣			145000		
舌	sɛ5	sê4	she2	赣			145000		
舍	sa3	sa3	she3	赣			225000		
舍	sa6	sa4	she3	赣			225000		
舐	sɛ3	sê3	shi4	赣			120000		
舐	tʰiɛn3	tiên3	shi4	赣			120000		
舒	ɕy1	xyu1	shu1	赣			145000		
舞	u3	wu3	wu3	赣			295000		
舟	tiɔu1	diou1	zhou1	赣			120000		
航	xɔŋ2	hong2	hang2	赣			120000		
般	pɔn1	bon1	ban1	赣			190000		
舰	kan2	gan2	jian4	赣			120000		
舵	tʰo5	to4	duo4	赣			120000		
船	sɔn2	son2	chuan2	赣			120000		
船	suon2	suon2	chuan2	赣			120000		
良	liɔŋ2	liong2	liang2	赣			145000		
艰	tɕiɛn1	jiên1	jian1	赣			120000		
色	sɛ1	sê1	se4	赣			150000		
艳	iɛn6	yên4	yan4	赣			120000		
艾	ŋɔi6	ngoi4	ai4	赣			145000		
节	tɕiɛ1	jiê1	jie2	赣			135000		
芋	y5	yu4	yu4	赣			120000		
芍	sɔ6	so4	shao2	赣			75877		
芒	mɔŋ2	mong2	mang2	赣			120000		
芝	tsɿ1	zi1	zhi1	赣			120000		
芬	fən1	fen1	fen1	赣			120000		
芭	pa1	ba1	ba1	赣			120000		
花	fa1	fa1	hua1	赣			170000		
芳	fɔŋ1	fong1	fang1	赣			120000		
芹	tɕʰin2	qin2	qin2	赣			120000		
芽	ŋa2	nga2	ya2	赣			120000		
苋	xan3	han3	xian4	赣			90000		
苋	han5	han4	xian4	赣			90000		
苍	tsʰɔŋ1	cong1	cang1	赣			120000		
苎	tɕʰy5	qyu4	zhu4	赣			4818		
苎	tʰy6	tyu4	zhu4	赣			4818		
苏	su1	su1	su1	赣			145000		
苔	tɕin2	jin2	tai2	赣			120000		
苗	miau2	miau2	miao2	赣			120000		
苟	kɛu3	gêu3	gou3	赣			120000		
苦	kʰu3	ku3	ku3	赣			120000		
英	in1	yin1	ying1	赣			120000		
范	fan6	fan4	fan4	赣			120000		
茄	tɕʰio2	qio2	jia1	赣			120000		
茅	mau2	mau2	mao2	赣			120000		
茎	tɕin1	jin1	jing1	赣			103391		
茫	mɔŋ2	mong2	mang2	赣			145000		
茬	tsʰa2	ca2	cha2	赣			105784		
茴	fuei2	fui2	hui2	赣			115000		
茶	tsʰa2	ca2	cha2	赣			120000		
茸	luŋ2	lung2	rong1	赣			120000		
荀	ɕyn2	xyun2	xun2	赣			71805		
草	tsʰau3	cau3	cao3	赣			120000		
荐	tɕiɛn5	jiên4	jian4	赣			125000		
荒	fɔŋ1	fong1	huang1	赣			120000		
荞	tɕʰiau2	qiau2	qiao2	赣			90000		
荡	tɔŋ3	dong3	dang4	赣			120000		
荡	tʰɔŋ3	tong3	dang4	赣			120000		
荣	yn2	yun2	rong2	赣			120000		
荣	iuŋ2	yung2	rong2	赣			120000		
荣	luŋ2	lung2	rong2	赣			120000		
荤	fuɛn1	fun1	hun1	赣			120000		
荫	in1	yin1	yin1	赣			120000		
药	io5	yo4	yao4	赣			120000		
荷	xɔ2	ho2	he2	赣			120000		
莫	mo1	mo1	mo4	赣			170000		
莲	liɛn2	liên2	lian2	赣			120000		
获	fɔ5	fo4	huo4	赣			120000		
莺	in1	yin1	ying1	赣			120000		
菊	tɕiɔu1	jiou1	ju2	赣			120000		
菊	tɕy1	jyu1	ju2	赣			120000		
菌	tɕyn1	jyun1	jun1	赣			100933		
菌	tɕyn3	jyun3	jun1	赣			100933		
菖	tʰɔŋ1	tong1	chang1	赣			90000		
菜	tsʰɔi5	coi4	cai4	赣			225000		
菠	pɔ1	bo1	bo1	赣			120000		
菢	puŋ5	bung4	bao4	赣			120000		
菩	pʰu2	pu2	pu2	赣			145000		
菱	lin2	lin2	ling2	赣			120000		
萄	tʰau2	tau2	tao2	赣			120000		
萌	muŋ2	mung2	meng2	赣			135860		
萤	iaŋ2	yang2	ying2	赣			120000		
营	yn2	yun2	ying2	赣			120000		
营	yn6	yun4	ying2	赣			120000		
萦	iaŋ1	yang1	ying2	赣			120000		
萧	ɕiau1	xiau1	xiao1	赣			120000		
萨	sa1	sa1	sa4	赣			125000		
落	lo1	lo1	luo4	赣			120000		
落	lɔ6	lo4	luo4	赣			120000		
著	ty1	dyu1	zhu4	赣			120000		
著	tsu5	zu4	zhu4	赣			120000		
葚	ɕin3	xin3	ren4	赣			74116		
葛	kœ1	goe1	ge2	赣			120000		
董	tuŋ3	dung3	dong3	赣			120000		
葬	tsɔŋ5	zong4	zang4	赣			120000		
葱	tsʰuŋ1	cung1	cong1	赣			120000		
葵	kuei2	gui2	kui2	赣			120000		
蒋	tɕiɔŋ3	jiong3	jiang3	赣			145000		
蒙	muŋ1	mung1	meng2	赣			120000		
蒙	muŋ2	mung2	meng2	赣			120000		
蒜	sɔn5	son4	suan4	赣			120000		
蒲	pʰu2	pu2	pu2	赣			120000		
蒸	tsən1	zen1	zheng1	赣			120000		
蒸	tin1	din1	zheng1	赣			120000		
蒿	xau1	hau1	hao1	赣			77397		
蓄	ɕiɔu1	xiou1	xu4	赣			120000		
蓑	so1	so1	suo1	赣			95000		
蓖	pʰi2	pi2	bi4	赣			90000		
蓝	lan2	lan2	lan2	赣			120000		
蓬	pʰuŋ2	pung2	peng2	赣			120000		
蔑	miɛ1	miê1	mie4	赣			120000		
蔗	ta5	da4	zhe4	赣			120000		
蔗	tsa2	za2	zhe4	赣			120000		
蔡	tsʰai2	cai2	cai4	赣			120000		
蔡	tsʰai5	cai4	cai4	赣			120000		
蔫	ȵiɛn1	niên1	nian1	赣			90000		
蔬	su1	su1	shu1	赣			120000		
蕉	tɕiau1	jiau1	jiao1	赣			120000		
蕹	ŋ̍2	ng2	weng4	赣			120000		
薄	pʰo5	po4	bao2	赣			120000		
薛	ɕyɛ1	xyuê1	xue1	赣			120000		
薯	ɕy2	xyu2	shu3	赣			120000		
薯	ɕy5	xyu4	shu3	赣			120000		
薰	ɕyn1	xyun1	xun1	赣			73178		
藏	tsʰɔŋ2	cong2	cang2	赣			145000		
藏	tsʰɔŋ5	cong4	cang2	赣			145000		
藐	miau3	miau3	miao3	赣			120000		
藕	ŋɛu3	ngêu3	ou3	赣			145000		
藤	tʰɛn2	tên2	teng2	赣			120000		
藤	tʰən2	ten2	teng2	赣			120000		
藩	fan1	fan1	fan1	赣			90000		
藿	xɔ6	ho4	huo4	赣			90000		
蘖	ȵiɛ1	niê1	nie4	赣			73657		
虎	fu3	fu3	hu3	赣			120000		
虐	iɔ1	yo1	nve4	赣			120000		
虐	ȵyɛ1	nyuê1	nve4	赣			120000		
虑	ly5	lyu4	lv4	赣			126565		
虚	ɕy1	xyu1	xu1	赣			120000		
虫	tsʰuŋ2	cung2	chong2	赣			145000		
虫	tʰuŋ2	tung2	chong2	赣			145000		
虹	kɔŋ5	gong4	hong2	赣			120000		
虹	fuŋ2	fung2	hong2	赣			120000		
虽	ɕy1	xyu1	sui1	赣			120000		
虾	ha1	ha1	xia1	赣			170000		
虾	xa2	ha2	xia1	赣			170000		
蚁	i3	yi3	yi3	赣			120000		
蚁	ȵi5	ni4	yi3	赣			120000		
蚊	mən6	men4	wen2	赣			120000		
蚊	un2	wen2	wen2	赣			120000		
蚌	pʰɔŋ3	pong3	bang4	赣			120000		
蚕	tsʰan2	can2	can2	赣			120000		
蚣	kuŋ1	gung1	gong1	赣			120000		
蚤	tsau3	zau3	zao3	赣			120000		
蛀	ty5	dyu4	zhu4	赣			145000		
蛆	tɕʰy1	qyu1	qu1	赣			90000		
蛇	sa2	sa2	she2	赣			120000		
蛋	tʰan6	tan4	dan4	赣			120000		
蛙	ua1	wa1	wa1	赣			120000		
蛛	ty1	dyu1	zhu1	赣			120000		
蛰	tin6	din4	zhe2	赣			74679		
蛳	lɔ2	lo2	si1	赣			73402		
蛾	ŋɔ2	ngo2	e2	赣			120000		
蜂	fuŋ1	fung1	feng1	赣			120000		
蜈	ŋɛ1	ngê1	wu2	赣			120000		
蜓	tʰin2	tin2	ting2	赣			120000		
蜕	tʰuei5	tui4	tui4	赣			120000		
蜗	uo1	wo1	wo1	赣			109665		
蜘	tsɿ1	zi1	zhi1	赣			101174		
蜜	mi6	mi4	mi4	赣			120000		
蜡	lɛ1	lê1	la4	赣			120000		
蜻	tɕʰin1	qin1	qing1	赣			120000		
蝇	in2	yin2	ying2	赣			120000		
蝗	fɔŋ2	fong2	huang2	赣			120000		
蝙	piɛn1	biên1	bian1	赣			120000		
蝠	fu1	fu1	fu2	赣			107828		
蝶	tʰiɛ1	tiê1	die2	赣			120000		
螃	pʰa2	pa2	pang2	赣			120000		
螃	pʰaŋ2	pang2	pang2	赣			120000		
融	iuŋ2	yung2	rong2	赣			120000		
螳	tʰɔŋ2	tong2	tang2	赣			90000		
螺	lo2	lo2	luo2	赣			145000		
蟆	ma1	ma1	ma2	赣			120000		
蟒	mɔŋ3	mong3	mang3	赣			90000		
蟹	kan3	gan3	xie4	赣			120000		
蟹	hai3	hai3	xie4	赣			120000		
蠓	muŋ3	mung3	meng3	赣			90000		
蠢	tʰuɛn3	tun3	chun3	赣			120000		
血	ɕyɛ1	xyuê1	xue4	赣			170000		
衅	ɕin5	xin4	xin4	赣			108091		
行	haŋ2	hang2	xing2	赣			270000		
行	hɔŋ2	hong2	xing2	赣			270000		
行	ɕin2	xin2	xing2	赣			270000		
街	kai1	gai1	jie1	赣			145000		
衙	ŋa2	nga2	ya2	赣			120000		
衡	xɛn2	hên2	heng2	赣			120000		
衣	i1	yi1	yi1	赣			120000		
补	pu3	bu3	bu3	赣			350000		
表	piau3	biau3	biao3	赣			180000		
衫	san1	san1	shan1	赣			120000		
衬	tsʰɛn3	cên3	chen4	赣			120000		
衰	suai1	suai1	shuai1	赣			120000		
袁	yɔn2	yuon2	yuan2	赣			120000		
袄	ŋau3	ngau3	ao3	赣			120000		
袋	tʰɔi5	toi4	dai4	赣			120000		
袍	pʰau2	pau2	pao2	赣			120000		
袖	ɕiu5	xiu4	xiu4	赣			120000		
袜	uɛ1	wê1	wa4	赣			120000		
被	pei5	bêi4	bei4	赣			406300		
被	pʰei5	pêi4	bei4	赣			406300		
被	pʰi6	pi4	bei4	赣			406300		
袭	ɕi1	xi1	xi2	赣			101876		
裁	tsʰɔi2	coi2	cai2	赣			120000		
裂	liɛ1	liê1	lie4	赣			120000		
裂	liɛ6	liê4	lie4	赣			120000		
装	tsɔŋ1	zong1	zhuang1	赣			123600		
裌	kæ1	gae1	jia2	赣			4925		
裕	y6	yu4	yu4	赣			120000		
裙	tɕʰyn2	qyun2	qun2	赣			120000		
裤	kʰu2	ku2	ku4	赣			120000		
裤	kʰu5	ku4	ku4	赣			120000		
裳	sɔŋ2	song2	shang5	赣			120000		
裸	lɔ3	lo3	luo3	赣			200000		
裹	kuo3	guo3	guo3	赣			120000		
褂	kua5	gua4	gua4	赣			120000		
褒	pau1	bau1	bao1	赣			120000		
褥	lu1	lu1	ru4	赣			120000		
褥	lu2	lu2	ru4	赣			120000		
襟	tɕʰin1	qin1	jin1	赣			120000		
西	ɕi1	xi1	xi1	赣			120000		
要	iau5	yau4	yao4	赣			406581		
覆	fu1	fu1	fu4	赣			120000		
见	tɕiɛn5	jiên4	jian4	赣			245000		
观	kuɔn1	guon1	guan1	赣			145000		
规	kuei1	gui1	gui1	赣			145000		
视	ɿ6	yi4	shi4	赣			145000		
览	lan3	lan3	lan3	赣			120000		
觉	kau5	gau4	jue2	赣			180000		
觉	kɔ1	go1	jue2	赣			180000		
觉	tɕiau5	jiau4	jue2	赣			180000		
角	ko1	go1	jiao3	赣			145000		
解	kai3	gai3	jie3	赣			170000		
触	tsʰu1	cu1	chu4	赣			120000		
触	tsʰu2	cu2	chu4	赣			120000		
言	ȵiɛn2	niên2	yan2	赣			120000		
誉	y5	yu4	yu4	赣			120000		
誓	ɿ6	yi4	shi4	赣			120000		
警	tɕin3	jin3	jing3	赣			120000		
计	tɕi5	ji4	ji4	赣			200000		
订	tin5	din4	ding4	赣			120000		
认	lən5	len4	ren4	赣			120000		
认	lin5	lin4	ren4	赣			120000		
讥	tɕi1	ji1	ji1	赣			120000		
讨	tʰau3	tau3	tao3	赣			120000		
让	lɔŋ5	long4	rang4	赣			370000		
训	ɕyn2	xyun2	xun4	赣			120000		
训	ɕyn5	xyun4	xun4	赣			120000		
议	ȵi6	ni4	yi4	赣			120000		
记	tɕi2	ji2	ji4	赣			163850		
记	tɕi5	ji4	ji4	赣			163850		
讲	kɔŋ3	gong3	jiang3	赣			175000		
讲	tɕiɔŋ3	jiong3	jiang3	赣			175000		
讳	fuei5	fui4	hui4	赣			108601		
许	ɕy3	xyu3	xu3	赣			370000		
讹	ŋɔ2	ngo2	e2	赣			120000		
论	luɛn2	lun2	lun4	赣			120000		
论	luɛn5	lun4	lun4	赣			120000		
讽	fuŋ5	fung4	feng3	赣			105298		
设	sɛ1	sê1	she4	赣			120000		
访	fɔŋ5	fong4	fang3	赣			120000		
诀	tɕyɛ1	jyuê1	jue2	赣			125000		
证	tsən2	zen2	zheng4	赣			170000		
证	tin5	din4	zheng4	赣			170000		
评	pʰin2	pin2	ping2	赣			150000		
识	sɛ1	sê1	shi2	赣			120000		
识	ɕi1	xi1	shi2	赣			120000		
诈	tsa5	za4	zha4	赣			120000		
诉	su5	su4	su4	赣			120000		
诊	tin3	din3	zhen3	赣			108221		
词	tsɔn1	zon1	ci2	赣			380000		
词	tsʰɿ2	ci2	ci2	赣			380000		
试	ɿ5	yi4	shi4	赣			220000		
诗	sɿ1	si1	shi1	赣			120000		
诚	tʰin2	tin2	cheng2	赣			120000		
诛	ty1	dyu1	zhu1	赣			115000		
话	fa5	fa4	hua4	赣			120000		
话	ua5	wa4	hua4	赣			120000		
诞	tʰan6	tan4	dan4	赣			104129		
该	kɔi1	goi1	gai1	赣			120000		
详	ɕiɔŋ2	xiong2	xiang2	赣			120000		
诬	u1	wu1	wu1	赣			120000		
语	ȵy3	nyu3	yu3	赣			120000		
误	u6	wu4	wu4	赣			160000		
诱	iɔu3	you3	you4	赣			100343		
说	so1	so1	shuo1	赣			469817		
说	sœ1	soe1	shuo1	赣			469817		
诵	iuŋ5	yung4	song4	赣			120000		
请	tɕʰin3	qin3	qing3	赣			120000		
请	tʰiɛ1	tiê1	qing3	赣			120000		
请	tɕʰiaŋ3	qiang3	qing3	赣			120000		
诺	lo1	lo1	nuo4	赣			104414		
诺	lɔ2	lo2	nuo4	赣			104414		
读	tʰu5	tu4	du2	赣			370000		
课	kʰuo3	kuo3	ke4	赣			120000		
课	kʰuo5	kuo4	ke4	赣			120000		
谁	suei2	sui2	shui2	赣			120000		
调	tiau3	diau3	diao4	赣			370000		
调	tʰiau6	tiau4	diao4	赣			370000		
谈	tʰan2	tan2	tan2	赣			255000		
谊	ȵi5	ni4	yi4	赣			101764		
谋	miau2	miau2	mou2	赣			120000		
谍	tʰiɛ1	tiê1	die2	赣			120000		
谎	fɔŋ3	fong3	huang3	赣			120000		
谜	mi5	mi4	mi2	赣			145000		
谢	ha5	ha4	xie4	赣			120000		
谢	ɕia5	xia4	xie4	赣			120000		
谤	pɔŋ5	bong4	bang4	赣			108430		
谦	tɕʰiɛn1	qiên1	qian1	赣			120000		
谨	tɕin3	jin3	jin3	赣			120000		
谭	tʰan2	tan2	tan2	赣			120000		
谱	pʰu3	pu3	pu3	赣			120000		
谷	ku1	gu1	gu3	赣			170000		
豆	tʰɛu5	têu4	dou4	赣			120000		
豉	sɿ1	si1	shi4	赣			90000		
豌	uɔn1	won1	wan1	赣			120000		
豚	tʰuɛn2	tun2	tun2	赣			125000		
象	ɕiɔŋ5	xiong4	xiang4	赣			120000		
豪	xau2	hau2	hao2	赣			120000		
豹	pau2	bau2	bao4	赣			120000		
豹	pau5	bau4	bao4	赣			120000		
豺	tsɔi2	zoi2	chai2	赣			120000		
貂	tiau1	diau1	diao1	赣			95000		
貌	mau6	mau4	mao4	赣			120000		
贝	pɛ5	bê4	bei4	赣			120000		
贝	pei1	bêi1	bei4	赣			120000		
贞	tin1	din1	zhen1	赣			120000		
负	fu6	fu4	fu4	赣			250000		
贡	kuŋ5	gung4	gong4	赣			120000		
财	tsʰɔi2	coi2	cai2	赣			145000		
责	tsɛ1	zê1	ze2	赣			120000		
贤	ɕiɛn2	xiên2	xian2	赣			120000		
败	pʰai5	pai4	bai4	赣			120000		
账	tɔŋ5	dong4	zhang4	赣			120000		
货	fo2	fo2	huo4	赣			120000		
货	fɔ5	fo4	huo4	赣			120000		
质	tsɿ1	zi1	zhi4	赣			177000		
贩	fan5	fan4	fan4	赣			120000		
贪	tʰan1	tan1	tan1	赣			120000		
贫	pʰin2	pin2	pin2	赣			120000		
贯	kuɔn5	guon4	guan4	赣			120000		
贰	œ6	oe4	er4	赣			120000		
贱	tɕʰiɛn5	qiên4	jian4	赣			120000		
贵	kuei2	gui2	gui4	赣			125000		
贵	kuei5	gui4	gui4	赣			125000		
贷	tʰɔi6	toi4	dai4	赣			120000		
费	fɛ5	fê4	fei4	赣			170000		
费	fei2	fêi2	fei4	赣			170000		
费	fi5	fi4	fei4	赣			170000		
费	fuei5	fui4	fei4	赣			170000		
贺	ho5	ho4	he4	赣			120000		
贼	tsʰɛ5	cê4	zei2	赣			134902		
贾	ka3	ga3	jia3	赣			120000		
贿	fuei3	fui3	hui4	赣			102979		
赁	li2	li2	lin4	赣			101509		
赂	lu5	lu4	lu4	赣			106773		
资	tsɿ1	zi1	zi1	赣			120000		
赊	sa1	sa1	she1	赣			90000		
赋	fu5	fu4	fu4	赣			107326		
赌	tu3	du3	du3	赣			120000		
赎	su2	su2	shu2	赣			145000		
赎	su6	su4	shu2	赣			145000		
赏	sɔŋ3	song3	shang3	赣			120000		
赐	tsʰɿ5	ci4	ci4	赣			120000		
赔	sɛ6	sê4	pei2	赣			120000		
赔	pʰei2	pêi2	pei2	赣			120000		
赔	pʰuei2	pui2	pei2	赣			120000		
赖	lai6	lai4	lai4	赣			170000		
赚	tsʰan5	can4	zhuan4	赣			150000		
赛	sai5	sai4	sai4	赣			120000		
赞	tsan5	zan4	zan4	赣			125000		
赠	tsʰɛn3	cên3	zeng4	赣			120000		
赢	iaŋ2	yang2	ying2	赣			120000		
赤	tʰi1	ti1	chi4	赣			120000		
赦	sa5	sa4	she4	赣			120000		
走	tsɛu3	zêu3	zou3	赣			330000		
赵	tʰɛu6	têu4	zhao4	赣			145000		
赶	kɔn3	gon3	gan3	赣			120000		
起	tɕʰi3	qi3	qi3	赣			170000		
趁	tʰin2	tin2	chen4	赣			120000		
超	tsʰau1	cau1	chao1	赣			120000		
超	tʰɛu1	têu1	chao1	赣			120000		
越	yɛ6	yuê4	yue4	赣			230000		
趋	tɕʰy1	qyu1	qu1	赣			106253		
趣	tɕʰy5	qyu4	qu4	赣			120000		
足	tɕy1	jyu1	zu2	赣			180000		
趾	ti3	di3	zhi3	赣			104564		
跃	yɛ1	yuê1	yue4	赣			107988		
跃	iɔ6	yo4	yue4	赣			107988		
跌	tiɛ1	diê1	die1	赣			180000		
跑	pʰau2	pau2	pao3	赣			370000		
跛	pɔ3	bo3	bo3	赣			120000		
距	tɕʰy6	qyu4	ju4	赣			120000		
跟	kɛn1	gên1	gen1	赣			370000		
跨	tɕʰia6	qia4	kua4	赣			200000		
跨	kʰua5	kua4	kua4	赣			200000		
跪	tɕʰy3	qyu3	gui4	赣			120000		
跪	kʰuei3	kui3	gui4	赣			120000		
路	lu5	lu4	lu4	赣			155000		
跳	tʰiau5	tiau4	tiao4	赣			255000		
踏	tʰɛ1	tê1	ta4	赣			120000		
踏	tʰa5	ta4	ta4	赣			120000		
踢	tʰi1	ti1	ti1	赣			170000		
踪	tsuŋ1	zung1	zong1	赣			120000		
蹄	tʰi2	ti2	ti2	赣			120000		
蹑	ȵiɛ1	niê1	nie4	赣			78965		
蹭	tsʰɛn5	cên4	ceng4	赣			125369		
蹲	pʰu6	pu4	dun1	赣			145000		
身	sən1	sen1	shen1	赣			120000		
身	ɕin1	xin1	shen1	赣			120000		
躬	kuŋ1	gung1	gong1	赣			145000		
躺	tʰɔŋ3	tong3	tang3	赣			120000		
车	tsʰa1	ca1	che1	赣			120000		
车	tʰa1	ta1	che1	赣			120000		
车	tɕy1	jyu1	che1	赣			120000		
轧	tsɛ1	zê1	ya4	赣			120000		
轨	kuei3	gui3	gui3	赣			120000		
转	tɔn3	don3	zhuan3	赣			370000		
转	tɔn5	don4	zhuan3	赣			370000		
转	tsuon3	zuon3	zhuan3	赣			370000		
轮	luɛn2	lun2	lun2	赣			190000		
软	ȵyon3	nyuon3	ruan3	赣			120000		
轰	fuŋ1	fung1	hong1	赣			120000		
轰	kʰuŋ1	kung1	hong1	赣			120000		
轴	tʰiɔu1	tiou1	zhou2	赣			120000		
轻	tɕʰiaŋ1	qiang1	qing1	赣			120000		
载	tsɔi3	zoi3	zai4	赣			120000		
载	tsɔi5	zoi4	zai4	赣			120000		
轿	tɕʰiau5	qiau4	jiao4	赣			120000		
较	kau5	gau4	jiao4	赣			205000		
较	tɕiau5	jiau4	jiao4	赣			205000		
辅	fu6	fu4	fu3	赣			108378		
辆	liɔŋ6	liong4	liang4	赣			104506		
辈	pei5	bêi4	bei4	赣			145000		
辉	fuei1	fui1	hui1	赣			145000		
辑	tɕʰi6	qi4	ji2	赣			200000		
输	ɕy1	xyu1	shu1	赣			200000		
辖	ɕia5	xia4	xia2	赣			101515		
辙	tsɛ6	zê4	zhe2	赣			120000		
辛	ɕin1	xin1	xin1	赣			145000		
辞	tsʰɿ2	ci2	ci2	赣			120000		
辣	lɛ5	lê4	la4	赣			120000		
辨	pʰiɛn6	piên4	bian4	赣			145000		
辩	pʰiɛn6	piên4	bian4	赣			120000		
辫	piɛn1	biên1	bian4	赣			120000		
辰	tʰin2	tin2	chen2	赣			124678		
辱	lu1	lu1	ru3	赣			120000		
边	piɛn1	biên1	bian1	赣			175000		
达	tæ1	dae1	da2	赣			175000		
迁	tɕʰiɛn1	qiên1	qian1	赣			120000		
迂	y1	yu1	yu1	赣			120000		
迅	suɛn5	sun4	xun4	赣			106647		
过	kuo2	guo2	guo4	赣			370000		
过	kuo5	guo4	guo4	赣			370000		
迎	in2	yin2	ying2	赣			120000		
运	yn5	yun4	yun4	赣			135000		
近	tɕʰin5	qin4	jin4	赣			145000		
还	fan2	fan2	hai2	赣			120000		
还	uan2	wan2	hai2	赣			120000		
还	xai2	hai2	hai2	赣			120000		
这	kai6	gai4	zhe4	赣			498316		
进	tɕin5	jin4	jin4	赣			150000		
远	yon3	yuon3	yuan3	赣			370000		
违	uei2	wêi2	wei2	赣			120000		
连	liɛn2	liên2	lian2	赣			280000		
迟	tsʰɿ2	ci2	chi2	赣			120000		
迫	pʰɛ1	pê1	po4	赣			120000		
述	ɕy6	xyu4	shu4	赣			120000		
迷	mi2	mi2	mi2	赣			145000		
迹	tɕi1	ji1	ji4	赣			120000		
追	tuei1	dui1	zhui1	赣			145000		
退	tʰuei2	tui2	tui4	赣			370000		
退	tʰuei5	tui4	tui4	赣			370000		
送	suŋ2	sung2	song4	赣			195000		
送	suŋ5	sung4	song4	赣			195000		
逃	tʰau2	tau2	tao2	赣			120000		
逆	ȵi1	ni1	ni4	赣			120000		
选	ɕyɔn3	xyuon3	xuan3	赣			240000		
透	tʰɛu2	têu2	tou4	赣			120000		
透	tʰɛu5	têu4	tou4	赣			120000		
递	tʰi5	ti4	di4	赣			107990		
途	tʰu2	tu2	tu2	赣			120000		
通	tʰuŋ1	tung1	tong1	赣			195000		
逛	kuɔŋ5	guong4	guang4	赣			120000		
逞	tʰin3	tin3	cheng3	赣			108731		
速	su1	su1	su4	赣			120000		
速	su5	su4	su4	赣			120000		
造	tsʰau5	cau4	zao4	赣			370000		
逢	fuŋ2	fung2	feng2	赣			120000		
逵	kʰuei2	kui2	kui2	赣			90000		
逼	pi1	bi1	bi1	赣			145000		
遂	ɕy6	xyu4	sui4	赣			120000		
遇	y6	yu4	yu4	赣			120000		
遍	pʰiɛn5	piên4	bian4	赣			180000		
道	tʰau5	tau4	dao4	赣			320545		
遣	tɕʰiɛn3	qiên3	qian3	赣			120000		
遭	tsau1	zau1	zao1	赣			120000		
遮	ta1	da1	zhe1	赣			120000		
遮	tsa1	za1	zhe1	赣			120000		
遵	tsun1	zun1	zun1	赣			120000		
邀	iau1	yau1	yao1	赣			120000		
邓	tʰən5	ten4	deng4	赣			120000		
那	kai3	gai3	na4	赣			355736		
邦	pɔŋ1	bong1	bang1	赣			145000		
邪	ɕia2	xia2	xie2	赣			155000		
邮	iɔu2	you2	you2	赣			120000		
邵	sau6	sau4	shao4	赣			90000		
邹	tsɛu1	zêu1	zou1	赣			90000		
邻	lin2	lin2	lin2	赣			120000		
郎	lɔŋ2	long2	lang2	赣			145000		
部	pʰu5	pu4	bu4	赣			145000		
郭	kɔ1	go1	guo1	赣			120000		
郭	kuo1	guo1	guo1	赣			120000		
都	tu1	du1	dou1	赣			452780		
配	pʰuei5	pui4	pei4	赣			195000		
酒	tɕiɔu3	jiou3	jiu3	赣			120000		
酒	tɕiu3	jiu3	jiu3	赣			120000		
酥	su1	su1	su1	赣			120000		
酬	tʰiɔu2	tiou2	chou2	赣			120000		
酱	tɕiɔŋ2	jiong2	jiang4	赣			120000		
酱	tɕiɔŋ5	jiong4	jiang4	赣			120000		
酵	xau6	hau4	jiao4	赣			106723		
酸	son1	son1	suan1	赣			120000		
酿	liɔŋ5	liong4	niang4	赣			145000		
醇	suɛn2	sun2	chun2	赣			114921		
醉	tɕy5	jyu4	zui4	赣			120000		
醉	tsuei2	zui2	zui4	赣			120000		
醋	tsʰu2	cu2	cu4	赣			120000		
醋	tsʰu5	cu4	cu4	赣			120000		
醒	ɕin3	xin3	xing3	赣			120000		
醒	ɕiaŋ3	xiang3	xing3	赣			120000		
释	ɕi1	xi1	shi4	赣			170000		
里	ti3	di3	li3	赣			205000		
里	li3	li3	li3	赣			205000		
重	tsʰuŋ2	cung2	zhong4	赣			370000		
重	tsʰuŋ5	cung4	zhong4	赣			370000		
重	tʰuŋ2	tung2	zhong4	赣			370000		
重	tʰuŋ6	tung4	zhong4	赣			370000		
野	ia3	ya3	ye3	赣			370000		
量	liɔŋ2	liong2	liang4	赣			120000		
量	liɔŋ6	liong4	liang4	赣			120000		
金	tɕin1	jin1	jin1	赣			175000		
釜	fu6	fu4	fu3	赣			76730		
鉴	kan2	gan2	jian4	赣			120000		
鐾	pɔŋ1	bong1	bei4	赣			5394		
针	tsən1	zen1	zhen1	赣			120000		
针	tin1	din1	zhen1	赣			120000		
钉	tin1	din1	ding1	赣			120000		
钉	tiaŋ1	diang1	ding1	赣			120000		
钓	tiau5	diau4	diao4	赣			120000		
钞	tsʰau1	cau1	chao1	赣			120000		
钟	tuŋ1	dung1	zhong1	赣			120000		
钟	tsuŋ1	zung1	zhong1	赣			120000		
钢	kɔŋ1	gong1	gang1	赣			120000		
钥	iɔ6	yo4	yao4	赣			252769		
钦	tɕʰin1	qin1	qin1	赣			120000		
钧	tɕyn1	jyun1	jun1	赣			120000		
钩	kɛu1	gêu1	gou1	赣			120000		
钱	tɕʰiɛn2	qiên2	qian2	赣			370000		
钳	tɕʰiɛn2	qiên2	qian2	赣			120000		
钵	pɔ1	bo1	bo1	赣			90000		
钻	tsɔn1	zon1	zuan1	赣			124879		
钻	tsɔn5	zon4	zuan1	赣			124879		
铁	tʰiɛ1	tiê1	tie3	赣			150000		
铃	lin2	lin2	ling2	赣			120000		
铃	liaŋ2	liang2	ling2	赣			120000		
铅	tɕʰiɛn1	qiên1	qian1	赣			125000		
铜	tʰuŋ2	tung2	tong2	赣			170000		
铡	tsa1	za1	zha2	赣			90000		
铲	tsʰan3	can3	chan3	赣			120000		
铳	tsʰuŋ2	cung2	chong4	赣			90000		
银	lin2	lin2	yin2	赣			126500		
铺	pʰu1	pu1	pu4	赣			120000		
铺	pʰu5	pu4	pu4	赣			120000		
销	ɕiau1	xiau1	xiao1	赣			145000		
锁	sɔ3	so3	suo3	赣			145000		
锄	tsʰu2	cu2	chu2	赣			120000		
锅	uo1	wo1	guo1	赣			120000		
锈	ɕiɔu5	xiou4	xiu4	赣			120000		
锉	tsʰo2	co2	cuo4	赣			90000		
锋	fuŋ1	fung1	feng1	赣			120000		
锐	luei5	lui4	rui4	赣			109429		
错	tsʰo2	co2	cuo4	赣			370000		
错	tsʰɔ5	co4	cuo4	赣			370000		
锚	mau2	mau2	mao2	赣			145000		
锡	ɕia1	xia1	xi1	赣			120000		
锣	lo2	lo2	luo2	赣			120000		
锤	tsʰuei2	cui2	chui2	赣			120000		
锤	tʰuei2	tui2	chui2	赣			120000		
锥	tsʰan6	can4	zhui1	赣			145000		
锥	tsɔn1	zon1	zhui1	赣			145000		
锦	tɕin3	jin3	jin3	赣			120000		
键	tɕʰiɛn6	qiên4	jian4	赣			163920		
锯	kɛ2	gê2	ju4	赣			145000		
锯	kɛ5	gê4	ju4	赣			145000		
锯	kiɛ2	giê2	ju4	白			145000		
锯	tɕy2	jyu2	ju4	文			145000		
锹	tɕʰiau1	qiau1	qiao1	赣			120000		
锻	tʰɔn6	ton4	duan4	赣			120000		
镇	tsən2	zen2	zhen4	赣			120000		
镇	tin5	din4	zhen4	赣			120000		
镊	ȵiɛ1	niê1	nie4	赣			90000		
镜	tɕiaŋ2	jiang2	jing4	赣			103654		
镜	tɕiaŋ5	jiang4	jing4	赣			103654		
镢	tɕiɔ1	jio1	jue2	赣			78044		
镫	tɛn5	dên4	deng4	赣			78616		
镰	liɛn2	liên2	lian2	赣			120000		
镶	ɕiɔŋ1	xiong1	xiang1	赣			120000		
长	tsʰɔŋ2	cong2	zhang3	赣			120000		
长	tɔŋ3	dong3	zhang3	赣			120000		
长	tʰɔŋ2	tong2	zhang3	赣			120000		
长	tsɔŋ3	zong3	zhang3	赣			120000		
门	mən2	men2	men2	赣			170000		
闩	tsʰon1	con1	shuan1	赣			120000		
闪	sɛn3	sên3	shan3	赣			135907		
闭	pi5	bi4	bi4	赣			135000		
问	uɛn6	wên4	wen4	赣			120000		
问	un5	wen4	wen4	赣			120000		
闯	tʰɔŋ3	tong3	chuang3	赣			120000		
闰	lun5	lun4	run4	赣			120000		
闲	han2	han2	xian2	赣			150000		
间	kan1	gan1	jian1	赣			120000		
间	tɕiɛn5	jiên4	jian1	赣			120000		
闷	mən6	men4	men4	赣			120000		
闸	tsa1	za1	zha2	赣			120000		
闹	lau5	lau4	nao4	赣			120000		
闻	uɛn2	wên2	wen2	赣			136980		
阅	yɛ6	yuê4	yue4	赣			130000		
阉	iɛn1	yên1	yan1	赣			154153		
阎	iɛn2	yên2	yan2	赣			120000		
阔	kʰœ1	koe1	kuo4	赣			120000		
阔	kʰuo2	kuo2	kuo4	赣			120000		
队	tuei5	dui4	dui4	赣			145000		
防	fɔŋ2	fong2	fang2	赣			170000		
阳	iɔŋ2	yong2	yang2	赣			170000		
阴	in1	yin1	yin1	赣			120000		
阵	tʰin6	tin4	zhen4	赣			120000		
阶	kai1	gai1	jie1	赣			145000		
阻	tu3	du3	zu3	赣			125000		
附	fu5	fu4	fu4	赣			120000		
际	tɕi5	ji4	ji4	赣			120000		
陆	lu5	lu4	lu4	赣			120000		
陇	luŋ3	lung3	long3	赣			77224		
陈	tsʰən2	cen2	chen2	赣			131300		
陈	tʰin2	tin2	chen2	赣			131300		
陋	lɛu5	lêu4	lou4	赣			120000		
陌	mo1	mo1	mo4	赣			120000		
陌	mɔ6	mo4	mo4	赣			120000		
降	kɔŋ2	gong2	jiang4	赣			170000		
降	kɔŋ5	gong4	jiang4	赣			170000		
限	xan6	han4	xian4	赣			125000		
陕	sɛn3	sên3	shan3	赣			120000		
陡	tɛu3	dêu3	dou3	赣			150000		
院	yɔn6	yuon4	yuan4	赣			120000		
除	tɕʰy2	qyu2	chu2	赣			120000		
除	tʰy2	tyu2	chu2	赣			120000		
险	ɕiɛn3	xiên3	xian3	赣			120000		
险	ɕiɛn5	xiên4	xian3	赣			120000		
陪	pʰei2	pêi2	pei2	赣			120000		
陶	tʰau2	tau2	tao2	赣			120000		
隆	luŋ2	lung2	long2	赣			120000		
随	ɕy2	xyu2	sui2	赣			120000		
随	suei2	sui2	sui2	赣			120000		
隐	ia3	ya3	yin3	赣			120000		
隔	kɛ1	gê1	ge2	赣			120000		
隔	kiɛ1	giê1	ge2	赣			120000		
障	tɔŋ2	dong2	zhang4	赣			120000		
隧	suei5	sui4	sui4	赣			103913		
隶	tʰi5	ti4	li4	赣			145000		
难	lan2	lan2	nan2	赣			180000		
难	lan6	lan4	nan2	赣			180000		
雀	tɕʰiɔ1	qio1	que4	赣			140000		
雀	tɕʰyɛ1	qyuê1	que4	赣			140000		
雁	ŋan5	ngan4	yan4	赣			120000		
雄	ɕiuŋ2	xiung2	xiong2	赣			120000		
集	tɕʰi1	qi1	ji2	赣			145000		
集	tɕʰi6	qi4	ji2	赣			145000		
雇	ku5	gu4	gu4	赣			125000		
雍	iuŋ1	yung1	yong1	赣			78890		
雕	tiau1	diau1	diao1	赣			120000		
雨	y3	yu3	yu3	赣			170000		
雪	ɕyɛ1	xyuê1	xue3	赣			120000		
零	liaŋ2	liang2	ling2	赣			120000		
雷	luei2	lui2	lei2	赣			120000		
雹	pʰau6	pau4	bao2	赣			120000		
雾	u5	wu4	wu4	赣			120000		
需	ɕy1	xyu1	xu1	赣			120000		
震	tin5	din4	zhen4	赣			120000		
霉	muei2	mui2	mei2	赣			120000		
霍	xɔ6	ho4	huo4	赣			120000		
霜	sɔŋ1	song1	shuang1	赣			120000		
露	lu5	lu4	lu4	赣			130000		
霸	pa2	ba2	ba4	赣			120000		
青	tɕʰin1	qin1	qing1	文			120000		
青	tɕʰiaŋ1	qiang1	qing1	白			120000		
静	tɕʰin6	qin4	jing4	赣			120000		
静	tɕʰiaŋ2	qiang2	jing4	赣			120000		
靠	kʰau2	kau2	kao4	赣			310000		
靠	kʰau5	kau4	kao4	赣			310000		
面	miɛn5	miên4	mian4	赣			386025		
革	kɛ1	gê1	ge2	赣			145000		
靴	ɕio1	xio1	xue1	赣			120000		
鞋	hai2	hai2	xie2	赣			120000		
鞋	xai6	hai4	xie2	赣			120000		
鞍	ŋɔn1	ngon1	an1	赣			145000		
鞭	piɛn1	biên1	bian1	赣			120000		
韩	xɔn2	hon2	han2	赣			120000		
韭	tɕiɔu3	jiou3	jiu3	赣			120000		
音	in1	yin1	yin1	赣			370000		
韵	yn6	yun4	yun4	赣			310000		
页	iɛ6	yê4	ye4	赣			290000		
顶	tiaŋ3	diang3	ding3	赣			120000		
顷	tɕʰyn3	qyun3	qing3	赣			120000		
项	xɔŋ6	hong4	xiang4	赣			170000		
顺	sun5	sun4	shun4	赣			170000		
须	ɕy1	xyu1	xu1	赣			120000		
顽	uan2	wan2	wan2	赣			120000		
顽	uɔn2	won2	wan2	赣			120000		
顾	ku5	gu4	gu4	赣			120000		
顿	tuɛn5	dun4	dun4	赣			120000		
颁	pan1	ban1	ban1	赣			108769		
颂	ɕiuŋ5	xiung4	song4	赣			101684		
预	y5	yu4	yu4	赣			120000		
领	lin3	lin3	ling3	赣			120000		
领	liaŋ3	liang3	ling3	赣			120000		
颇	pʰɔ1	po1	po3	赣			120000		
颈	tɕiaŋ1	jiang1	jing3	赣			120000		
颈	tɕiaŋ3	jiang3	jing3	赣			120000		
频	pʰin2	pin2	pin2	赣			286707		
题	tʰi2	ti2	ti2	赣			145000		
颜	ŋan2	ngan2	yan2	赣			120000		
额	ŋo2	ngo2	e2	赣			120000		
颠	tiɛn1	diên1	dian1	赣			120000		
颤	tʰan5	tan4	chan4	赣			100906		
颧	sœ1	soe1	quan2	赣			90000		
风	fuŋ1	fung1	feng1	赣			155000		
飘	pʰiau1	piau1	piao1	赣			120000		
飞	fɛ2	fê2	fei1	赣			120000		
飞	fei1	fêi1	fei1	赣			120000		
飞	fi1	fi1	fei1	赣			120000		
飞	fuei1	fui1	fei1	赣			120000		
食	sɛ5	sê4	shi2	赣			120000		
食	sau5	sau4	shi2	赣			120000		
食	ɕi6	xi4	shi2	赣			120000		
餐	tsʰan1	can1	can1	赣			145000		
饥	tɕi1	ji1	ji1	赣			120000		
饨	tʰuɛn2	tun2	tun2	赣			71709		
饭	fan5	fan4	fan4	赣			195000		
饮	in3	yin3	yin3	赣			120000		
饰	ɕi1	xi1	shi4	赣			145000		
饱	pau3	bau3	bao3	赣			145000		
饲	sɿ1	si1	si4	赣			109731		
饵	œ5	oe4	er3	赣			106087		
饶	lau2	lau2	rao2	赣			205000		
饶	lɛu2	lêu2	rao2	赣			205000		
饷	ɕiɔŋ6	xiong4	xiang3	赣			90000		
饼	piaŋ3	biang3	bing3	赣			120000		
饿	ŋo5	ngo4	e4	赣			120000		
馄	fuɛn2	fun2	hun2	赣			74521		
馆	kuɔn3	guon3	guan3	赣			145000		
馊	sɛu1	sêu1	sou1	赣			120000		
馋	tsʰan2	can2	chan2	赣			102621		
馋	sɿ1	si1	chan2	赣			102621		
馏	liɔu5	liou4	liu2	赣			101847		
馒	mɔn2	mon2	man2	赣			120000		
首	ɕiɔu3	xiou3	shou3	赣			370000		
香	ɕiɔŋ1	xiong1	xiang1	赣			120000		
马	ma3	ma3	ma3	赣			120000		
马	ma6	ma4	ma3	赣			120000		
驮	tʰo2	to2	tuo2	赣			418203		
驱	tɕʰy1	qyu1	qu1	赣			120000		
驳	pɔ1	bo1	bo2	赣			120000		
驶	ɿ6	yi4	shi3	赣			120000		
驻	ty5	dyu4	zhu4	赣			120000		
驼	tʰɔ2	to2	tuo2	赣			120000		
驾	ka5	ga4	jia4	赣			120000		
骂	ma5	ma4	ma4	赣			150000		
骄	tɕiau1	jiau1	jiao1	赣			120000		
验	ȵiɛn5	niên4	yan4	赣			145000		
骑	tɕʰi2	qi2	qi2	赣			120000		
骗	pʰiɛn2	piên2	pian4	赣			185000		
骚	sau1	sau1	sao1	赣			132505		
骤	tsɛu5	zêu4	zhou4	赣			133229		
骨	ku1	gu1	gu3	赣			170000		
骨	kuei1	gui1	gu3	赣			170000		
高	kau1	gau1	gao1	赣			419230		
鬃	tsuŋ1	zung1	zong1	赣			90000		
鬓	pin5	bin4	bin4	赣			101607		
鬼	tɕy3	jyu3	gui3	赣			120000		
鬼	kuei3	gui3	gui3	白			120000		
魂	fuɛn2	fun2	hun2	赣			120000		
魏	uei5	wêi4	wei4	赣			120000		
魔	mɔ2	mo2	mo2	赣			120000		
鱼	ŋiɛ2	ngiê2	yu2	赣			180000		
鱼	ȵiɛ6	niê4	yu2	赣			180000		
鲜	ɕiɛn1	xiên1	xian1	赣			120000		
鲤	li3	li3	li3	赣			120000		
鲫	tsɛn1	zên1	ji4	赣			120000		
鳃	sɔi1	soi1	sai1	赣			90000		
鳔	pʰau1	pau1	biao4	赣			76269		
鳜	kuei5	gui4	gui4	赣			90000		
鳞	lin2	lin2	lin2	赣			120000		
鸟	tiau3	diau3	niao3	白			120000		
鸟	ȵiau3	niau3	niao3	文			120000		
鸠	tɕiɔu1	jiou1	jiu1	赣			90000		
鸠	tɕiu1	jiu1	jiu1	赣			90000		
鸡	tɕi1	ji1	ji1	赣			120000		
鸦	ŋa1	nga1	ya1	赣			120000		
鸭	ŋɛ1	ngê1	ya1	赣			120000		
鸭	ŋiɛ1	ngiê1	ya1	赣			120000		
鸽	ko1	go1	ge1	赣			120000		
鸽	kœ1	goe1	ge1	赣			120000		
鸿	fuŋ2	fung2	hong2	赣			120000		
鹅	ŋo2	ngo2	e2	赣			120000		
鹉	u3	wu3	wu3	赣			106941		
鹊	tɕʰiɔ1	qio1	que4	赣			130000		
鹤	xɔ6	ho4	he4	赣			125000		
鹦	in1	yin1	ying1	赣			120000		
鹭	lu6	lu4	lu4	赣			90000		
鹰	in1	yin1	ying1	赣			120000		
鹿	lu1	lu1	lu4	赣			120000		
鹿	lu6	lu4	lu4	赣			120000		
麦	mɛ1	mê1	mai4	赣			120000		
麦	ma6	ma4	mai4	赣			120000		
麻	ma2	ma2	ma2	赣			145000		
黄	fɔŋ2	fong2	huang2	赣			120000		
黄	uɔŋ2	wong2	huang2	赣			120000		
黎	li2	li2	li2	赣			120000		
黏	ȵiɛn2	niên2	nian2	赣			90000		
黑	hɛ1	hê1	hei1	赣			125000		
默	mɛ6	mê4	mo4	赣			120000		
鼓	ku3	gu3	gu3	赣			120000		
鼠	ɕy3	xyu3	shu3	赣			120000		
鼻	pʰi6	pi4	bi2	赣			120000		
齐	tɕʰi2	qi2	qi2	赣			150000		
齐	tɕʰi3	qi3	qi2	赣			150000		
齿	tsʰɿ3	ci3	chi3	赣			120000		
龙	luŋ2	lung2	long2	赣			120000		
龟	kuei1	gui1	gui1	赣			120000		
弋	i5	yi4	yi4	赣			121279		
