本词	国际音标	方言拼音	汉语拼音	词汇属性	对应官话词	官话拼音	词频	同义词	新旧标记
一	iɪʔ7	yek6	yi1	赣			467830		
丁	tien1	diên1	ding1	赣			120000		
七	tɕʰiɪʔ7	qiek6	qi1	赣			280000		
万	uan6	wan5	wan4	赣			120000		
丈	tsʰan6	can5	zhang4	赣			120000		
三	san1	san1	san1	赣			370000		
上	san6	san5	shang4	赣			508101		
下	xa1	ha1	xia4	赣			120000		
下	xa6	ha5	xia4	赣			120000		
不	puəʔ7	buek6	bu4	赣			610331		
与	y3	yu3	yu3	赣			395033		
丐	kai5	gai4	gai4	赣			120000		
丑	tɕʰiəu3	qieu3	chou3	赣			130000		
专	tɕyɛn1	jyuên1	zhuan1	赣			170000		
且	tɕʰiɛʔ7	qiêk6	qie3	赣			370000		
丕	pʰi1	pi1	pi1	赣			120000		
世	ʃɿ5	xï4	shi4	赣			120000		
丘	kʰəu1	keu1	qiu1	赣			145000		
丙	pien3	biên3	bing3	赣			224999		
业	ȵiɛʔ8	niêk7	ye4	赣			120000		
丛	tsʰəŋ2	ceng2	cong2	赣			270000		
东	təŋ1	deng1	dong1	赣			260000		
丝	sɿ1	sï1	si1	赣			120000		
丞	tsʰen2	cên2	cheng2	赣			125000		
丢	tiəu1	dieu1	diu1	赣			130000		
两	lian3	lian3	liang3	赣			370000		
严	ȵiɛn2	niên2	yan2	赣			170000		
丧	san1	san1	sang4	赣			125000		
丧	san5	san4	sang4	赣			125000		
个	ko5	go4	ge4	赣	的/地	de5/di4	120000		
丫	ŋa1	nga1	ya1	赣			120000		
中	tɕyŋ1	jyung1	zhong1	赣			493191		
中	tɕyŋ5	jyung4	zhong1	赣			493191		
丰	fəŋ1	feng1	feng1	赣			120000		
串	tɕʰyɛn5	qyuên4	chuan4	赣			260000		
临	lien2	liên2	lin2	赣			120000		
丸	yɛn2	yuên2	wan2	赣			120000		
丹	tan1	dan1	dan1	赣			120000		
为	uei2	wêi2	wei4	赣			545952		
为	uei6	wêi5	wei4	赣			545952		
主	tɕy3	jyu3	zhu3	赣			385602		
丽	li6	li5	li4	赣			120000		
举	tɕy3	jyu3	ju3	赣			155000		
乃	nai1	nai1	nai3	赣			120000		
久	tɕiəu3	jieu3	jiu3	赣			260000		
么	iau1	yau1	me5	赣			310000		
义	ȵi6	ni5	yi4	赣			195000		
之	tʃɿ1	jï1	zhi1	赣			390957		
乌	u1	wu1	wu1	赣			145000		
乎	fu2	fu2	hu1	赣			120000		
乏	faʔ8	fak7	fa2	赣			127351		
乐	lɔʔ8	lok7	le4	赣			180000		
乔	tɕʰiau2	qiau2	qiao2	赣			120000		
乖	kuai1	guai1	guai1	赣			120000		
乘	sen6	sên5	cheng2	赣			175000		
乙	iɪʔ7	yek6	yi3	赣			120000		
九	tɕiəu3	jieu3	jiu3	赣			259999		
乞	tɕʰiɪʔ7	qiek6	qi3	赣			120000		
也	iɛ3	yê3	ye3	赣			557851		
习	tɕʰiɪʔ8	qiek7	xi2	赣			170000		
乡	ɕian1	xian1	xiang1	赣			120000		
书	ɕy1	xyu1	shu1	赣			120000		
买	mai3	mai3	mai3	赣			275000		
乱	luɔŋ6	luong5	luan4	赣			370000		
乳	y3	yu3	ru3	赣			125000		
了	liau3	liau3	le5	赣			470908		
争	tsɛn1	zên1	zheng1	赣			120000		
事	sɿ6	sï5	shi4	赣			225000		
二	ɛ6	ê5	er4	赣			310000		
于	y2	yu2	yu2	赣			370000		
亏	kʰuei1	kui1	kui1	赣			125000		
云	yn2	yun2	yun2	赣			305000		
互	fu6	fu5	hu4	赣			125000		
五	ŋ̍3	ng3	wu3	赣			370000		
井	pien3	biên3	jing3	赣			120000		
井	tɕien3	jiên3	jing3	赣			120000		
亚	ŋa5	nga4	ya4	赣			120000		
些	ɕiɛʔ7	xiêk6	xie1	赣			370000		
亡	uɔŋ2	wong2	wang2	赣			109629		
交	kau1	gau1	jiao1	赣			120000		
亥	xai6	hai5	hai4	赣			145000		
产	tsʰan3	can3	chan3	赣			120000		
亨	xɛn1	hên1	heng1	赣			120000		
亩	miəu3	mieu3	mu3	赣			120000		
享	ɕian3	xian3	xiang3	赣			120000		
京	tɕien1	jiên1	jing1	赣			145000		
亭	tʰien2	tiên2	ting2	赣			120000		
亮	lian6	lian5	liang4	赣			120000		
亲	tɕʰien1	qiên1	qin1	赣			120000		
人	ȵien2	niên2	ren2	赣			120000		
亿	i5	yi4	yi4	赣			145000		
什	sɪʔ8	sek7	shen2	赣			120000		
仁	ien2	yên2	ren2	赣			120000		
仅	tɕien3	jiên3	jin3	赣			130000		
仆	pʰuəʔ7	puek6	pu1	赣			120000		
仇	tɕʰiəu2	qieu2	chou2	赣			155000		
今	tɕien1	jiên1	jin1	赣			120000		
介	kai5	gai4	jie4	赣			120000		
仍	ien2	yên2	reng2	赣			120000		
从	tsʰəŋ1	ceng1	cong2	赣			120000		
从	tsʰəŋ2	ceng2	cong2	赣			120000		
仑	len2	lên2	lun2	赣			110671		
仓	tsʰan1	can1	cang1	赣			155000		
仕	sɿ6	sï5	shi4	赣			120000		
他	tʰa1	ta1	ta1	赣			551339		
仗	tsan5	zan4	zhang4	赣			120000		
仗	tsʰan6	can5	zhang4	赣			120000		
付	fu5	fu4	fu4	赣			120000		
仙	ɕiɛn1	xiên1	xian1	赣			120000		
代	tʰai6	tai5	dai4	赣			260000		
令	lien6	liên5	ling4	赣			175000		
以	i3	yi3	yi3	赣			386106		
仪	ȵi2	ni2	yi2	赣			120000		
仰	nian3	nian3	yang3	赣			195000		
仲	tɕʰyŋ6	qyung5	zhong4	赣			120000		
件	tɕʰiɛn6	qiên5	jian4	赣			170000		
价	ka5	ga4	jia4	赣			145000		
任	ien6	yên5	ren4	赣			120000		
份	fen6	fên5	fen4	赣			195000		
仿	fɔŋ3	fong3	fang3	赣			120000		
企	tɕʰi3	qi3	qi3	赣			120000		
伊	i1	yi1	yi1	赣			103663		
伍	ŋ̍3	ng3	wu3	赣			120000		
伏	fuəʔ8	fuek7	fu2	赣			120000		
休	ɕiəu1	xieu1	xiu1	赣			125000		
众	tɕyŋ5	jyung4	zhong4	赣			120000		
优	iəu1	yeu1	you1	赣			120000		
伙	fo3	fo3	huo3	赣			120000		
会	kʰuei5	kui4	hui4	赣			386025		
会	xuei6	hui5	hui4	赣			386025		
伞	san3	san3	san3	赣			120000		
伟	uei3	wêi3	wei3	赣			120000		
传	tɕʰyɛn2	qyuên2	chuan2	赣			120000		
传	tɕʰyɛn6	qyuên5	chuan2	赣			120000		
伤	san1	san1	shang1	赣			120000		
伦	len2	lên2	lun2	赣			120000		
伪	uei6	wêi5	wei3	赣			134743		
伯	pɛʔ7	bêk6	bo2	赣			120000		
估	ku3	gu3	gu1	赣			120000		
伴	pʰɔŋ1	pong1	ban4	赣			120000		
伶	lien2	liên2	ling2	赣			120000		
伸	sen1	sên1	shen1	赣			120000		
伺	tsʰɿ5	cï4	ci4	赣			150000		
似	tsʰɿ6	cï5	shi4	赣			120000		
佃	tʰiɛn6	tiên5	dian4	赣			101062		
但	tʰan6	tan5	dan4	赣			235000		
位	uei6	wêi5	wei4	赣			245000		
低	ti1	di1	di1	赣			305000		
住	tɕʰy6	qyu5	zhu4	赣			245000		
佐	tso3	zo3	zuo3	赣			120000		
佑	iəu6	yeu5	you4	赣			105446		
体	tʰi3	ti3	ti3	赣			205000		
何	xo2	ho2	he2	赣			170000		
佘	sɛ1	sê1	she2	赣			5191		
余	y2	yu2	yu2	赣			175000		
佛	fɪʔ7	fek6	fu2	赣			130000		
作	tsuɔʔ7	zuok6	zuo4	赣			120000		
作	tsɔʔ7	zok6	zuo4	赣			120000		
你	n̩1	n1	ni3	赣			415320		
你	ȵi3	ni3	ni3	赣			415320		
佩	pʰei5	pêi4	pei4	赣			120000		
佳	ka1	ga1	jia1	赣			130000		
使	sɿ3	sï3	shi3	赣			120000		
侄	tsʰɪʔ8	cek7	zhi2	赣			145000		
侈	tʃʰɿ3	qï3	chi3	赣			102544		
例	li6	li5	li4	赣			150000		
供	kəŋ1	geng1	gong1	赣			205000		
供	kəŋ5	geng4	gong1	赣			205000		
依	i1	yi1	yi1	赣			145000		
侥	tɕiau3	jiau3	jiao3	赣			120000		
侦	tsen1	zên1	zhen1	赣			120000		
侧	tsɛʔ7	zêk6	ce4	赣			300000		
侨	tɕʰiau2	qiau2	qiao2	赣			120000		
侬	nəŋ2	neng2	nong2	赣			129298		
侮	u3	wu3	wu3	赣			107043		
侯	xəu2	heu2	hou2	赣			120000		
侵	tɕʰien1	qiên1	qin1	赣			145000		
便	pʰiɛn2	piên2	bian4	赣			120000		
便	pʰiɛn6	piên5	bian4	赣			120000		
促	tsʰuəʔ7	cuek6	cu4	赣			120000		
俄	ŋo2	ngo2	e2	赣			120000		
俊	tɕyn5	jyun4	jun4	赣			120000		
俏	tɕʰiau5	qiau4	qiao4	赣			120000		
俗	suəʔ8	suek7	su2	赣			155000		
俘	fu1	fu1	fu2	赣			102061		
保	pau3	bau3	bao3	赣			145000		
俟	sɿ6	sï5	qi2	赣			102308		
信	ɕien5	xiên4	xin4	赣			220000		
俭	tɕʰiɛn6	qiên5	jian3	赣			120000		
修	ɕiəu1	xieu1	xiu1	赣			310000		
俯	fu3	fu3	fu3	赣			100625		
俱	tɕʰy6	qyu5	ju4	赣			103728		
倍	pʰei6	pêi5	bei4	赣			145000		
倒	tau3	dau3	dao4	赣			195000		
倒	tau5	dau4	dao4	赣			195000		
倘	tʰan3	tan3	tang3	赣			125000		
候	xəu1	heu1	hou4	赣			170000		
倚	i3	yi3	yi3	赣			120000		
借	tɕiɛ5	jiê4	jie4	赣			120000		
倡	tsʰan5	can4	chang4	赣			120000		
倦	tɕʰyɛn6	qyuên5	juan4	赣			145000		
倪	ȵi2	ni2	ni2	赣			73943		
债	tsai5	zai4	zhai4	赣			120000		
值	tsʰɪʔ8	cek7	zhi2	赣			370000		
假	ka3	ga3	jia3	赣			120000		
偏	pʰiɛn1	piên1	pian1	赣			120000		
偕	xai2	hai2	xie2	赣			90000		
做	tsuo5	zuo4	zuo4	赣			428314		
停	tʰien2	tiên2	ting2	赣			170000		
健	tɕʰiɛn6	qiên5	jian4	赣			120000		
偶	ŋəu3	ngeu3	ou3	赣			120000		
偶	ŋəu6	ngeu5	ou3	赣			120000		
偷	tʰiəu1	tieu1	tou1	赣			120000		
偿	san3	san3	chang2	赣			136769		
傅	fu5	fu4	fu4	赣			120000		
傍	pʰɔŋ6	pong5	bang4	赣			103993		
储	tɕʰy2	qyu2	chu3	赣			220000		
催	tsʰuei1	cui1	cui1	赣			145000		
傲	ŋau6	ngau5	ao4	赣			120000		
傻	sa1	sa1	sha3	赣			120000		
像	tɕʰian6	qian5	xiang4	赣			370000		
僧	sɛn1	sên1	seng1	赣			120000		
僵	tɕian1	jian1	jiang1	赣			120000		
僻	pʰiɪʔ7	piek6	pi4	赣			220000		
儡	luei3	lui3	lei3	赣			76977		
儿	ȵi2	ni2	er2	白			160000		
儿	ɛ2	ê2	er2	赣			160000		
允	yn3	yun3	yun3	赣			120000		
元	ȵyɛn2	nyuên2	yuan2	赣			370000		
兄	ɕyŋ1	xyung1	xiong1	赣			120000		
充	tɕʰyŋ1	qyung1	chong1	赣			120000		
充	yɛn3	yuên3	chong1	赣			120000		
兆	tsʰau6	cau5	zhao4	赣			120000		
先	ɕiɛn1	xiên1	xian1	赣			370000		
光	kuɔŋ1	guong1	guang1	赣			120000		
克	kʰɛʔ7	kêk6	ke4	赣			145000		
免	miɛn3	miên3	mian3	赣			120000		
兑	tʰei6	têi5	dui4	赣			120000		
兔	tʰu5	tu4	tu4	赣			120000		
党	tan3	dan3	dang3	赣			120000		
兜	tiəu1	dieu1	dou1	赣			130000		
全	tɕʰiɛn2	qiên2	quan2	赣			370000		
全	tɕʰyɛn2	qyuên2	quan2	赣			370000		
八	paʔ7	bak6	ba1	赣			160000		
公	kəŋ1	geng1	gong1	赣			290000		
六	luəʔ8	luek7	liu4	赣			230000		
兮	ɕi1	xi1	xi1	赣			90000		
兰	lan2	lan2	lan2	赣			120001		
共	kʰəŋ6	keng5	gong4	赣			120000		
关	kuan1	guan1	guan1	赣			180000		
兴	ɕien1	xiên1	xing1	赣			145000		
兴	ɕien5	xiên4	xing1	赣			145000		
兵	pien1	biên1	bing1	赣			120000		
其	tɕʰi2	qi2	qi2	赣			120000		
具	tɕʰy6	qyu5	ju4	赣			145000		
典	tiɛn3	diên3	dian3	赣			180000		
兹	tsɿ1	zï1	zi1	赣			120000		
养	ian3	yan3	yang3	赣			200000		
兼	tɕiɛn1	jiên1	jian1	赣			120000		
兽	ɕiəu5	xieu4	shou4	赣			180000		
冀	tɕi5	ji4	ji4	赣			101273		
内	nuei6	nui5	nei4	赣			370000		
冈	kɔŋ1	gong1	gang1	赣			120000		
冉	iɛn3	yên3	ran3	赣			102959		
册	tsʰɛʔ7	cêk6	ce4	赣			145000		
再	tsai5	zai4	zai4	赣			120000		
冒	mau6	mau5	mao4	赣			120000		
冗	yŋ3	yung3	rong3	赣			145000		
写	ɕiɛ3	xiê3	xie3	赣			370000		
军	tɕyn1	jyun1	jun1	赣			120000		
农	ləŋ2	leng2	nong2	赣			145000		
冠	kuan1	guan1	guan1	赣			120000		
冠	kuan5	guan4	guan1	赣			120000		
冤	yɛn1	yuên1	yuan1	赣			100164		
冬	təŋ1	deng1	dong1	赣			120000		
冯	fəŋ2	feng2	feng2	赣			120000		
冰	pien1	biên1	bing1	赣			120000		
冲	tɕʰyŋ1	qyung1	chong1	赣			120000		
决	tɕyɛʔ7	jyuêk6	jue2	赣			170000		
况	kʰuɔŋ5	kuong4	kuang4	赣			120000		
冷	lɛn3	lên3	leng3	赣			120000		
冻	təŋ5	deng4	dong4	赣			145000		
净	tɕʰien6	qiên5	jing4	赣			120000		
准	tɕyn3	jyun3	zhun3	赣			120000		
凉	lian2	lian2	liang2	赣			120000		
凌	lien2	liên2	ling2	赣			120000		
减	kan3	gan3	jian3	赣			155000		
凑	tɕʰiəu5	qieu4	cou4	赣			300000		
几	tɕi1	ji1	ji3	赣			414956		
几	tɕi3	ji3	ji3	赣			414956		
凡	fan2	fan2	fan2	赣			120000		
凤	fəŋ6	feng5	feng4	赣			120000		
凭	pʰien2	piên2	ping2	赣			120000		
凯	kʰai3	kai3	kai3	赣			120000		
凳	tien5	diên4	deng4	赣			120000		
凶	ɕyŋ1	xyung1	xiong1	赣			120000		
出	tɕʰyɪʔ7	qyuek6	chu1	赣			120000		
击	tɕiɪʔ7	jiek6	ji1	赣			220000		
函	xan2	han2	han2	赣			120000		
凿	tsʰɔʔ7	cok6	zao2	赣			145000		
刀	tau1	dau1	dao1	赣			120000		
刁	tiau1	diau1	diao1	赣			120000		
刃	ien3	yên3	ren4	赣			120000		
分	fen1	fên1	fen1	赣			430000		
切	tɕʰiɛʔ7	qiêk6	qie4	赣			225000		
刈	ȵi6	ni5	yi4	赣			77248		
刊	kʰan1	kan1	kan1	赣			120000		
刑	ɕien2	xiên2	xing2	赣			120000		
划	xua2	hua2	hua4	赣			120000		
划	xua6	hua5	hua4	赣			120000		
列	liɛʔ7	liêk6	lie4	赣			290000		
刘	liəu2	lieu2	liu2	赣			150000		
则	tsɛʔ7	zêk6	ze2	赣			370000		
刚	kɔŋ1	gong1	gang1	赣			120000		
创	tɕʰyɔŋ5	qyuong4	chuang4	赣			233989		
初	tsʰo1	co1	chu1	赣			150000		
删	san1	san1	shan1	赣			205000		
判	pʰɔŋ5	pong4	pan4	赣			120000		
刨	pʰau6	pau5	pao2	赣			108066		
利	li6	li5	li4	赣			120000		
别	pʰiɛʔ8	piêk7	bie2	赣			370000		
刮	kuaʔ7	guak6	gua1	赣			120000		
到	tau5	dau4	dao4	赣			455341		
刴	to5	do4	duo4	赣			120000		
制	tʃɿ5	jï4	zhi4	赣			145000		
刷	suɔʔ7	suok6	shua1	赣			255000		
券	tɕyɛn5	jyuên4	quan4	赣			120000		
刺	tsʰɿ5	cï4	ci4	赣			120000		
刻	kʰɛʔ7	kêk6	ke4	赣			120000		
刽	kʰuei5	kui4	gui4	赣			90000		
剂	tɕʰi6	qi5	ji4	赣			104868		
剃	tʰi5	ti4	ti4	赣			120000		
削	ɕiaʔ7	xiak6	xue1	赣			175000		
前	tɕʰiɛn2	qiên2	qian2	赣			412779		
剐	kua3	gua3	gua3	赣			120000		
剑	tɕiɛn5	jiên4	jian4	赣			120000		
剔	tʰiɪʔ7	tiek6	ti1	赣			145000		
剖	pʰəu3	peu3	pou1	赣			108773		
剥	pɔʔ7	bok6	bo1	赣			120000		
剧	tɕy5	jyu4	ju4	赣			145000		
剩	sen6	sên5	sheng4	赣			145000		
剪	tɕiɛn3	jiên3	jian3	赣			120000		
副	fu5	fu4	fu4	赣			220000		
割	kɔʔ7	gok6	ge1	赣			120000		
剿	tɕiau3	jiau3	jiao3	赣			120000		
劄	tsaʔ7	zak6	zha1	赣			5115		
劈	pʰiɪʔ7	piek6	pi1	赣			120000		
力	liɪʔ8	liek7	li4	赣			125000		
劝	tɕʰyɛn5	qyuên4	quan4	赣			145000		
办	pʰan6	pan5	ban4	赣			145000		
功	kəŋ1	geng1	gong1	赣			150000		
加	ka1	ga1	jia1	赣			370000		
务	u6	wu5	wu4	赣			145000		
劣	liɛʔ7	liêk6	lie4	赣			120000		
动	tʰəŋ6	teng5	dong4	赣			270000		
助	tsʰu6	cu5	zhu4	赣			120000		
努	nu3	nu3	nu3	赣			120000		
劫	tɕiɛʔ7	jiêk6	jie2	赣			120000		
励	li6	li5	li4	赣			120000		
劲	tɕien5	jiên4	jin4	赣			120000		
劳	lau2	lau2	lao2	赣			145000		
势	ʃɿ5	xï4	shi4	赣			195000		
勃	pʰɔʔ8	pok7	bo2	赣			120000		
勇	yŋ3	yung3	yong3	赣			120000		
勉	miɛn3	miên3	mian3	赣			120000		
勋	ɕyn1	xyun1	xun1	赣			120000		
勒	lɪʔ8	lek7	lei1	赣			195000		
勘	kʰan1	kan1	kan1	赣			106652		
募	mu6	mu5	mu4	赣			120000		
勤	tɕʰien2	qiên2	qin2	赣			145000		
勺	saʔ8	sak7	shao2	赣			120000		
勾	kəu1	geu1	gou1	赣			210000		
勾	kəu5	geu4	gou1	赣			210000		
勿	uɪʔ8	wek7	wu4	赣			120000		
匀	tɕyn1	jyun1	yun2	赣			120000		
匀	yn2	yun2	yun2	赣			120000		
包	pau1	bau1	bao1	赣			325000		
匆	tsʰəŋ1	ceng1	cong1	赣			145000		
匈	ɕyŋ1	xyung1	xiong1	赣			120000		
化	xua5	hua4	hua4	赣			370000		
北	pɛʔ7	bêk6	bei3	赣			235000		
匙	ʃɿ1	xï1	shi5	赣			120000		
匠	tɕʰian6	qian5	jiang4	赣			120000		
匡	kʰuɔŋ1	kuong1	kuang1	赣			90000		
匣	xaʔ8	hak7	xia2	赣			120000		
匪	fi3	fi3	fei3	赣			145000		
匹	pʰiɪʔ7	piek6	pi3	赣			120000		
区	tɕʰy1	qyu1	qu1	赣			470000		
医	i1	yi1	yi1	赣			120000		
匾	piɛn3	biên3	bian3	赣			120000		
匿	ȵiɪʔ8	niek7	ni4	赣			120000		
十	sɪʔ8	sek7	shi2	赣			120000		
千	tɕʰiɛn1	qiên1	qian1	赣			160000		
升	sen1	sên1	sheng1	赣			218907		
午	ŋ̍3	ng3	wu3	赣			120000		
半	pɔŋ5	bong4	ban4	赣			125000		
华	fa6	fa5	hua2	赣			215000		
华	xua2	hua2	hua2	赣			215000		
协	ɕiɛʔ8	xiêk7	xie2	赣			120000		
卑	pi1	bi1	bei1	赣			120000		
卒	tsɪʔ7	zek6	zu2	赣			120000		
卓	tɕyɔʔ7	jyuok6	zhuo2	赣			133886		
单	sɛn6	sên5	dan1	赣			310000		
单	tan1	dan1	dan1	赣			310000		
卖	mai6	mai5	mai4	赣			175000		
南	nan2	nan2	nan2	赣			180001		
博	pɔʔ7	bok6	bo2	赣			120000		
卜	pʰuəʔ7	puek6	bo5	赣			120000		
占	tsɛn1	zên1	zhan4	赣			120000		
占	tsɛn5	zên4	zhan4	赣			120000		
卢	lu2	lu2	lu2	赣			120000		
卤	lu3	lu3	lu3	赣			120000		
卦	kua5	gua4	gua4	赣			120000		
卧	ŋuo6	nguo5	wo4	赣			148010		
卫	uei6	wêi5	wei4	赣			120000		
卯	mau3	mau3	mao3	赣			120000		
印	ien5	yên4	yin4	赣			120000		
危	uei1	wêi1	wei1	赣			120000		
即	tɕiɪʔ7	jiek6	ji2	赣			270000		
却	tɕʰiaʔ7	qiak6	que4	赣			190000		
卵	luɔŋ3	luong3	luan3	赣			120000		
卷	tɕyɛn3	jyuên3	juan3	赣			145000		
卷	tɕyɛn5	jyuên4	juan3	赣			145000		
卸	ɕiɛ5	xiê4	xie4	赣			104592		
卿	tɕʰien1	qiên1	qing1	赣			120000		
厂	tsʰan3	can3	chang3	赣			184000		
厅	tʰien1	tiên1	ting1	赣			120000		
历	liɪʔ8	liek7	li4	赣			145000		
厉	li6	li5	li4	赣			120000		
压	ŋaʔ7	ngak6	ya1	赣			180000		
厌	iɛn5	yên4	yan4	赣			120000		
厕	sɿ1	sï1	ce4	赣			170000		
厘	li2	li2	li2	赣			120000		
厚	xəu1	heu1	hou4	赣			145000		
原	ȵyɛn2	nyuên2	yuan2	赣			180000		
厢	ɕian1	xian1	xiang1	赣			120000		
厥	tɕyɛʔ7	jyuêk6	jue2	赣			71738		
厦	xa6	ha5	sha4	赣			120000		
厮	sɿ1	sï1	si1	赣			76777		
去	kʰə5	ke4	qu4	赣			120000		
去	tɕʰy5	qyu4	qu4	赣			120000		
参	sen1	sên1	can1	赣			120000		
参	tsʰan1	can1	can1	赣			120000		
又	iəu6	yeu5	you4	赣			400749		
叉	tsʰa1	ca1	cha1	赣			120000		
及	tɕʰiɪʔ8	qiek7	ji2	赣			175000		
友	iəu3	yeu3	you3	赣			155000		
双	ɕyɔŋ1	xyuong1	shuang1	赣			120000		
反	fan3	fan3	fan3	赣			145000		
发	faʔ7	fak6	fa1	赣			370000		
叔	ɕyəʔ7	xyuek6	shu1	赣			120000		
取	tɕʰi3	qi3	qu3	赣			190000		
受	ɕiəu6	xieu5	shou4	赣			155000		
变	piɛn5	biên4	bian4	赣			270000		
叛	pʰɔŋ6	pong5	pan4	赣			120000		
叟	ɕiəu1	xieu1	sou3	赣			72730		
叠	tʰiɛʔ8	tiêk7	die2	赣			115724		
口	kʰəu3	keu3	kou3	赣			370000		
古	ku3	gu3	gu3	赣			120000		
句	tɕy5	jyu4	ju4	赣			222807		
另	lien6	liên5	ling4	赣			102964		
叨	tau1	dau1	dao1	赣			104761		
叩	kʰəu5	keu4	kou4	赣			120000		
只	tsɪʔ7	zek6	zhi3	赣			386050		
叫	tɕiau5	jiau4	jiao4	赣			370000		
召	tsʰau6	cau5	zhao4	赣			120000		
叮	tien1	diên1	ding1	赣			120000		
可	kʰo3	ko3	ke3	赣			370000		
台	tʰai2	tai2	tai2	赣			155000		
史	sɿ3	sï3	shi3	赣			145000		
右	iəu6	yeu5	you4	赣			150000		
叶	iaʔ7	yak6	ye4	赣			120000		
号	xau2	hau2	hao4	赣			240000		
号	xau6	hau5	hao4	赣			240000		
司	sɿ1	sï1	si1	赣			120000		
叹	tʰan5	tan4	tan4	赣			120000		
吃	tɕʰiɪʔ7	qiek6	chi1	赣			120000		
各	kɔʔ7	gok6	ge4	赣			140000		
吆	iau1	yau1	yao1	赣			104620		
合	kɪʔ7	gek6	he2	赣			120000		
合	xɪʔ8	hek7	he2	赣			120000		
吉	tɕiɪʔ7	jiek6	ji2	赣			175000		
吊	tiau5	diau4	diao4	赣			145000		
同	tʰəŋ2	teng2	tong2	赣			370000		
名	mien2	miên2	ming2	赣			120000		
后	xəu6	heu5	hou4	赣			374793		
吏	li6	li5	li4	赣			103563		
吐	tʰu5	tu4	tu3	赣			170000		
向	ɕian5	xian4	xiang4	赣			225000		
吓	xɛʔ7	hêk6	xia4	赣			120000		
吕	luɛ3	luê3	lv3	赣			120000		
君	tɕyn1	jyun1	jun1	赣			120000		
吝	lien6	liên5	lin4	赣			102803		
否	fəu3	feu3	fou3	赣			155000		
含	xan2	han2	han2	赣			130000		
听	tʰien1	tiên1	ting1	赣			120000		
听	tʰien5	tiên4	ting1	赣			120000		
启	tɕʰi3	qi3	qi3	赣			120000		
吴	ŋ̍2	ng2	wu2	赣			245000		
吵	tsʰau3	cau3	chao3	赣			120000		
吸	ɕiɪʔ7	xiek6	xi1	赣			120000		
吹	tɕʰy1	qyu1	chui1	赣			120000		
吻	uen3	wên3	wen3	赣			145000		
吼	xəu3	heu3	hou3	赣			130000		
吾	u2	wu2	wu2	赣			120000		
呆	tai1	dai1	dai1	赣			120000		
呆	ŋai2	ngai2	dai1	赣			120000		
呈	tsʰen2	cên2	cheng2	赣			125000		
告	kau5	gau4	gao4	赣			120000		
呕	ŋəu3	ngeu3	ou3	赣			170000		
员	yɛn2	yuên2	yuan2	赣			225000		
周	tɕiəu1	jieu1	zhou1	赣			370000		
味	uei6	wêi5	wei4	赣			145000		
呼	fu1	fu1	hu1	赣			120000		
命	mien6	miên5	ming4	赣			120000		
和	xo2	ho2	he2	赣			805815		
和	xo6	ho5	he2	赣			805815		
咏	yn3	yun3	yong3	赣			120000		
咒	tɕiəu5	jieu4	zhou4	赣			145000		
咨	tsɿ1	zï1	zi1	赣			102506		
咳	kʰai5	kai4	ke2	赣			120000		
咸	xan2	han2	xian2	赣			120000		
咽	iɛn1	yên1	yan4	赣			104563		
哀	ŋai1	ngai1	ai1	赣			120000		
品	pʰien3	piên3	pin3	赣			145000		
哄	xəŋ3	heng3	hong3	赣			125000		
响	ɕian3	xian3	xiang3	赣			120000		
哑	ŋa3	nga3	ya3	赣			120000		
哥	ko1	go1	ge1	赣			145000		
哪	na6	na5	na3	赣			265000		
哭	kʰuəʔ7	kuek6	ku1	赣			145000		
哽	kɛn3	gên3	geng3	赣	噎	ye1	90000		
唆	so1	so1	suo1	赣	嗦	suo5	175000		
唇	ɕyn2	xyun2	chun2	赣			150000		
唐	tʰan2	tan2	tang2	赣			120000		
唤	xuan5	huan4	huan4	赣			120000		
唯	uei3	wêi3	wei2	赣			105512		
唱	tsʰan5	can4	chang4	赣			120000		
唾	tʰo5	to4	tuo4	赣			103590		
商	san1	san1	shang1	赣			120000		
啼	tʰi2	ti2	ti2	赣			120000		
喂	uei6	wêi5	wei4	赣			120000		
善	sɛn6	sên5	shan4	赣			120000		
喉	xəu2	heu2	hou2	赣			125000		
喊	xan3	han3	han3	赣			120000		
喘	tɕʰyɛn3	qyuên3	chuan3	赣			145000		
喜	ɕi3	xi3	xi3	赣			130000		
喝	xɔʔ7	hok6	he1	赣			135000		
喧	ɕyɛn1	xyuên1	xuan1	赣			120000		
喷	pʰen1	pên1	pen1	赣			170000		
喷	pʰen5	pên4	pen1	赣			170000		
喻	y6	yu5	yu4	赣			120000		
嗅	ɕiəu5	xieu4	xiu4	赣			120000		
嗉	su5	su4	su4	赣			79215		
嗓	san3	san3	sang3	赣			120000		
嗤	tʃʰɿ1	qï1	chi1	赣			77494		
嗽	suo5	suo4	sou4	赣			102097		
嘉	ka1	ga1	jia1	赣			120000		
嘘	ɕy1	xyu1	xu1	赣			90000		
嘚	tɛ1	dê1	de1	赣			120000		
嘱	tsuəʔ7	zuek6	zhu3	赣			120000		
嘴	tɕi3	ji3	zui3	赣			120000		
器	tɕʰi5	qi4	qi4	赣			120000		
嚣	ɕiau1	xiau1	xiao1	赣			145000		
嚷	nian6	nian5	rang3	赣			105287		
嚼	tɕʰiaʔ7	qiak6	jue2	赣			225000		
囊	nan2	nan2	nang2	赣			120000		
囚	tɕʰiəu2	qieu2	qiu2	赣			120000		
四	sɿ5	sï4	si4	赣			360000		
回	xuei2	hui2	hui2	赣			285000		
因	ien1	yên1	yin1	赣			120000		
团	tʰuɔŋ2	tuong2	tuan2	赣			120000		
囥	kʰɔŋ5	kong4	kang4	赣	藏	cang2	120000		
园	yɛn2	yuên2	yuan2	赣			145000		
困	kʰuen5	kun4	kun4	赣			120000		
囱	tsʰəŋ1	ceng1	cong1	赣			120000		
围	uei2	wêi2	wei2	赣			120000		
固	ku5	gu4	gu4	赣			120000		
国	kuɛʔ7	guêk6	guo2	赣			329470		
图	tʰu2	tu2	tu2	赣			165000		
圆	yɛn2	yuên2	yuan2	赣			170000		
圈	tɕʰyɛn1	qyuên1	quan1	赣			225000		
土	tʰu3	tu3	tu3	赣			145000		
圣	sen5	sên4	sheng4	赣			120000		
在	tsʰai6	cai5	zai4	赣			431978		
圭	kuei1	gui1	gui1	赣			72578		
地	tʰi6	ti5	di4	赣			370541		
场	tsʰan2	can2	chang3	赣			145000		
址	tʃɿ3	jï3	zhi3	赣			120000		
均	tɕyn1	jyun1	jun1	赣			155000		
坎	kʰan1	kan1	kan3	赣			120000		
坏	xuai6	huai5	huai4	赣			205000		
坐	tsʰo1	co1	zuo4	赣			175000		
坑	kʰɛn1	kên1	keng1	赣			120000		
块	kʰuai5	kuai4	kuai4	赣			170000		
坚	tɕiɛn1	jiên1	jian1	赣			120000		
坛	tʰan2	tan2	tan2	赣			120000		
坞	u1	wu1	wu4	赣			70980		
坟	fen2	fên2	fen2	赣			120000		
坠	tɕʰy6	qyu5	zhui4	赣			120000		
坡	po1	bo1	po1	赣			120000		
坤	kʰuen1	kun1	kun1	赣			120000		
坦	tʰan3	tan3	tan3	赣			120000		
坪	pʰien2	piên2	ping2	赣			120000		
坯	pʰei1	pêi1	pi1	赣			104096		
坳	ŋau1	ngau1	ao4	赣			72351		
垂	tsʰuei2	cui2	chui2	赣			120000		
垅	ləŋ3	leng3	long3	赣			120000		
型	ɕien2	xiên2	xing2	赣			106597		
垒	luei3	lui3	lei3	赣			102790		
垦	kʰen2	kên2	ken3	赣			120000		
垫	tsʰɪʔ8	cek7	dian4	赣			170000		
垫	tʰiɛn6	tiên5	dian4	赣			170000		
垮	kʰua3	kua3	kua3	赣			145000		
埂	kʰen2	kên2	geng3	赣			150200		
埃	ŋai1	ngai1	ai1	赣			120000		
城	sen2	sên2	cheng2	赣			120000		
城	tsʰen2	cên2	cheng2	赣			120000		
域	yɪʔ8	yuek7	yu4	赣			195000		
埠	pʰu6	pu5	bu4	赣			145000		
培	pʰei2	pêi2	pei2	赣			109684		
基	tɕi1	ji1	ji1	赣			120000		
堂	tʰan2	tan2	tang2	赣			120000		
堆	tei1	dêi1	dui1	赣			195000		
堡	pau3	bau3	bao3	赣			120000		
堤	tʰi2	ti2	di1	赣			120000		
堪	kʰan1	kan1	kan1	赣			145000		
堵	tu3	du3	du3	赣			120000		
塌	tʰaʔ7	tak6	ta1	赣			120000		
塍	sen5	sên4	cheng2	赣			120000		
塑	su5	su4	su4	赣			120000		
塔	tʰaʔ7	tak6	ta3	赣			120000		
塘	tʰan2	tan2	tang2	赣			120000		
塞	sɛʔ7	sêk6	sai1	赣			230000		
填	tʰiɛn2	tiên2	tian2	赣			180000		
境	tɕien5	jiên4	jing4	赣			120000		
墙	tɕʰian2	qian2	qiang2	赣			120000		
增	tsɛn1	zên1	zeng1	赣			120000		
墟	ɕy1	xyu1	xu1	赣			109731		
墨	mɛʔ8	mêk7	mo4	赣			120000		
壁	piɪʔ7	biek6	bi4	赣			120000		
壕	xau2	hau2	hao2	赣			90000		
士	sɿ6	sï5	shi4	赣			145000		
壬	ien2	yên2	ren2	赣			120000		
壮	tɕyɔŋ5	jyuong4	zhuang4	赣			120000		
声	sen1	sên1	sheng1	赣			120000		
壳	kʰɔʔ7	kok6	ke2	赣			145000		
壶	fu2	fu2	hu2	赣			120000		
处	tɕʰy3	qyu3	chu4	赣			370000		
处	tɕʰy5	qyu4	chu4	赣			370000		
备	pʰi6	pi5	bei4	赣			120000		
复	fuəʔ7	fuek6	fu4	赣			195000		
夏	xa6	ha5	xia4	赣			120000		
夕	ɕiɪʔ7	xiek6	xi1	赣			120000		
外	ŋai6	ngai5	wai4	赣			260000		
多	to1	do1	duo1	赣			390000		
夜	iɛ6	yê5	ye4	赣			225000		
够	kəu5	geu4	gou4	赣			205000		
大	tʰai6	tai5	da4	赣			394099		
天	tʰiɛn1	tiên1	tian1	赣			250000		
太	tʰai5	tai4	tai4	赣			370000		
夫	fu1	fu1	fu1	赣			145000		
央	ian1	yan1	yang1	赣			120000		
失	sɪʔ7	sek6	shi1	赣			125000		
头	tʰiəu2	tieu2	tou2	赣			245000		
夷	i2	yi2	yi2	赣			120000		
夸	kʰua1	kua1	kua1	赣			120000		
夹	kaʔ8	gak7	jia1	赣			255000		
夺	tʰuɔʔ7	tuok6	duo2	赣			195000		
奇	tɕʰi2	qi2	qi2	赣			145000		
奈	nai6	nai5	nai4	赣			120000		
奉	fəŋ6	feng5	feng4	赣			120000		
奋	fen5	fên4	fen4	赣			120000		
奎	kʰuei1	kui1	kui2	赣			90000		
奏	tɕiəu5	jieu4	zou4	赣			120000		
契	tɕʰi5	qi4	qi4	赣			120000		
奔	pen1	bên1	ben1	赣			120000		
奖	tɕian3	jian3	jiang3	赣			120000		
套	tʰau5	tau4	tao4	赣			125000		
奠	tʰiɛn6	tiên5	dian4	赣			120000		
奢	sɛ1	sê1	she1	赣			120000		
奥	au5	au4	ao4	赣			155000		
女	ȵy3	nyu3	nv3	赣			120000		
奴	nu2	nu2	nu2	赣			120000		
奶	nai1	nai1	nai3	赣			120000		
奸	kan1	gan1	jian1	赣			120000		
好	xau3	hau3	hao3	赣			370000		
好	xau5	hau4	hao3	赣			370000		
如	y2	yu2	ru2	赣			120000		
妃	fi1	fi1	fei1	赣			145000		
妄	uɔŋ1	wong1	wang4	赣			108099		
妇	fu6	fu5	fu4	赣			120000		
妈	ma1	ma1	ma1	赣			145000		
妒	tu5	du4	du4	赣			120000		
妓	tɕʰi6	qi5	ji4	赣			120000		
妖	iau1	yau1	yao1	赣			120000		
妗	tɕʰien1	qiên1	jin4	赣			106577		
妗	tɕʰien2	qiên2	jin4	赣			106577		
妙	miau6	miau5	miao4	赣			145000		
妥	tʰo3	to3	tuo3	赣			145000		
妨	fɔŋ2	fong2	fang2	赣			120000		
妹	mei6	mêi5	mei4	赣			130000		
妻	tɕʰi1	qi1	qi1	赣			120000		
妾	tɕʰiɛʔ7	qiêk6	qie4	赣			120000		
姆	m̩1	m1	mu3	赣			145000		
姊	tɕi3	ji3	zi3	赣			120000		
始	ʃɿ3	xï3	shi3	赣			120000		
姐	tɕiɛ3	jiê3	jie3	赣			145000		
姑	ku1	gu1	gu1	赣			120000		
姓	ɕien5	xiên4	xing4	赣			120000		
委	uei3	wêi3	wei3	赣			140000		
姚	iau2	yau2	yao2	赣			120000		
姜	tɕian1	jian1	jiang1	赣			145000		
姨	i2	yi2	yi2	赣			120000		
姿	tsɿ1	zï1	zi1	赣			120000		
威	uei1	wêi1	wei1	赣			120000		
娇	tɕiau1	jiau1	jiao1	赣			120000		
娘	nian2	nian2	niang2	赣			120000		
娠	sen1	sên1	shen1	赣			90000		
娩	miɛn3	miên3	mian3	赣			75136		
娱	ȵy2	nyu2	yu2	赣			101372		
娶	tɕʰi3	qi3	qu3	赣			120000		
婆	pʰo2	po2	po2	赣			140000		
婚	fen1	fên1	hun1	赣			120000		
婴	ien1	yên1	ying1	赣			145000		
婶	sen5	sên4	shen3	赣			145000		
婿	ɕi5	xi4	xu4	赣			120000		
媒	mei2	mêi2	mei2	赣			145000		
媚	mi6	mi5	mei4	赣			108107		
媳	ɕiɪʔ7	xiek6	xi2	赣			120000		
嫁	ka5	ga4	jia4	赣			145000		
嫂	sau3	sau3	sao3	赣			120000		
嫌	ɕiɛn2	xiên2	xian2	赣			145000		
嫖	pʰiau2	piau2	piao2	赣			90000		
嫡	tiɪʔ7	diek6	di2	赣			90000		
嫩	nen6	nên5	nen4	赣			260000		
嬉	ɕi1	xi1	xi1	赣	玩	wan2	78730		
孀	ɕyɔŋ1	xyuong1	shuang1	赣			76005		
子	tsɿ3	zï3	zi5	赣			450000		
孔	kʰəŋ3	keng3	kong3	赣			170000		
孕	ien6	yên5	yun4	赣			120000		
字	tsʰɿ6	cï5	zi4	赣			380000		
存	tsʰen2	cên2	cun2	赣			170000		
孙	sen1	sên1	sun1	赣			120000		
孝	xau5	hau4	xiao4	赣			145000		
孟	mɛn6	mên5	meng4	赣			120000		
孟	y2	yu2	meng4	赣			120000		
季	tɕi5	ji4	ji4	赣			120000		
孤	ku1	gu1	gu1	赣			120000		
学	xɔʔ8	hok7	xue2	赣			370000		
孩	xai2	hai2	hai2	赣			120000		
孵	fu1	fu1	fu1	赣			100877		
孽	ȵiɛʔ8	niêk7	nie4	赣			120000		
宁	lien2	liên2	ning2	赣			120000		
宁	lien6	liên5	ning2	赣			120000		
宅	tsʰɛʔ8	cêk7	zhai2	赣			145000		
宇	y3	yu3	yu3	赣			120000		
守	ɕiəu3	xieu3	shou3	赣			120000		
安	ŋɔŋ1	ngong1	an1	赣			245000		
宋	səŋ5	seng4	song4	赣			145000		
完	uan2	wan2	wan2	赣			120000		
宏	xəŋ2	heng2	hong2	赣			125000		
宕	tʰan6	tan5	dang4	赣			75870		
宗	tsəŋ1	zeng1	zong1	赣			170000		
官	kuan1	guan1	guan1	赣			120000		
宙	tɕʰiəu6	qieu5	zhou4	赣			104086		
定	tʰien6	tiên5	ding4	赣			120000		
宜	ȵi2	ni2	yi2	赣			120000		
宝	pau3	bau3	bao3	赣			170000		
实	sɪʔ8	sek7	shi2	赣			350000		
审	sen5	sên4	shen3	赣			120000		
客	kʰɛʔ7	kêk6	ke4	赣			120000		
室	sɪʔ7	sek6	shi4	赣			120000		
宦	fan5	fan4	huan4	赣			100325		
宪	ɕiɛn5	xiên4	xian4	赣			170000		
宫	kəŋ1	geng1	gong1	赣			125000		
宰	tsai3	zai3	zai3	赣			120000		
害	xai6	hai5	hai4	赣			120000		
宴	iɛn5	yên4	yan4	赣			120000		
宵	ɕiau1	xiau1	xiao1	赣			120000		
家	ka1	ga1	jia1	赣			370000		
容	yŋ2	yung2	rong2	赣			150000		
宽	kʰuan1	kuan1	kuan1	赣			125000		
宾	pien1	biên1	bin1	赣			120000		
宿	suəʔ7	suek6	su4	赣			125000		
寂	tɕʰiɪʔ7	qiek6	ji4	赣			103382		
寄	tɕi5	ji4	ji4	赣			120000		
寅	ien2	yên2	yin2	赣			120000		
密	miɪʔ7	miek6	mi4	赣			120000		
寇	kʰəu5	keu4	kou4	赣			120000		
富	fu5	fu4	fu4	赣			150000		
寒	xɔŋ2	hong2	han2	赣			120000		
寓	y6	yu5	yu4	赣			106824		
寝	tɕʰien3	qiên3	qin3	赣			120000		
寞	mɔʔ7	mok6	mo4	赣			120000		
察	tsʰaʔ7	cak6	cha2	赣			120000		
寡	kua3	gua3	gua3	赣			120000		
寥	liau6	liau5	liao2	赣			108111		
寨	sai6	sai5	zhai4	赣			120000		
寸	tsʰen5	cên4	cun4	赣			120000		
对	tei5	dêi4	dui4	赣			434674		
寻	tɕʰien2	qiên2	xun2	赣			120000		
导	tʰau5	tau4	dao3	赣			195000		
寿	ɕiəu6	xieu5	shou4	赣			145000		
封	fəŋ1	feng1	feng1	赣			120000		
射	sɛ6	sê5	she4	赣			120000		
将	tɕian1	jian1	jiang1	赣			372305		
将	tɕian5	jian4	jiang1	赣			372305		
尊	tsen1	zên1	zun1	赣			120000		
小	ɕiau3	xiau3	xiao3	赣			370000		
少	sau3	sau3	shao3	赣			370000		
少	sau5	sau4	shao3	赣			370000		
尖	tɕiɛn1	jiên1	jian1	赣			145000		
尘	tsʰen2	cên2	chen2	赣			130000		
尚	san6	san5	shang4	赣			120000		
尝	san2	san2	chang2	赣			145000		
尤	iəu2	yeu2	you2	赣			145000		
尧	ȵiau2	niau2	yao2	赣			175000		
尬	kai5	gai4	ga4	赣			120000		
就	tɕʰiəu6	qieu5	jiu4	赣			523122		
尴	kan1	gan1	gan1	赣			120000		
尸	ʃɿ1	xï1	shi1	赣			123000		
尺	tsʰɪʔ7	cek6	chi3	赣			120000		
尼	ȵi2	ni2	ni2	赣			120000		
尽	tɕʰien6	qiên5	jin3	赣			120000		
尾	mi3	mi3	wei3	赣			120000		
尾	uei3	wêi3	wei3	赣			120000		
尿	ȵiau6	niau5	niao4	赣			130000		
局	tɕʰyəʔ8	qyuek7	ju2	赣			120000		
屁	pʰi5	pi4	pi4	赣			120000		
层	tsʰen2	cên2	ceng2	赣			330000		
居	tɕy1	jyu1	ju1	赣			120000		
屈	tɕʰyɛʔ7	qyuêk6	qu1	赣			120000		
屉	tʰi5	ti4	ti4	赣			120000		
届	kai5	gai4	jie4	赣			120000		
屋	uəʔ7	wek6	wu1	赣			120000		
屎	ʃɿ3	xï3	shi3	赣			155000		
屏	pʰien2	piên2	ping2	赣			150000		
屑	ɕiɛʔ7	xiêk6	xie4	赣			145000		
展	tsan3	zan3	zhan3	赣			261054		
属	suəʔ8	suek7	shu3	赣			120000		
屠	tʰu2	tu2	tu2	赣			120000		
屡	luɛ6	luê5	lv3	赣			120000		
履	li6	li5	lv3	赣			120000		
屯	tɛen2	dên2	tun2	赣			106208		
山	san1	san1	shan1	赣			245000		
岁	ɕi5	xi4	sui4	赣			120000		
岂	tɕʰi3	qi3	qi3	赣			120000		
岐	tɕʰi2	qi2	qi2	赣			73440		
岑	tsʰen2	cên2	cen2	赣			90000		
岔	tsʰa5	ca4	cha4	赣			120000		
岗	kɔŋ1	gong1	gang3	赣			120000		
岛	tau3	dau3	dao3	赣			120000		
岩	ŋan2	ngan2	yan2	赣			100329		
岭	lien3	liên3	ling3	赣			120000		
岳	ŋɔʔ8	ngok7	yue4	赣			120000		
岸	ŋɔŋ6	ngong5	an4	赣			120000		
峡	xaʔ8	hak7	xia2	赣			170000		
峰	fəŋ1	feng1	feng1	赣			120000		
崇	tsʰəŋ2	ceng2	chong2	赣			120000		
崔	tsʰuei1	cui1	cui1	赣			120000		
崩	pəŋ1	beng1	beng1	赣			220000		
嵌	kʰan1	kan1	qian4	赣			120000		
嵩	səŋ1	seng1	song1	赣			90000		
川	tɕʰyɛn1	qyuên1	chuan1	赣			120000		
州	tɕiəu1	jieu1	zhou1	赣			245000		
巡	ɕyn2	xyun2	xun2	赣			120000		
巢	tsʰau2	cau2	chao2	赣			120000		
工	kəŋ1	geng1	gong1	赣			220000		
左	tso3	zo3	zuo3	赣			145000		
巧	tɕʰiau3	qiau3	qiao3	赣			120000		
巨	tɕʰy6	qyu5	ju4	赣			120000		
巩	kəŋ3	geng3	gong3	赣			108130		
巫	u1	wu1	wu1	赣			120000		
差	tsʰa1	ca1	cha4	赣			120000		
差	tsʰai1	cai1	cha4	赣			120000		
已	i3	yi3	yi3	赣			210000		
已	tɕi3	ji3	yi3	赣			210000		
巳	tsʰɿ6	cï5	si4	赣			145000		
巴	pa1	ba1	ba1	赣			120000		
巷	xɔŋ6	hong5	xiang4	赣			120000		
巾	tɕien1	jiên1	jin1	赣			120000		
币	pʰi6	pi5	bi4	赣			265000		
市	ʃɿ6	xï5	shi4	赣			160000		
布	pu5	bu4	bu4	赣			130000		
帅	sai5	sai4	shuai4	赣			120000		
帆	fan1	fan1	fan1	赣			120000		
师	sɿ1	sï1	shi1	赣			120000		
希	ɕi1	xi1	xi1	赣			120000		
帕	pʰa5	pa4	pa4	赣			108828		
帕	pʰɛʔ7	pêk6	pa4	赣			108828		
帖	tʰiɛʔ7	tiêk6	tie1	赣			160000		
帘	liɛn2	liên2	lian2	赣			145000		
帚	tɕiəu3	jieu3	zhou3	赣			170000		
帛	pʰɛʔ8	pêk7	bo2	赣			90000		
帝	ti5	di4	di4	赣			145000		
带	tai3	dai3	dai4	赣			370000		
带	tai5	dai4	dai4	赣			370000		
席	tɕʰiɪʔ8	qiek7	xi2	赣			120000		
帮	pɔŋ1	bong1	bang1	赣			170000		
常	san2	san2	chang2	赣			120000		
帽	mau6	mau5	mao4	赣			120000		
幅	fuəʔ7	fuek6	fu2	赣			145000		
幕	mɔʔ7	mok6	mu4	赣			121000		
干	kɔŋ1	gong1	gan4	赣			125000		
干	kɔŋ5	gong4	gan4	赣			125000		
干	tɕʰiɛn2	qiên2	gan4	赣			125000		
平	pʰien2	piên2	ping2	赣			120000		
年	ȵiɛn2	niên2	nian2	赣			498559		
并	pʰien6	piên5	bing4	赣			415230		
幸	ɕien6	xiên5	xing4	赣			120000		
幺	iau1	yau1	yao1	赣			76187		
幻	fan6	fan5	huan4	赣			120000		
幼	iəu5	yeu4	you4	赣			120000		
幽	iəu1	yeu1	you1	赣			145000		
广	kuɔŋ3	guong3	guang3	赣			120000		
庄	tɕyɔŋ1	jyuong1	zhuang1	赣			120000		
庆	tɕʰien5	qiên4	qing4	赣			120000		
庇	pi5	bi4	bi4	赣			106922		
床	ɕyɔŋ2	xyuong2	chuang2	赣			120000		
序	ɕi6	xi5	xu4	赣			170000		
庐	lu2	lu2	lu2	赣			120000		
库	kʰu5	ku4	ku4	赣			310000		
应	ien5	yên4	ying1	赣			120000		
底	ti3	di3	di3	赣			245000		
店	tiɛn5	diên4	dian4	赣			195000		
庙	miau6	miau5	miao4	赣			120000		
庚	ken1	gên1	geng1	赣			120000		
府	fu3	fu3	fu3	赣			120000		
庞	pʰɔŋ2	pong2	pang2	赣			109027		
废	fei5	fêi4	fei4	赣			120000		
度	tʰu6	tu5	du4	赣			386023		
座	tsʰo6	co5	zuo4	赣			120000		
庭	tʰien2	tiên2	ting2	赣			120000		
庵	ŋan1	ngan1	an1	赣			120000		
庶	ɕy5	xyu4	shu4	赣			120000		
康	kʰɔŋ1	kong1	kang1	赣			120000		
庸	yŋ2	yung2	yong1	赣			120000		
廉	liɛn2	liên2	lian2	赣			120000		
廊	lan2	lan2	lang2	赣			120000		
廓	kʰuɔʔ7	kuok6	kuo4	赣			120000		
廖	liau6	liau5	liao4	赣			90000		
延	iɛn2	yên2	yan2	赣			125000		
建	tɕiɛn5	jiên4	jian4	赣			120000		
开	kʰai1	kai1	kai1	赣			370000		
弃	tɕʰi5	qi4	qi4	赣			101620		
弄	ləŋ6	leng5	nong4	赣			170000		
弊	pʰi6	pi5	bi4	赣			120000		
式	sɛʔ7	sêk6	shi4	赣			120000		
弓	kəŋ1	geng1	gong1	赣			145000		
引	ien3	yên3	yin3	赣			120000		
弘	xəŋ2	heng2	hong2	赣			120000		
弟	tʰi1	ti1	di4	赣			120000		
张	tsan1	zan1	zhang1	赣			170000		
弥	mi2	mi2	mi2	赣			120000		
弦	ɕyɛn2	xyuên2	xian2	赣			120000		
弯	uan1	wan1	wan1	赣			120000		
弱	ȵiaʔ7	niak6	ruo4	赣			120000		
弹	tʰan6	tan5	dan4	赣			135000		
强	tɕʰian2	qian2	qiang2	赣			120000		
强	tɕʰian6	qian5	qiang2	赣			120000		
弼	pʰiɪʔ8	piek7	bi4	赣			90000		
归	kuei1	gui1	gui1	赣			120000		
当	tan1	dan1	dang1	赣			370000		
当	tan5	dan4	dang1	赣			370000		
录	luəʔ8	luek7	lu4	赣			120000		
形	ɕien2	xiên2	xing2	赣			145000		
彪	piau1	biau1	biao1	赣			170000		
彬	pien1	biên1	bin1	赣			120000		
彭	pɛn2	bên2	peng2	赣			120000		
影	ien3	yên3	ying3	赣			120000		
彷	fɔŋ3	fong3	pang2	赣			90000		
彻	tsʰaʔ7	cak6	che4	赣			120000		
彼	pi3	bi3	bi3	赣			120000		
往	uɔŋ3	wong3	wang3	赣			245000		
征	tsen1	zên1	zheng1	赣			120000		
径	tɕien5	jiên4	jing4	赣			120000		
待	tʰai6	tai5	dai4	赣			205000		
很	xen3	hên3	hen3	赣			235000		
律	liɪʔ8	liek7	lv4	赣			245000		
徐	tɕʰi2	qi2	xu2	赣			120000		
徒	tʰu2	tu2	tu2	赣			120000		
得	tɛʔ7	dêk6	de2	赣			384479		
徙	ɕi3	xi3	xi3	赣			120000		
徛	tɕʰi1	qi1	ji4	赣			120000		
御	y6	yu5	yu4	赣			102098		
循	ɕyn2	xyun2	xun2	赣			120000		
微	uei2	wêi2	wei1	赣			120000		
德	tɛʔ7	dêk6	de2	赣			124589		
徽	fei1	fêi1	hui1	赣			120000		
心	ɕien1	xiên1	xin1	赣			195000		
必	piɪʔ7	biek6	bi4	赣			145000		
忆	i5	yi4	yi4	赣			120000		
忌	tɕʰi6	qi5	ji4	赣			125000		
忍	ien3	yên3	ren3	赣			120000		
忒	tʰɛʔ7	têk6	te4	赣			90000		
忖	tsʰen5	cên4	cun3	赣	思考	si1 kao3	74109		
志	tʃɿ5	jï4	zhi4	赣			120000		
忘	uɔŋ1	wong1	wang4	赣			120000		
忙	mɔŋ2	mong2	mang2	赣			220000		
忠	tɕyŋ1	jyung1	zhong1	赣			120000		
忧	iəu1	yeu1	you1	赣			120000		
快	kʰuai5	kuai4	kuai4	赣			280000		
念	ȵiɛn6	niên5	nian4	赣			220000		
忽	xuəʔ7	huek6	hu1	赣			196400		
忿	fen5	fên4	fen4	赣			109322		
怀	xuai2	huai2	huai2	赣			120000		
态	tʰai5	tai4	tai4	赣			120000		
怂	tsʰəŋ3	ceng3	song3	赣			73515		
怄	ŋəu5	ngeu4	ou4	赣	蹲	dun1	120000		
怒	nu6	nu5	nu4	赣			120000		
怕	pʰa5	pa4	pa4	赣			255000		
怖	pu5	bu4	bu4	赣			100831		
怜	liɛn2	liên2	lian2	赣			120000		
思	sɿ1	sï1	si1	赣			120000		
怠	tʰai6	tai5	dai4	赣			120000		
怡	i2	yi2	yi2	赣			104962		
急	tɕiɪʔ7	jiek6	ji2	赣			250000		
性	ɕien5	xiên4	xing4	赣			120000		
怨	yɛn5	yuên4	yuan4	赣			120000		
怪	kuai5	guai4	guai4	赣			120000		
怯	tɕʰiɛʔ7	qiêk6	qie4	赣			120000		
总	tsəŋ3	zeng3	zong3	赣			370000		
恃	ʃɿ6	xï5	shi4	赣			107463		
恋	liɛn6	liên5	lian4	赣			120000		
恐	kʰəŋ3	keng3	kong3	赣			120000		
恒	xen2	hên2	heng2	赣			120000		
恕	ɕy5	xyu4	shu4	赣			104005		
恙	ian6	yan5	yang4	赣			76296		
恢	kʰuei1	kui1	hui1	赣			120000		
恤	ɕyɛʔ7	xyuêk6	xu4	赣			120000		
恨	xen6	hên5	hen4	赣			170000		
恩	ŋen1	ngên1	en1	赣			195000		
恭	kəŋ1	geng1	gong1	赣			120000		
息	ɕiɪʔ7	xiek6	xi1	赣			145000		
恳	kʰen2	kên2	ken3	赣			120000		
恶	u1	wu1	e4	赣			195000		
恶	ŋɔʔ7	ngok6	e4	赣			195000		
恼	nau3	nau3	nao3	赣			120000		
悄	tɕʰiau1	qiau1	qiao1	赣			106074		
悉	ɕiɪʔ7	xiek6	xi1	赣			108873		
悔	xuei5	hui4	hui3	赣			145000		
悟	ŋ̍6	ng5	wu4	赣			120000		
悠	iəu1	yeu1	you1	赣			120000		
患	fan6	fan5	huan4	赣			120000		
悦	yɛʔ8	yuêk7	yue4	赣			120000		
悬	ɕiɛn2	xiên2	xuan2	赣			120000		
悬	ɕiɛn6	xiên5	xuan2	赣			120000		
悯	mien3	miên3	min3	赣			120000		
悲	pei1	bêi1	bei1	赣			120000		
情	tɕʰien1	qiên1	qing2	赣			120000		
情	tɕʰien2	qiên2	qing2	赣			120000		
惊	tɕien1	jiên1	jing1	赣			120000		
惑	fɛʔ8	fêk7	huo4	赣			120000		
惚	xuəʔ7	huek6	hu1	赣			70107		
惜	ɕiɪʔ7	xiek6	xi1	赣			120000		
惟	uei2	wêi2	wei2	赣			145000		
惠	xuei6	hui5	hui4	赣			145000		
惧	tɕʰy6	qyu5	ju4	赣			104048		
惨	tsʰan3	can3	can3	赣			120000		
惩	tsʰen2	cên2	cheng2	赣			105794		
惭	tsʰan2	can2	can2	赣			120000		
惯	kuan5	guan4	guan4	赣			120000		
惰	tʰo6	to5	duo4	赣			120000		
想	ɕian3	xian3	xiang3	赣			120000		
惹	ȵiɛ3	niê3	re3	赣			200000		
愁	tɕʰiəu2	qieu2	chou2	赣			120000		
愈	y6	yu5	yu4	赣			102307		
愉	y2	yu2	yu2	赣			107329		
意	i5	yi4	yi4	赣			145000		
愚	ȵy2	nyu2	yu2	赣			120000		
感	ken3	gên3	gan3	赣			145000		
愤	fen5	fên4	fen4	赣			102996		
愧	kʰuei5	kui4	kui4	赣			120000		
愿	ȵyɛn6	nyuên5	yuan4	赣			120000		
慈	tsʰɿ2	cï2	ci2	赣			120000		
慎	sen6	sên5	shen4	赣			120000		
慕	mu6	mu5	mu4	赣			120000		
慢	man6	man5	man4	赣			220000		
慧	xuei6	hui5	hui4	赣			145000		
慨	kʰai5	kai4	kai3	赣			120000		
慰	uei5	wêi4	wei4	赣			120000		
慷	kʰɔŋ3	kong3	kang1	赣			100431		
憋	piɛʔ7	biêk6	bie1	赣			107553		
憎	tsɛn1	zên1	zeng1	赣			109637		
懂	təŋ3	deng3	dong3	赣			370000		
懊	au5	au4	ao4	赣			105404		
懒	lan3	lan3	lan3	赣			220000		
懵	məŋ3	meng3	meng3	赣			90000		
戈	kuo1	guo1	ge1	赣			100232		
戊	u6	wu5	wu4	赣			145000		
戎	yŋ2	yung2	rong2	赣			120000		
戏	ɕi5	xi4	xi4	赣			120000		
成	sen2	sên2	cheng2	赣			416686		
成	tsʰen2	cên2	cheng2	赣			416686		
成	ɕiɪʔ7	xiek6	cheng2	赣			416686		
我	ŋo3	ngo3	wo3	赣			578841		
戒	kai5	gai4	jie4	赣			120000		
或	fɛʔ8	fêk7	huo4	赣			135000		
战	tsɛn5	zên4	zhan4	赣			145000		
戚	tɕʰiɪʔ7	qiek6	qi1	赣			120000		
戟	tɕiɪʔ7	jiek6	ji3	赣			90000		
截	tɕʰiɛʔ7	qiêk6	jie2	赣			145000		
戳	tɕʰyɔʔ7	qyuok6	chuo1	赣			370000		
戴	tai5	dai4	dai4	赣			120000		
户	fu6	fu5	hu4	赣			170000		
戽	fu5	fu4	hu4	赣			78013		
房	fɔŋ2	fong2	fang2	赣			120000		
所	so3	so3	suo3	赣			370000		
扁	piɛn3	biên3	bian3	赣			120000		
扇	sɛn5	sên4	shan4	赣			120000		
手	ɕiəu3	xieu3	shou3	赣			370000		
才	tsʰai2	cai2	cai2	赣			384590		
扎	tsaʔ7	zak6	zha1	赣			120000		
扑	pʰuəʔ7	puek6	pu1	赣			120000		
打	ta3	da3	da3	赣			370000		
托	tʰuɔʔ7	tuok6	tuo1	赣			125000		
扛	kɔŋ1	gong1	kang2	赣	抬	tai2	145000		
扣	kʰəu5	keu4	kou4	赣			150000		
执	tsɪʔ7	zek6	zhi2	赣			120000		
扩	kʰuɔʔ7	kuok6	kuo4	赣			120000		
扫	sau5	sau4	sao3	赣			135000		
扬	ian2	yan2	yang2	赣			120000		
扭	ȵiəu3	nieu3	niu3	赣			120000		
扮	pan5	ban4	ban4	赣			120000		
扯	tsʰɛ3	cê3	che3	赣			120000		
扰	iau3	yau3	rao3	赣			120000		
扶	fu2	fu2	fu2	赣			120000		
批	pʰi1	pi1	pi1	赣			120000		
扼	ŋɛʔ7	ngêk6	e4	赣			109340		
找	tsau3	zau3	zhao3	赣			370000		
承	tsʰen2	cên2	cheng2	赣			120000		
技	tɕʰi6	qi5	ji4	赣			120000		
抄	tsʰau1	cau1	chao1	赣	背	bei4	145000		
把	pa3	ba3	ba3	赣	给	gei3	120000		
抑	iɪʔ7	yek6	yi4	赣			103709		
抓	tsua1	zua1	zhua1	赣			125000		
投	tʰiəu2	tieu2	tou2	赣			120000		
抖	tiəu3	dieu3	dou3	赣			120000		
抗	kʰɔŋ5	kong4	kang4	赣			120000		
折	tsɛʔ7	zêk6	zhe2	赣			120000		
抚	fu3	fu3	fu3	赣			120000		
抛	pʰau1	pau1	pao1	赣			120000		
抠	kʰəu1	keu1	kou1	赣			120000		
抢	tɕʰian3	qian3	qiang3	赣			120000		
护	fu6	fu5	hu4	赣			120000		
报	pau5	bau4	bao4	赣			180000		
披	pʰi1	pi1	pi1	赣			120000		
抬	tʰai2	tai2	tai2	赣			120000		
抱	pʰau1	pau1	bao4	赣			145000		
抵	ti3	di3	di3	赣			120000		
抹	mɔʔ7	mok6	mo3	赣			146366		
押	ŋaʔ7	ngak6	ya1	赣			125000		
抽	tɕʰiəu1	qieu1	chou1	赣			170000		
抿	mien3	miên3	min3	赣			120000		
担	tan1	dan1	dan1	赣			120000		
担	tan5	dan4	dan1	赣			120000		
拆	tsʰɛʔ7	cêk6	chai1	赣			145000		
拇	mu3	mu3	mu3	赣			170000		
拈	ȵiɛn2	niên2	nian1	赣			133000		
拉	la1	la1	la1	赣			370000		
拌	pʰɔŋ1	pong1	ban4	赣			120000		
拍	pɛʔ7	bêk6	pai1	赣			120000		
拍	pʰɛʔ7	pêk6	pai1	赣			120000		
拐	kuei3	gui3	guai3	赣			120000		
拔	pɔʔ7	bok6	ba2	赣			120000		
拔	pʰaʔ8	pak7	ba2	赣			120000		
拖	tʰo1	to1	tuo1	赣			170000		
拘	tɕy1	jyu1	ju1	赣			120000		
拙	tɕʰyɛʔ7	qyuêk6	zhuo1	赣			120000		
招	tsau1	zau1	zhao1	赣			125000		
拜	pai5	bai4	bai4	赣			120000		
拟	ȵi3	ni3	ni3	赣			130000		
拢	ləŋ3	leng3	long3	赣			350000		
拣	kan3	gan3	jian3	赣	选	xuan3	142340		
拥	yŋ3	yung3	yong1	赣			120000		
拦	lan2	lan2	lan2	赣			120000		
择	tsʰɛʔ8	cêk7	ze2	赣			145000		
拯	tsen3	zên3	zheng3	赣			120000		
拱	kəŋ3	geng3	gong3	赣			120000		
拳	tɕʰyɛn2	qyuên2	quan2	赣			145000		
拴	suɔŋ1	suong1	shuan1	赣			120000		
拼	pʰien1	piên1	pin1	赣			120000		
拾	sɪʔ8	sek7	shi2	赣			120000		
拿	na2	na2	na2	赣			370000		
持	tʃʰɿ2	qï2	chi2	赣			125000		
挂	kua5	gua4	gua4	赣			130000		
指	tʃɿ3	jï3	zhi3	赣			375000		
按	ŋɔŋ5	ngong4	an4	赣			370000		
挑	tʰiau1	tiau1	tiao1	赣			120000		
挖	uaʔ7	wak6	wa1	赣			135000		
挟	tɕʰiɛʔ7	qiêk6	xie2	赣			120000		
挠	ȵiau2	niau2	nao2	赣			109311		
挤	tɕi3	ji3	ji3	赣			120000		
挥	xuei1	hui1	hui1	赣			120000		
挨	ŋai1	ngai1	ai1	赣			145000		
挨	ŋai2	ngai2	ai1	赣			145000		
挪	no2	no2	nuo2	赣			120000		
挫	tsʰo5	co4	cuo4	赣			120000		
振	tsen5	zên4	zhen4	赣			120000		
挺	tʰien3	tiên3	ting3	赣			135000		
挽	uan3	wan3	wan3	赣			120000		
捆	kʰuen3	kun3	kun3	赣			120000		
捉	tɕyɔʔ7	jyuok6	zhuo1	赣			120000		
捋	luɔʔ8	luok7	lv3	赣			90000		
捎	sau1	sau1	shao1	赣			104816		
捏	ȵiɛʔ8	niêk7	nie1	赣			255000		
捐	tɕyɛn1	jyuên1	juan1	赣			120000		
捕	pʰu6	pu5	bu3	赣			106747		
捞	lau1	lau1	lao1	赣			145000		
损	sen3	sên3	sun3	赣			120000		
换	fan6	fan5	huan4	赣			350000		
捧	pʰəŋ3	peng3	peng3	赣			120000		
据	tɕy5	jyu4	ju4	赣			120000		
捷	tɕʰiɛʔ8	qiêk7	jie2	赣			120000		
捺	naʔ8	nak7	na4	赣	按	an4	120000		
掀	ɕiɛn1	xiên1	xian1	赣			120000		
掂	tiɛn5	diên4	dian1	赣			170000		
掇	tuɔʔ7	duok6	duo1	赣			132650		
授	ɕiəu6	xieu5	shou4	赣			145000		
掉	tʰiau6	tiau5	diao4	赣			370000		
掌	tsan3	zan3	zhang3	赣			145000		
掌	tsʰɛn5	cên4	zhang3	赣			145000		
掏	tʰau2	tau2	tao1	赣			120000		
排	pʰai2	pai2	pai2	赣			175000		
掘	tɕʰyɛʔ7	qyuêk6	jue2	赣			120000		
掠	liɛʔ7	liêk6	lve4	赣			106779		
探	tʰan5	tan4	tan4	赣			120000		
接	tɕiɛʔ7	jiêk6	jie1	赣			250000		
控	kʰəŋ3	keng3	kong4	赣			125000		
推	tʰei1	têi1	tui1	赣			120000		
掩	iɛn3	yên3	yan3	赣			120000		
措	tsʰuo5	cuo4	cuo4	赣			105010		
掬	tɕyəʔ7	jyuek6	ju1	赣			79255		
掭	tʰiɛn5	tiên4	tian4	赣			5674		
掸	tan3	dan3	dan3	赣			76597		
揉	iəu2	yeu2	rou2	赣			120000		
描	miau2	miau2	miao2	赣			120000		
提	tʰi2	ti2	ti2	赣			120000		
插	tsʰaʔ7	cak6	cha1	赣			120000		
揖	iɪʔ7	yek6	yi1	赣			90000		
揞	ŋan3	ngan3	an3	赣			1000		
握	uɔʔ7	wok6	wo4	赣			195000		
揢	kʰa1	ka1	ke2	赣			120000		
揩	kʰai1	kai1	kai1	赣			120000		
揪	tɕiəu1	jieu1	jiu1	赣			120000		
揭	tɕʰiɛʔ7	qiêk6	jie1	赣			120000		
援	yɛn2	yuên2	yuan2	赣			120000		
揽	lan3	lan3	lan3	赣			120000		
搀	tsʰan1	can1	chan1	赣			120000		
搁	kɔʔ7	gok6	ge1	赣			120000		
搅	kau3	gau3	jiao3	赣			120000		
搓	tsʰo1	co1	cuo1	赣			120000		
搛	tɕiɛn1	jiên1	jian1	赣			120000		
搜	ɕiəu1	xieu1	sou1	赣			130000		
搞	kau3	gau3	gao3	赣			239085		
搬	pɔŋ1	bong1	ban1	赣			120000		
搭	taʔ7	dak6	da1	赣			200000		
搽	tsʰa2	ca2	cha2	赣			120000		
摄	sɛʔ7	sêk6	she4	赣			105141		
摆	pai3	bai3	bai3	赣			145000		
摇	iau2	yau2	yao2	赣			145000		
摊	tʰan1	tan1	tan1	赣			120000		
摘	tsɛʔ7	zêk6	zhai1	赣			148904		
摞	lo6	lo5	luo4	赣			70007		
摩	mo2	mo2	mo2	赣			120000		
摸	mo1	mo1	mo1	赣			120000		
摹	mu2	mu2	mo2	赣			120000		
撇	pʰiɛʔ7	piêk6	pie1	赣			220000		
撑	tsʰɛn1	cên1	cheng1	赣			195000		
撒	saʔ7	sak6	sa1	赣			125000		
撕	tsɿ1	zï1	si1	赣			120000		
撞	tɕʰyɔŋ6	qyuong5	zhuang4	赣			120000		
撩	liau1	liau1	liao1	赣			120000		
撮	tsʰuɔʔ7	cuok6	cuo1	赣			120000		
撼	xan3	han3	han4	赣			120000		
擀	kɔŋ3	gong3	gan3	赣			4089		
操	tsʰau1	cau1	cao1	赣			150000		
擒	tɕʰien2	qiên2	qin2	赣			120000		
擖	kʰuaʔ7	kuak6	ka1	赣			5087		
擦	tsʰaʔ7	cak6	ca1	赣			145000		
攀	pʰan1	pan1	pan1	赣			120000		
攘	nian6	nian5	rang3	赣			70380		
支	tʃɿ1	jï1	zhi1	赣			120000		
收	ɕiəu1	xieu1	shou1	赣			145000		
改	kai3	gai3	gai3	赣			370000		
攻	kəŋ1	geng1	gong1	赣			120000		
放	fɔŋ5	fong4	fang4	赣			370000		
政	tsen5	zên4	zheng4	赣			120000		
故	ku5	gu4	gu4	赣			120000		
效	xau6	hau5	xiao4	赣			133508		
敌	tʰiɪʔ8	tiek7	di2	赣			120000		
敍	ɕi6	xi5	xu4	赣			120000		
敏	mien3	miên3	min3	赣			145000		
救	tɕiəu5	jieu4	jiu4	赣			145000		
教	kau5	gau4	jiao4	赣			310000		
敛	liɛn3	liên3	lian3	赣			106177		
敝	pʰi6	pi5	bi4	赣			90000		
敢	kan3	gan3	gan3	赣			120000		
散	san3	san3	san4	赣			200000		
散	san5	san4	san4	赣			200000		
敦	ten1	dên1	dun1	赣			120000		
敬	tɕien5	jiên4	jing4	赣			120000		
敲	kʰau1	kau1	qiao1	赣			120000		
整	tsen3	zên3	zheng3	赣			120000		
敷	fu1	fu1	fu1	赣			120000		
文	uen2	wên2	wen2	赣			448967		
斋	tsai1	zai1	zhai1	赣			120000		
斑	pan1	ban1	ban1	赣			120000		
斗	tiəu3	dieu3	dou4	赣			180000		
斗	tiəu5	dieu4	dou4	赣			180000		
料	liau6	liau5	liao4	赣			195000		
斜	ɕiɛ2	xiê2	xie2	赣			120000		
斟	tsen1	zên1	zhen1	赣			120000		
斤	tɕien1	jiên1	jin1	赣			120000		
斥	tsʰɪʔ7	cek6	chi4	赣			103945		
斧	fu3	fu3	fu3	赣			120000		
斩	tsan3	zan3	zhan3	赣			125000		
断	tuɔŋ5	duong4	duan4	赣			159979		
断	tʰuɔŋ1	tuong1	duan4	赣			159979		
斯	sɿ1	sï1	si1	赣			145000		
新	ɕien1	xiên1	xin1	赣			370000		
方	fɔŋ1	fong1	fang1	赣			245000		
施	ʃɿ1	xï1	shi1	赣			145000		
旁	pʰɔŋ2	pong2	pang2	赣			120000		
旅	li3	li3	lv3	赣			120000		
旋	ɕiɛn2	xiên2	xuan2	赣			120000		
族	tɕʰyəʔ8	qyuek7	zu2	赣			170000		
旗	tɕʰi2	qi2	qi2	赣			120000		
无	u2	wu2	wu2	赣			370000		
既	tɕi5	ji4	ji4	赣			155000		
日	ȵiɪʔ8	niek7	ri4	赣			120000		
旦	tan5	dan4	dan4	赣			145000		
旧	tɕʰiəu6	qieu5	jiu4	赣			370000		
旨	tʃɿ3	jï3	zhi3	赣			120000		
早	tsau3	zau3	zao3	赣			350000		
旬	ɕyn2	xyun2	xun2	赣			120000		
旱	xɔŋ6	hong5	han4	赣			120000		
时	ʃɿ2	xï2	shi2	赣			290000		
旷	kʰuɔŋ5	kuong4	kuang4	赣			120000		
旺	uɔŋ6	wong5	wang4	赣			120000		
昂	ŋɔŋ2	ngong2	ang2	赣			145000		
昆	kʰuen1	kun1	kun1	赣			120000		
昌	tsʰan1	can1	chang1	赣			156892		
明	mien2	miên2	ming2	赣			120000		
昏	fen1	fên1	hun1	赣			120000		
易	i6	yi5	yi4	赣			120000		
昔	ɕiɪʔ7	xiek6	xi1	赣			120000		
星	ɕien1	xiên1	xing1	赣			120000		
映	ien5	yên4	ying4	赣			120000		
春	tɕʰyn1	qyun1	chun1	赣			120000		
昧	mei6	mêi5	mei4	赣			100931		
昨	tsʰɔʔ7	cok6	zuo2	赣			120000		
昭	tsau1	zau1	zhao1	赣			120000		
是	ʃɿ1	xï1	shi4	赣			1046991		
昼	tɕiəu5	jieu4	zhou4	赣			175000		
显	ɕiɛn3	xiên3	xian3	赣			175000		
晃	fɔŋ3	fong3	huang3	赣			166738		
晋	tɕien5	jiên4	jin4	赣			120000		
晏	ŋan5	ngan4	yan4	赣			120000		
晒	sa5	sa4	shai4	赣			120000		
晓	ɕiau3	xiau3	xiao3	赣			145000		
晕	yn6	yun5	yun1	赣			120000		
晚	uan3	wan3	wan3	赣			190000		
晦	xuei5	hui4	hui4	赣			105665		
晨	sen2	sên2	chen2	赣			125000		
普	pʰu3	pu3	pu3	赣			145000		
景	tɕien3	jiên3	jing3	赣			120000		
晴	tɕʰien2	qiên2	qing2	赣			120000		
晶	tɕien1	jiên1	jing1	赣			120000		
智	tʃɿ5	jï4	zhi4	赣			120000		
暂	tsʰan6	can5	zan4	赣			120000		
暇	xa6	ha5	xia2	赣			108856		
暑	ɕy3	xyu3	shu3	赣			150000		
暖	nuɔŋ3	nuong3	nuan3	赣			120000		
暗	ŋen5	ngên4	an4	赣			145000		
暮	mu6	mu5	mu4	赣			120000		
暴	pʰau6	pau5	bao4	赣			120000		
曝	pʰuəʔ8	puek7	pu4	赣			120000		
曰	yɛʔ8	yuêk7	yue1	赣			160000		
曲	tɕʰyəʔ7	qyuek6	qu1	赣			145000		
更	kɛn1	gên1	geng4	赣			120000		
更	kɛn5	gên4	geng4	赣			120000		
曹	tsʰau2	cau2	cao2	赣			120000		
曾	tsɛn1	zên1	ceng2	赣			120000		
曾	tsʰɛn2	cên2	ceng2	赣			120000		
替	tʰi5	ti4	ti4	赣			120000		
最	tsuei5	zui4	zui4	赣			370000		
月	ȵyɛʔ8	nyuêk7	yue4	赣			120000		
有	iəu3	yeu3	you3	赣			673765		
朋	pʰəŋ2	peng2	peng2	赣			120000		
服	fuəʔ8	fuek7	fu2	赣			140000		
朔	suɔʔ7	suok6	shuo4	赣			71491		
朗	lan6	lan5	lang3	赣			120000		
望	uɔŋ6	wong5	wang4	赣			120000		
朝	tsau1	zau1	chao2	赣			120000		
朝	tsʰau2	cau2	chao2	赣			120000		
期	tɕʰi2	qi2	qi1	赣			210000		
木	muəʔ8	muek7	mu4	赣			125000		
未	uei6	wêi5	wei4	赣			370000		
末	mɔʔ7	mok6	mo4	赣			145000		
本	pen3	bên3	ben3	赣			370000		
札	tsaʔ7	zak6	zha2	赣			90000		
朱	tɕy1	jyu1	zhu1	赣			170000		
朴	pʰuəʔ7	puek6	pu3	赣			120000		
朶	to3	do3	duo3	赣			120000		
机	tɕi1	ji1	ji1	赣			145000		
朽	ɕiəu3	xieu3	xiu3	赣			145000		
杀	saʔ7	sak6	sha1	赣			195000		
杂	tsʰaʔ8	cak7	za2	赣			120000		
权	tɕʰyɛn2	qyuên2	quan2	赣			270000		
杆	kɔŋ3	gong3	gan1	赣			120000		
杈	tsʰa1	ca1	cha1	赣			75744		
杉	san1	san1	shan1	赣			120000		
李	li3	li3	li3	赣			120000		
杏	ɕien6	xiên5	xing4	赣			120000		
材	tsʰai2	cai2	cai2	赣			120000		
村	tsʰen1	cên1	cun1	赣			120000		
村	tsʰen3	cên3	cun1	赣			120000		
杖	tsʰan6	can5	zhang4	赣			120000		
杜	tʰu6	tu5	du4	赣			120000		
杞	tɕʰi3	qi3	qi3	赣			90000		
束	suəʔ7	suek6	shu4	赣			120000		
杠	kɔŋ5	gong4	gang1	赣			125000		
条	tʰiau2	tiau2	tiao2	赣			290000		
来	lai2	lai2	lai2	赣			411501		
杨	ian2	yan2	yang2	赣			120000		
杭	xɔŋ2	hong2	hang2	赣			120000		
杯	pei1	bêi1	bei1	赣			120000		
杰	tɕʰiɛʔ8	qiêk7	jie2	赣			120000		
杳	miau3	miau3	yao3	赣			90000		
杵	tɕʰy3	qyu3	chu3	赣			90000		
杷	pʰa2	pa2	pa2	赣			90000		
松	səŋ1	seng1	song1	赣			120000		
松	tsʰəŋ2	ceng2	song1	赣			120000		
板	pan1	ban1	ban3	赣			120000		
板	pan3	ban3	ban3	赣			120000		
极	tɕʰiɪʔ8	qiek7	ji2	赣			120000		
构	kəu5	geu4	gou4	赣			120000		
枇	pʰi2	pi2	pi2	赣			90000		
枇	pʰiɪʔ8	piek7	pi2	赣			90000		
枉	uɔŋ3	wong3	wang3	赣			120000		
析	ɕiɪʔ7	xiek6	xi1	赣			120000		
枕	tsen5	zên4	zhen3	赣			120000		
林	lien2	liên2	lin2	赣			120000		
枚	mei2	mêi2	mei2	赣			108485		
果	kuo3	guo3	guo3	赣			120000		
枝	tʃɿ1	jï1	zhi1	赣			120000		
枢	tɕʰy1	qyu1	shu1	赣			120000		
枣	tsau3	zau3	zao3	赣			145000		
枪	tɕʰian1	qian1	qiang1	赣			120000		
枫	fəŋ1	feng1	feng1	赣			177546		
枯	ku1	gu1	ku1	赣			120000		
枵	ɕiau1	xiau1	xiao1	赣			72277		
架	ka5	ga4	jia4	赣	放	fang4	145000		
某	miəu3	mieu3	mou3	赣			370000		
染	ȵiɛn3	niên3	ran3	赣			120000		
柔	iəu2	yeu2	rou2	赣			120000		
柚	iəu6	yeu5	you4	赣			90000		
柜	kʰuei6	kui5	gui4	赣			120000		
柜	tɕʰy6	qyu5	gui4	赣			120000		
查	tsa1	za1	cha2	赣			290000		
查	tsʰa2	ca2	cha2	赣			290000		
柬	kan3	gan3	jian3	赣			108030		
柱	tɕy3	jyu3	zhu4	赣			125000		
柱	tɕʰy1	qyu1	zhu4	赣			125000		
柳	liəu3	lieu3	liu3	赣			120000		
柴	sai2	sai2	chai2	赣			120000		
柿	sɿ1	sï1	shi4	赣			120000		
栀	tʃɿ1	jï1	zhi1	赣			90000		
标	piau1	biau1	biao1	赣			370000		
栈	tsʰan6	can5	zhan4	赣			120000		
栋	təŋ5	deng4	dong4	赣			120000		
栏	lan2	lan2	lan2	赣			120000		
树	ɕy6	xyu5	shu4	赣			175000		
栓	suɔŋ1	suong1	shuan1	赣			101894		
栖	ɕi1	xi1	qi1	赣			120000		
栗	liɪʔ8	liek7	li4	赣			120000		
校	xau6	hau5	xiao4	赣			120000		
株	tɕy1	jyu1	zhu1	赣			120000		
样	ian6	yan5	yang4	赣			245000		
核	uɪʔ8	wek7	he2	赣			120000		
核	xɛʔ8	hêk7	he2	赣			120000		
根	ken1	gên1	gen1	赣			195000		
格	kɛʔ7	gêk6	ge2	赣			120000		
栽	tsai1	zai1	zai1	赣			120000		
桂	kuei5	gui4	gui4	赣			120000		
桃	tʰau2	tau2	tao2	赣			120000		
案	ŋɔŋ5	ngong4	an4	赣			120000		
桌	tɕyɔʔ7	jyuok6	zhuo1	赣			120000		
桐	tʰəŋ2	teng2	tong2	赣			145000		
桑	san1	san1	sang1	赣			120000		
桓	xuan2	huan2	huan2	赣			77656		
桠	ŋa1	nga1	ya1	赣			120000		
桥	tɕʰiau2	qiau2	qiao2	赣			120000		
桨	tɕian3	jian3	jiang3	赣			120000		
桩	tɕyɔŋ1	jyuong1	zhuang1	赣			120000		
梁	lian2	lian2	liang2	赣			120000		
梅	mei2	mêi2	mei2	赣			120000		
梓	tsɿ3	zï3	zi3	赣			70836		
梗	kuɛn3	gun3	geng3	赣			120000		
梢	sau1	sau1	shao1	赣			120000		
梦	məŋ6	meng5	meng4	赣			320000		
梧	u2	wu2	wu2	赣			120000		
梨	li2	li2	li2	赣			120000		
梭	so1	so1	suo1	赣			120000		
梯	tʰi1	ti1	ti1	赣			120000		
械	kai6	gai5	xie4	赣			145000		
梳	so1	so1	shu1	赣			120000		
检	tɕiɛn3	jiên3	jian3	赣			170000		
棉	miɛn2	miên2	mian2	赣			120000		
棋	tɕʰi2	qi2	qi2	赣			120000		
棍	kuen5	gun4	gun4	赣			120000		
棕	tsəŋ1	zeng1	zong1	赣			120000		
棚	pʰəŋ2	peng2	peng2	赣			120000		
棠	tʰan2	tan2	tang2	赣			120000		
森	sen1	sên1	sen1	赣			120000		
棵	kʰuo1	kuo1	ke1	赣			120000		
棺	kuan1	guan1	guan1	赣			120000		
椅	i3	yi3	yi3	赣			145000		
植	tsʰɪʔ8	cek7	zhi2	赣			128000		
椒	tɕiau1	jiau1	jiao1	赣			120000		
椭	tʰo3	to3	tuo3	赣			103154		
椽	tɕʰyɛn2	qyuên2	chuan2	赣			90000		
椿	tɕʰyn1	qyun1	chun1	赣			120000		
楂	tsa1	za1	zha1	赣			73888		
楚	tsʰu3	cu3	chu3	赣			125000		
楝	liɛn6	liên5	lian4	赣			90000		
楞	len2	lên2	leng2	赣			13143		
楣	mei2	mêi2	mei2	赣			72043		
楦	ɕyɛn5	xyuên4	xuan4	赣			90000		
楼	liəu2	lieu2	lou2	赣			120000		
楼	liəu3	lieu3	lou2	赣			120000		
概	kʰai5	kai4	gai4	赣			130000		
榄	lan3	lan3	lan3	赣			100687		
榖	kuəʔ7	guek6	gu3	赣			90000		
榛	tsen1	zên1	zhen1	赣			76511		
榜	pɔŋ3	bong3	bang3	赣			120000		
榨	tsa5	za4	zha4	赣			120000		
榫	ɕien3	xiên3	sun3	赣			120000		
榴	liəu2	lieu2	liu2	赣			120000		
榷	kʰɔʔ7	kok6	que4	赣			120000		
榻	tʰaʔ7	tak6	ta4	赣			72139		
槌	tɕy1	jyu1	chui2	赣			90000		
槐	xuai2	huai2	huai2	赣			120000		
槟	pien1	biên1	bin1	赣			90000		
槽	tsʰau2	cau2	cao2	赣			145000		
樊	fan2	fan2	fan2	赣			73884		
樟	tsan1	zan1	zhang1	赣			120000		
模	mu2	mu2	mo2	赣			170000		
横	fɛn2	fên2	heng2	赣			120000		
横	uɛn2	wên2	heng2	赣			120000		
横	uɛn6	wên5	heng2	赣			120000		
横	xɛn2	hên2	heng2	赣			120000		
樱	ien1	yên1	ying1	赣			120000		
樵	tɕʰiau2	qiau2	qiao2	赣			90000		
橄	kan3	gan3	gan3	赣			133572		
橘	tɕyɪʔ7	jyuek6	ju2	赣			120000		
橙	tsʰen2	cên2	cheng2	赣			120000		
橙	tsʰɛn2	cên2	cheng2	赣			120000		
橡	tɕʰian6	qian5	xiang4	赣			120000		
橹	lu3	lu3	lu3	赣			90000		
檀	tʰan2	tan2	tan2	赣			120000		
檐	iɛn2	yên2	yan2	赣			105523		
檩	lien3	liên3	lin3	赣			75388		
欠	tɕʰiɛn5	qiên4	qian4	赣			120000		
次	tsʰɿ5	cï4	ci4	赣			205000		
欢	xuan1	huan1	huan1	赣			120000		
欣	ɕien1	xiên1	xin1	赣			120000		
欧	ŋəu1	ngeu1	ou1	赣			145000		
欲	yəʔ8	yuek7	yu4	赣			120000		
欺	tɕʰi1	qi1	qi1	赣			120000		
款	kʰuan3	kuan3	kuan3	赣			125000		
歇	ɕiɛʔ7	xiêk6	xie1	赣			245000		
歉	tɕʰiɛn5	qiên4	qian4	赣			120000		
歌	ko1	go1	ge1	赣			145000		
止	tʃɿ3	jï3	zhi3	赣			145000		
正	tsen1	zên1	zheng4	赣			120000		
正	tsen5	zên4	zheng4	赣			120000		
此	tsʰɿ3	cï3	ci3	赣			310000		
步	pʰu6	pu5	bu4	赣			150000		
武	u3	wu3	wu3	赣			120000		
歪	uei1	wêi1	wai1	赣			120000		
死	sɿ3	sï3	si3	赣			370000		
歼	tɕʰiɛn1	qiên1	jian1	赣			105537		
殃	ian1	yan1	yang1	赣			120000		
殆	tʰai6	tai5	dai4	赣			74759		
殉	ɕyn5	xyun4	xun4	赣			100710		
殊	ɕy6	xyu5	shu1	赣			120000		
残	tsʰan2	can2	can2	赣			120000		
殓	liɛn6	liên5	lian4	赣			90000		
殕	fu3	fu3	fou3	赣			5971		
殖	tsʰɪʔ8	cek7	zhi2	赣			120000		
殚	tʰan2	tan2	dan1	赣			70261		
殡	pien1	biên1	bin4	赣			90000		
殴	ŋəu3	ngeu3	ou1	赣			101168		
段	tʰuɔŋ6	tuong5	duan4	赣			220000		
殷	ien1	yên1	yin1	赣			120000		
殿	tʰiɛn6	tiên5	dian4	赣			120000		
毁	xuei3	hui3	hui3	赣			120000		
毅	ȵi6	ni5	yi4	赣			105838		
母	mu3	mu3	mu3	赣			275000		
每	mei3	mêi3	mei3	赣			370000		
毒	tʰuəʔ8	tuek7	du2	赣			145000		
比	pi3	bi3	bi3	赣			370000		
毕	piɪʔ7	biek6	bi4	赣			120000		
毙	pʰi6	pi5	bi4	赣			120000		
毛	mau2	mau2	mao2	赣			120000		
毡	tsɛn1	zên1	zhan1	赣			120000		
毫	xau2	hau2	hao2	赣			120000		
毯	tʰan3	tan3	tan3	赣			120000		
氄	yŋ3	yung3	rong3	赣			5399		
氏	ʃɿ1	xï1	shi4	赣			145000		
民	mien2	miên2	min2	赣			125000		
气	tɕʰi5	qi4	qi4	赣			180000		
水	ɕy3	xyu3	shui3	赣			220000		
永	yn3	yun3	yong3	赣			120000		
汀	tʰien1	tiên1	ting1	赣			71569		
汁	tsɪʔ7	zek6	zhi1	赣			120000		
求	tɕʰiəu2	qieu2	qiu2	赣			140000		
求	tɕʰyɪʔ8	qyuek7	qiu2	赣			140000		
汆	tsʰuɔŋ1	cuong1	cuan1	赣			120000		
汇	xuei6	hui5	hui4	赣			145000		
汉	xɔŋ5	hong4	han4	赣			125000		
汗	xɔŋ6	hong5	han4	赣			120000		
汛	ɕien5	xiên4	xun4	赣			108595		
汝	ɛ3	ê3	ru3	赣			120000		
汞	kəŋ5	geng4	gong3	赣			102222		
江	kɔŋ1	gong1	jiang1	赣			150000		
池	tsʰɿ2	cï2	chi2	赣			120000		
污	u1	wu1	wu1	赣			120000		
汤	tʰan1	tan1	tang1	赣			120000		
汪	uɔŋ1	wong1	wang1	赣			170000		
沂	ȵi2	ni2	yi2	赣			70109		
沃	uɔʔ7	wok6	wo4	赣			135000		
沈	sen5	sên4	shen3	赣			145000		
沉	tsʰen2	cên2	chen2	赣			120000		
沌	tɛen6	dên5	dun4	赣			78242		
沙	sa1	sa1	sha1	赣			145000		
沛	pʰei5	pêi4	pei4	赣			108478		
沟	kəu1	geu1	gou1	赣			120000		
没	mɛʔ8	mêk7	mei2	赣			370000		
沤	ŋəu5	ngeu4	ou1	赣			115000		
沦	len2	lên2	lun2	赣			120000		
沪	fu6	fu5	hu4	赣			145000		
沫	mɔʔ7	mok6	mo4	赣			120000		
河	xo2	ho2	he2	赣			145000		
油	iəu2	yeu2	you2	赣			145000		
治	iɛ3	yê3	zhi4	赣			120000		
治	tʃʰɿ6	qï5	zhi4	赣			120000		
沼	tsau3	zau3	zhao3	赣			109461		
沾	tsɛn1	zên1	zhan1	赣			120000		
沿	iɛn2	yên2	yan2	赣			120000		
泉	tɕʰiɛn2	qiên2	quan2	赣			120000		
泊	pɛʔ7	bêk6	po1	赣			132463		
泊	pʰɔʔ7	pok6	po1	赣			132463		
泔	ken1	gên1	gan1	赣			71615		
法	faʔ7	fak6	fa3	赣			120000		
泛	fan5	fan4	fan4	赣			155293		
泡	pʰau3	pau3	pao4	赣			170000		
泡	pʰau5	pau4	pao4	赣			170000		
波	po1	bo1	bo1	赣			150000		
泣	tɕʰiɪʔ7	qiek6	qi4	赣			120000		
注	tɕy5	jyu4	zhu4	赣			170000		
泪	li6	li5	lei4	赣			130000		
泰	tʰai5	tai4	tai4	赣			120000		
泳	yn3	yun3	yong3	赣			125000		
泻	ɕiɛ5	xiê4	xie4	赣			120000		
泼	pʰɔʔ7	pok6	po1	赣			120000		
泽	tsʰɛʔ8	cêk7	ze2	赣			170000		
洁	tɕiɛʔ7	jiêk6	jie2	赣			120000		
洋	ian2	yan2	yang2	赣			155000		
洒	sa3	sa3	sa3	赣			120000		
洗	ɕi3	xi3	xi3	赣			170000		
洗	ɕyɛʔ7	xyuêk6	xi3	赣			170000		
洛	lɔʔ8	lok7	luo4	赣			120000		
洞	tʰəŋ6	teng5	dong4	赣			195000		
津	tɕien1	jiên1	jin1	赣			120000		
洪	xəŋ2	heng2	hong2	赣			120000		
洲	tɕiəu1	jieu1	zhou1	赣			170000		
活	faʔ8	fak7	huo2	赣			220000		
活	uaʔ7	wak6	huo2	赣			220000		
洼	ua1	wa1	wa1	赣			103677		
洽	tɕʰiaʔ7	qiak6	qia4	赣			107170		
派	pʰai5	pai4	pai4	赣			195000		
流	liəu2	lieu2	liu2	赣			300000		
浅	tɕʰiɛn3	qiên3	qian3	赣			120000		
浆	tɕian1	jian1	jiang1	赣			120000		
浇	tɕiau1	jiau1	jiao1	赣			120000		
浊	tɕʰyəʔ8	qyuek7	zhuo2	赣			104725		
测	tsʰɛʔ7	cêk6	ce4	赣			120000		
济	tɕi5	ji4	ji4	赣			120000		
浑	fen6	fên5	hun2	赣			120000		
浒	fu3	fu3	hu3	赣			90000		
浓	ȵyŋ2	nyung2	nong2	赣			145000		
浙	tsɛʔ7	zêk6	zhe4	赣			120000		
浦	pʰu3	pu3	pu3	赣			102044		
浩	xau6	hau5	hao4	赣			103401		
浪	lan6	lan5	lang4	赣			145000		
浮	fəu2	feu2	fu2	赣			120000		
浴	yəʔ8	yuek7	yu4	赣			125538		
海	xai3	hai3	hai3	赣			240000		
浸	tɕien5	jiên4	jin4	赣			145000		
涂	tʰu2	tu2	tu2	赣			120000		
消	ɕiau1	xiau1	xiao1	赣			120000		
涉	sɛʔ8	sêk7	she4	赣			120000		
涌	yŋ3	yung3	yong3	赣			108233		
涓	tɕyɛn1	jyuên1	juan1	赣			71148		
涕	tʰi5	ti4	ti4	赣			120000		
涛	tʰau1	tau1	tao1	赣			125000		
涝	lau6	lau5	lao4	赣			107429		
润	yn6	yun5	run4	赣			108696		
涧	kan5	gan4	jian4	赣			103773		
涨	tsan3	zan3	zhang3	赣			130000		
液	iɪʔ7	yek6	ye4	赣			100135		
淋	lien2	liên2	lin2	赣			145000		
淑	suəʔ7	suek6	shu1	赣			120000		
淘	tʰau2	tau2	tao2	赣			120000		
淡	tʰan6	tan5	dan4	赣			120000		
淤	y1	yu1	yu1	赣			104142		
淫	ien2	yên2	yin2	赣			120000		
淮	xuai2	huai2	huai2	赣			120000		
深	sen1	sên1	shen1	赣			120000		
混	fen6	fên5	hun4	赣			275000		
淹	iɛn1	yên1	yan1	赣			120000		
添	tʰiɛn1	tiên1	tian1	赣			120000		
清	tɕʰien1	qiên1	qing1	赣			120000		
渊	yɛn1	yuên1	yuan1	赣			120000		
渐	tɕʰiɛn6	qiên5	jian4	赣			145000		
渗	sen5	sên4	shen4	赣			108153		
渠	kʰə1	ke1	qu2	赣			120000		
渠	tɕʰy2	qyu2	qu2	赣			120000		
渡	tʰu6	tu5	du4	赣			120000		
温	uen1	wên1	wen1	赣			223674		
港	kɔŋ3	gong3	gang3	赣			175000		
渴	kʰɔʔ7	kok6	ke3	赣			145000		
游	iəu2	yeu2	you2	赣			145000		
渺	miau3	miau3	miao3	赣			120000		
湖	fu2	fu2	hu2	赣			145000		
湘	ɕian1	xian1	xiang1	赣			125000		
湾	uan1	wan1	wan1	赣			145000		
湿	sɪʔ7	sek6	shi1	赣			145000		
溉	kʰai5	kai4	gai4	赣			102260		
源	ȵyɛn2	nyuên2	yuan2	赣			170000		
溜	liəu1	lieu1	liu1	赣			120000		
溪	tɕʰi1	qi1	xi1	赣			145000		
滂	pʰɔŋ1	pong1	pang1	赣			72836		
滋	tsʰɿ1	cï1	zi1	赣			120000		
滑	uaʔ8	wak7	hua2	赣			120000		
滓	tsɿ3	zï3	zi3	赣			73007		
滔	tʰau1	tau1	tao1	赣			120000		
滕	tɛen2	dên2	teng2	赣			90000		
滚	kuen3	gun3	gun3	赣			120000		
滞	tʃɿ5	jï4	zhi4	赣			120000		
满	mɔŋ3	mong3	man3	赣			225000		
滤	li6	li5	lv4	赣			120000		
滥	lan6	lan5	lan4	赣			103472		
滨	pien1	biên1	bin1	赣			107611		
滩	tʰan1	tan1	tan1	赣			120000		
滴	tiɪʔ8	diek7	di1	赣			120000		
漂	pʰiau1	piau1	piao1	赣			145000		
漂	pʰiau3	piau3	piao1	赣			145000		
漂	pʰiau5	piau4	piao1	赣			145000		
漆	tɕʰiɪʔ7	qiek6	qi1	赣			120000		
漏	liəu6	lieu5	lou4	赣			170000		
演	iɛn3	yên3	yan3	赣			120000		
漫	man6	man5	man4	赣			120000		
潘	pʰɔŋ1	pong1	pan1	赣			120000		
潜	tɕʰiɛn2	qiên2	qian2	赣			107029		
潭	tʰan2	tan2	tan2	赣			120000		
澄	tien5	diên4	cheng2	赣			105547		
澄	tsʰen2	cên2	cheng2	赣			105547		
澡	tsau3	zau3	zao3	赣			145000		
激	tɕiɪʔ7	jiek6	ji1	赣			145000		
濂	liɛn2	liên2	lian2	赣			74242		
瀑	pʰɔʔ7	pok6	pu4	赣			120000		
灌	kuan5	guan4	guan4	赣			120000		
火	fo3	fo3	huo3	赣			120000		
灭	miɛʔ8	miêk7	mie4	赣			120000		
灯	tien1	diên1	deng1	赣			120000		
灰	xuei1	hui1	hui1	赣			120000		
灵	lien2	liên2	ling2	赣			170000		
灶	tsau5	zau4	zao4	赣			120000		
灸	tɕiəu3	jieu3	jiu3	赣			102788		
灾	tsai1	zai1	zai1	赣			120000		
灿	tsʰan5	can4	can4	赣			103060		
炉	lu2	lu2	lu2	赣			120000		
炊	tsʰuei1	cui1	chui1	赣			120000		
炎	iɛn2	yên2	yan2	赣			120000		
炒	tsʰau3	cau3	chao3	赣			155000		
炕	kʰɔŋ5	kong4	kang4	赣			120000		
炙	tsɪʔ7	zek6	zhi4	赣			90000		
炭	tʰan5	tan4	tan4	赣			120000		
炮	pʰau5	pau4	pao4	赣			145000		
炳	pien5	biên4	bing3	赣			70279		
炸	tsa5	za4	zha4	赣			170000		
点	tiɛn3	diên3	dian3	赣			370000		
炼	liɛn6	liên5	lian4	赣			120000		
烂	lan6	lan5	lan4	赣			170000		
烈	liɛʔ7	liêk6	lie4	赣			120000		
烊	ian2	yan2	yang2	赣			120000		
烘	xəŋ1	heng1	hong1	赣			120000		
烛	tsuəʔ7	zuek6	zhu2	赣			120000		
烟	iɛn1	yên1	yan1	赣			120000		
烤	kʰau3	kau3	kao3	赣			120000		
烦	fan2	fan2	fan2	赣			120000		
烧	sau1	sau1	shao1	赣			145000		
烫	tʰan5	tan4	tang4	赣			120000		
热	ȵiɛʔ8	niêk7	re4	赣			145000		
烹	pʰen1	pên1	peng1	赣			120000		
焉	iɛn1	yên1	yan1	赣			120000		
焊	xɔŋ6	hong5	han4	赣			120000		
焐	u5	wu4	wu4	赣			5223		
焕	xuan5	huan4	huan4	赣			120000		
焙	pʰei6	pêi5	bei4	赣			90000		
焚	fen2	fên2	fen2	赣			104701		
焦	tɕiau1	jiau1	jiao1	赣			120000		
焰	iɛn6	yên5	yan4	赣			120000		
然	iɛn2	yên2	ran2	赣			145000		
煅	tʰuɔŋ6	tuong5	duan4	赣			120000		
煎	tɕiɛn1	jiên1	jian1	赣			120000		
煤	mei2	mêi2	mei2	赣			145000		
照	tsau5	zau4	zhao4	赣			120000		
煨	uei1	wêi1	wei1	赣			95000		
煮	tɕy3	jyu3	zhu3	赣			170000		
熄	ɕiɪʔ7	xiek6	xi1	赣			120000		
熊	ɕyŋ2	xyung2	xiong2	赣			170000		
熏	ɕyn1	xyun1	xun1	赣			120000		
熔	yŋ2	yung2	rong2	赣			102735		
熙	ɕi1	xi1	xi1	赣			120000		
熟	ɕyəʔ8	xyuek7	shu2	赣			150000		
熨	yn5	yun4	yun4	赣			120000		
熬	ŋau2	ngau2	ao2	赣			120000		
燃	iɛn2	yên2	ran2	赣			120000		
燎	liau1	liau1	liao2	赣			90000		
燕	iɛn5	yên4	yan4	赣			120000		
爆	pʰau6	pau5	bao4	赣			170000		
爪	tsau3	zau3	zhao3	赣			120000		
爬	pʰa2	pa2	pa2	赣			130000		
爱	ŋai5	ngai4	ai4	赣			145000		
爵	tɕyaʔ7	jyuak6	jue2	赣			120000		
爷	iɛ2	yê2	ye2	赣			155000		
爸	pa1	ba1	ba4	赣			120000		
爹	tiɛ1	diê1	die1	赣			120000		
爽	suɔŋ1	suong1	shuang3	赣			120000		
爽	ɕyɔŋ3	xyuong3	shuang3	赣			120000		
片	pʰiɛn5	piên4	pian4	赣			170000		
版	pan3	ban3	ban3	赣			120000		
牌	pʰai2	pai2	pai2	赣			145000		
牍	tʰuəʔ8	tuek7	du2	赣			72668		
牙	ŋa2	nga2	ya2	赣			120000		
牛	ŋəu2	ngeu2	niu2	赣			120000		
牡	miəu3	mieu3	mu3	赣			120000		
牢	lau2	lau2	lao2	赣			145000		
牧	muəʔ8	muek7	mu4	赣			120000		
物	uɪʔ8	wek7	wu4	赣			205100		
牯	ku3	gu3	gu3	赣			90000		
牲	sɛn1	sên1	sheng1	赣			120000		
牵	tɕʰiɛn1	qiên1	qian1	赣			130000		
特	tʰɪʔ8	tek7	te4	赣			120000		
牺	ɕi1	xi1	xi1	赣			120000		
犀	ɕi1	xi1	xi1	赣			120000		
犁	li2	li2	li2	赣			120000		
犊	tʰuəʔ8	tuek7	du2	赣			78210		
犬	tɕʰyɛn3	qyuên3	quan3	赣			120000		
犯	fan6	fan5	fan4	赣			120000		
状	tɕʰyɔŋ6	qyuong5	zhuang4	赣			120000		
犹	iəu2	yeu2	you2	赣			120000		
狂	kʰuɔŋ2	kuong2	kuang2	赣			130000		
狄	tʰiɪʔ8	tiek7	di2	赣			73628		
狗	kəu3	geu3	gou3	赣			125000		
狡	tɕiau3	jiau3	jiao3	赣			100180		
独	tʰuəʔ8	tuek7	du2	赣			120000		
狭	xaʔ8	hak7	xia2	赣			145000		
狮	sɿ1	sï1	shi1	赣			120000		
狱	yəʔ8	yuek7	yu4	赣			120000		
狸	li2	li2	li2	赣			120000		
狼	lan2	lan2	lang2	赣			120000		
猎	liɛʔ7	liêk6	lie4	赣			145000		
猛	mɛn3	mên3	meng3	赣			120000		
猜	tsʰai1	cai1	cai1	赣			235000		
猝	tsʰuəʔ7	cuek6	cu4	赣			77771		
猪	tɕy1	jyu1	zhu1	赣			320000		
猫	miau1	miau1	mao1	赣			120000		
献	ɕiɛn5	xiên4	xian4	赣			120000		
猴	xəu2	heu2	hou2	赣			120000		
猾	xuaʔ8	huak7	hua2	赣			120000		
獭	tʰaʔ7	tak6	ta3	赣			90000		
玄	ɕyɛn2	xyuên2	xuan2	赣			120000		
率	liɪʔ8	liek7	lv4	赣			280000		
玉	ȵyəʔ8	nyuek7	yu4	赣			145000		
王	uɔŋ2	wong2	wang2	赣			145000		
玩	uan6	wan5	wan2	赣			120000		
环	fan2	fan2	huan2	赣			120000		
现	ɕiɛn6	xiên5	xian4	赣			255000		
玻	po1	bo1	bo1	赣			120000		
珊	san1	san1	shan1	赣			105907		
珍	tsen1	zên1	zhen1	赣			120000		
珠	tɕy1	jyu1	zhu1	赣			145000		
班	pan1	ban1	ban1	赣			120000		
球	tɕʰiəu2	qieu2	qiu2	赣			130000		
理	li3	li3	li3	赣			150000		
理	mai2	mai2	li3	赣			150000		
琉	liəu2	lieu2	liu2	赣			102629		
琐	so3	so3	suo3	赣			120000		
琢	tsʰuɔʔ8	cuok7	zuo2	赣			105424		
琴	tɕʰien2	qiên2	qin2	赣			120000		
琵	pʰi2	pi2	pi2	赣			90000		
琶	pʰa2	pa2	pa2	赣			90000		
琼	tɕʰyŋ3	qyung3	qiong2	赣			130000		
瑕	xa2	ha2	xia2	赣			70611		
瑞	ɕy6	xyu5	rui4	赣			154739		
瑟	sɪʔ7	sek6	se4	赣			120000		
瑠	liəu2	lieu2	liu2	赣			5748		
璃	li2	li2	li2	赣			120000		
璧	piɪʔ7	biek6	bi4	赣			108268		
璺	uen6	wên5	wen4	赣			4264		
瓜	kua1	gua1	gua1	赣			120000		
瓠	fu2	fu2	hu4	赣			90000		
瓢	pʰiau2	piau2	piao2	赣			120000		
瓣	pʰan5	pan4	ban4	赣			120000		
瓤	nɔŋ2	nong2	rang2	赣			120000		
瓦	ua3	wa3	wa3	赣			120000		
瓮	əŋ5	eng4	weng4	赣			79626		
瓶	pʰien2	piên2	ping2	赣			120000		
瓷	tsʰɿ2	cï2	ci2	赣			120000		
甘	ken1	gên1	gan1	赣			120000		
甚	sen6	sên5	shen4	赣			120000		
甜	tʰiɛn2	tiên2	tian2	赣			120000		
生	sɛn1	sên1	sheng1	赣			120000		
甥	sɛn1	sên1	sheng1	赣			120000		
用	yŋ6	yung5	yong4	赣			400000		
甫	pʰu3	pu3	fu3	赣			120000		
甬	yŋ3	yung3	yong3	赣			79242		
田	tʰiɛn2	tiên2	tian2	赣			120000		
由	iəu2	yeu2	you2	赣			370000		
甲	kaʔ7	gak6	jia3	赣			130000		
申	sen1	sên1	shen1	赣			145000		
电	tʰiɛn6	tiên5	dian4	赣			200000		
男	nan2	nan2	nan2	赣			195000		
画	xua6	hua5	hua4	赣			145000		
畅	tsʰan5	can4	chang4	赣			120000		
界	kai5	gai4	jie4	赣			150000		
畏	uei5	wêi4	wei4	赣			120000		
留	liəu2	lieu2	liu2	赣			175000		
畜	suəʔ7	suek6	chu4	赣			125000		
畜	tɕʰyəʔ7	qyuek6	chu4	赣			125000		
略	liɛʔ7	liêk6	lve4	赣			135000		
番	fan1	fan1	fan1	赣			145000		
疆	tɕian1	jian1	jiang1	赣			120000		
疏	so1	so1	shu1	赣			120000		
疑	ȵi2	ni2	yi2	赣			155000		
疔	tien1	diên1	ding1	赣			120000		
疗	liau6	liau5	liao2	赣			100732		
疝	san5	san4	shan4	赣			70712		
疟	ȵiaʔ7	niak6	nve4	赣			120000		
疡	ian2	yan2	yang2	赣			90000		
疤	pa1	ba1	ba1	赣			120000		
疥	kai5	gai4	jie4	赣			90000		
疮	tɕʰyɔŋ1	qyuong1	chuang1	赣			145000		
疯	fəŋ1	feng1	feng1	赣			120000		
疲	pʰi2	pi2	pi2	赣			120000		
疵	tsʰɿ2	cï2	ci1	赣			75230		
疹	tsen3	zên3	zhen3	赣			120000		
病	pʰien6	piên5	bing4	赣			120000		
症	tsen5	zên4	zheng4	赣			120000		
痈	yŋ1	yung1	yong1	赣			72898		
痒	ian3	yan3	yang3	赣			120000		
痕	xen2	hên2	hen2	赣			145000		
痛	tʰəŋ5	teng4	tong4	赣			145000		
痢	li6	li5	li4	赣			120000		
痣	tʃɿ5	jï4	zhi4	赣			90000		
痰	tʰan2	tan2	tan2	赣			145000		
痱	fi5	fi4	fei4	赣			90000		
痴	tʃʰɿ1	qï1	chi1	赣			120000		
痹	pi5	bi4	bi4	赣			106617		
瘌	laʔ8	lak7	la4	赣			73067		
瘟	uen1	wên1	wen1	赣			120000		
瘦	ɕiəu5	xieu4	shou4	赣			120000		
瘴	tsan5	zan4	zhang4	赣			90000		
癞	lai6	lai5	lai4	赣			90000		
癣	ɕiɛn3	xiên3	xuan3	赣			120000		
癸	kuei3	gui3	gui3	赣			120000		
登	ten1	dên1	deng1	赣			145000		
白	pʰɛʔ8	pêk7	bai2	赣			120000		
百	pɛʔ7	bêk6	bai3	赣			120000		
皂	tsʰau6	cau5	zao4	赣			120000		
的	tiɪʔ7	diek6	de5	赣			370000		
皆	kai1	gai1	jie1	赣			150000		
皇	uɔŋ2	wong2	huang2	赣			120000		
皖	uan3	wan3	wan3	赣			120000		
皮	pʰi2	pi2	pi2	赣			130000		
皱	tɕiəu5	jieu4	zhou4	赣			120000		
皿	mien3	miên3	min3	赣			120000		
盅	tɕyŋ1	jyung1	zhong1	赣			90000		
盆	pʰen2	pên2	pen2	赣			120000		
盈	ien2	yên2	ying2	赣			120000		
益	iɪʔ7	yek6	yi4	赣			120000		
盏	tsan3	zan3	zhan3	赣			120000		
盐	iɛn2	yên2	yan2	赣			150000		
监	kan1	gan1	jian1	赣			120000		
盒	xɪʔ8	hek7	he2	赣			120000		
盔	kʰuei1	kui1	kui1	赣			120000		
盖	kai5	gai4	gai4	赣			145000		
盗	tʰau6	tau5	dao4	赣			120000		
盘	pʰɔŋ2	pong2	pan2	赣			185000		
盛	sen6	sên5	sheng4	赣			120000		
盟	məŋ2	meng2	meng2	赣			120000		
目	muəʔ8	muek7	mu4	赣			200000		
盲	mɔŋ2	mong2	mang2	赣			120000		
直	tsʰɪʔ8	cek7	zhi2	赣			210000		
相	tsʰen5	cên4	xiang1	赣			120000		
相	ɕian1	xian1	xiang1	赣			120000		
相	ɕian5	xian4	xiang1	赣			120000		
盹	tɕyŋ5	jyung4	dun3	赣			102822		
盼	pʰan5	pan4	pan4	赣			120000		
盾	tɛen6	dên5	dun4	赣			130000		
省	sɛn3	sên3	sheng3	赣			120000		
省	ɕien3	xiên3	sheng3	赣			120000		
眉	mi2	mi2	mei2	赣			120000		
看	kʰɔŋ1	kong1	kan4	赣			370000		
看	kʰɔŋ5	kong4	kan4	赣			370000		
眍	kʰəu1	keu1	kou1	赣			90000		
真	tsen1	zên1	zhen1	赣			120000		
眠	miɛn2	miên2	mian2	赣			120000		
眶	kʰuɔŋ1	kuong1	kuang4	赣			120000		
眷	tɕyɛn5	jyuên4	juan4	赣			120000		
眼	ŋan3	ngan3	yan3	赣			370000		
着	tsaʔ7	zak6	zhe5	赣			120000		
着	tsʰaʔ8	cak7	zhe5	赣			120000		
睁	tsɛn1	zên1	zheng1	赣			100548		
督	tuəʔ7	duek6	du1	赣			120000		
睦	muəʔ8	muek7	mu4	赣			120000		
睬	tsʰai3	cai3	cai3	赣			120000		
睹	tu3	du3	du3	赣			109621		
瞎	xaʔ7	hak6	xia1	赣			245000		
瞒	mɔŋ2	mong2	man2	赣			120000		
瞖	i5	yi4	yi4	赣			4274		
瞧	tɕʰiau2	qiau2	qiao2	赣			120000		
瞪	ten1	dên1	deng4	赣			127258		
瞭	liau1	liau1	liao3	赣			131808		
瞿	tɕʰy1	qyu1	qu2	赣			140000		
矛	məu2	meu2	mao2	赣			120000		
矢	ʃɿ1	xï1	shi3	赣			120000		
矣	i3	yi3	yi3	赣			120000		
知	tʃɿ1	jï1	zhi1	赣			185000		
矩	tɕy3	jyu3	ju3	赣			120000		
矫	tɕiau3	jiau3	jiao3	赣			100956		
短	tuɔŋ3	duong3	duan3	赣			120000		
矮	ŋai3	ngai3	ai3	赣			120000		
石	sɪʔ8	sek7	shi2	赣			120000		
矿	kʰuɔŋ3	kuong3	kuang4	赣			120000		
砍	kʰan3	kan3	kan3	赣			120000		
砑	ŋa6	nga5	ya4	赣	碾压	nian3 ya1	11924		
研	ȵiɛn3	niên3	yan2	赣			256796		
砖	tɕyɛn1	jyuên1	zhuan1	赣			160000		
砚	ȵiɛn6	niên5	yan4	赣			120000		
破	pʰo5	po4	po4	赣			125000		
础	tsʰu3	cu3	chu3	赣			120000		
硝	ɕiau1	xiau1	xiao1	赣			170000		
硫	liəu2	lieu2	liu2	赣			195000		
硬	ŋɛn6	ngên5	ying4	赣			120000		
确	kʰɔʔ7	kok6	que4	赣			190000		
碌	luəʔ8	luek7	lu4	赣			120000		
碍	ŋai6	ngai5	ai4	赣			120000		
碎	suei5	sui4	sui4	赣			120000		
碑	pei1	bêi1	bei1	赣			120000		
碑	pi1	bi1	bei1	赣			120000		
碓	tei5	dêi4	dui4	赣			90000		
碟	tʰiɛʔ8	tiêk7	die2	赣			145000		
碧	piɪʔ7	biek6	bi4	赣			120000		
碱	kan3	gan3	jian3	赣			105904		
碾	ȵiɛn3	niên3	nian3	赣			120000		
磉	san3	san3	sang3	赣			30000		
磕	kʰɔʔ7	kok6	ke1	赣			120000		
磨	mo2	mo2	mo2	赣			120000		
磨	mo6	mo5	mo2	赣			120000		
磬	tɕʰien5	qiên4	qing4	赣			120000		
磷	lien2	liên2	lin2	赣			104900		
示	ʃɿ6	xï5	shi4	赣			230250		
礼	li3	li3	li3	赣			145000		
社	sɛ6	sê5	she4	赣			120000		
祀	tsʰɿ6	cï5	si4	赣			107020		
祈	tɕʰi2	qi2	qi2	赣			100300		
祖	tsu3	zu3	zu3	赣			120000		
祝	tsuəʔ7	zuek6	zhu4	赣			120000		
神	sen2	sên2	shen2	赣			231223		
祠	tsʰɿ2	cï2	ci2	赣			120000		
祥	tɕʰian2	qian2	xiang2	赣			145000		
票	pʰiau5	piau4	piao4	赣			120000		
祭	tɕi5	ji4	ji4	赣			120000		
祷	tau3	dau3	dao3	赣			120000		
祸	xuo6	huo5	huo4	赣			120000		
禀	pien3	biên3	bing3	赣			120000		
禁	tɕien1	jiên1	jin4	赣			120000		
禁	tɕien5	jiên4	jin4	赣			120000		
禄	luəʔ8	luek7	lu4	赣			105782		
禅	tsʰɛn2	cên2	chan2	赣			120000		
福	fuəʔ7	fuek6	fu2	赣			120000		
禹	y3	yu3	yu3	赣			120000		
离	li2	li2	li2	赣			370000		
禽	tɕʰien2	qiên2	qin2	赣			120000		
禾	xo2	ho2	he2	赣			120000		
秀	ɕiəu5	xieu4	xiu4	赣			120000		
私	sɿ1	sï1	si1	赣			145000		
秃	tʰuɔʔ7	tuok6	tu1	赣			120000		
秉	pien3	biên3	bing3	赣			120000		
秋	tɕʰiəu1	qieu1	qiu1	赣			145000		
种	tɕyŋ3	jyung3	zhong3	赣			310000		
种	tɕyŋ5	jyung4	zhong3	赣			310000		
科	kʰuo1	kuo1	ke1	赣			150000		
秒	miau3	miau3	miao3	赣			165000		
秘	mi5	mi4	mi4	赣			145000		
租	tsu1	zu1	zu1	赣			145000		
秦	tɕʰien2	qiên2	qin2	赣			120000		
秧	ian1	yan1	yang1	赣			120000		
秩	tsʰɪʔ8	cek7	zhi4	赣			125000		
积	tɕiɪʔ7	jiek6	ji1	赣			120000		
称	tsʰen1	cên1	cheng1	赣			130000		
称	tsʰen5	cên4	cheng1	赣			130000		
移	i2	yi2	yi2	赣			145000		
稀	ɕi1	xi1	xi1	赣			120000		
程	tsʰen2	cên2	cheng2	赣			120000		
稍	sau1	sau1	shao1	赣			120000		
税	ɕy5	xyu4	shui4	赣			220000		
稗	pʰa6	pa5	bai4	赣			90000		
稠	tɕʰiəu2	qieu2	chou2	赣			103696		
稻	tʰau6	tau5	dao4	赣			120000		
稼	ka1	ga1	jia4	赣			109767		
稽	tɕi1	ji1	ji1	赣			120000		
稿	kau3	gau3	gao3	赣			120000		
稿	kʰau5	kau4	gao3	赣			120000		
穆	muəʔ8	muek7	mu4	赣			120000		
穗	suei6	sui5	sui4	赣			109057		
究	tɕiəu5	jieu4	jiu1	赣			120000		
穷	tɕʰyŋ3	qyung3	qiong2	赣			155000		
空	kʰəŋ1	keng1	kong1	赣			250000		
空	kʰəŋ5	keng4	kong1	赣			250000		
穿	tɕʰyɛn1	qyuên1	chuan1	赣			120000		
突	tʰɪʔ8	tek7	tu1	赣			185000		
窄	tsɛʔ7	zêk6	zhai3	赣			125000		
窍	tɕʰiau5	qiau4	qiao4	赣			120000		
窑	iau2	yau2	yao2	赣			120000		
窖	kau5	gau4	jiao4	赣			120000		
窗	tɕʰyɔŋ1	qyuong1	chuang1	赣			125000		
窜	tsʰuɔŋ5	cuong4	cuan4	赣			170000		
窟	kʰuɪʔ7	kuek6	ku1	赣			120000		
窠	kʰuo1	kuo1	ke1	赣			125000		
窥	kʰuei1	kui1	kui1	赣			100676		
立	liɪʔ8	liek7	li4	赣			175000		
竖	ɕy1	xyu1	shu4	赣			120000		
站	tsan5	zan4	zhan4	赣			125000		
竞	tɕien5	jiên4	jing4	赣			157694		
竟	tɕien5	jiên4	jing4	赣			106930		
章	tsan1	zan1	zhang1	赣			150000		
童	tʰəŋ2	teng2	tong2	赣			170000		
端	tuɔŋ1	duong1	duan1	赣			120000		
竹	tsuəʔ7	zuek6	zhu2	赣			175000		
竿	kɔŋ1	gong1	gan1	赣			104121		
笃	tuəʔ7	duek6	du3	赣			90000		
笋	ɕien3	xiên3	sun3	赣			120000		
笑	ɕiau5	xiau4	xiao4	赣			145000		
笔	piɪʔ7	biek6	bi3	赣			125000		
笙	sɛn1	sên1	sheng1	赣			120000		
笛	tʰiɪʔ8	tiek7	di2	赣			120000		
笠	liɪʔ8	liek7	li4	赣			90000		
符	fu2	fu2	fu2	赣			120000		
笨	pʰen6	pên5	ben4	赣			200000		
第	tʰi6	ti5	di4	赣			250000		
笺	tɕʰiɛn1	qiên1	jian1	赣			72395		
笼	ləŋ2	leng2	long2	赣			120000		
等	tien3	diên3	deng3	赣			120000		
筋	tɕien1	jiên1	jin1	赣			120000		
筏	faʔ8	fak7	fa2	赣			106861		
筐	kʰuɔŋ1	kuong1	kuang1	赣			105363		
筑	tsuəʔ7	zuek6	zhu4	赣			145000		
筒	tʰəŋ2	teng2	tong3	赣			120000		
答	taʔ7	dak6	da2	赣			145000		
策	tsʰɛʔ7	cêk6	ce4	赣			120000		
筛	sai1	sai1	shai1	赣			120000		
筝	tsɛn1	zên1	zheng1	赣			109332		
筵	iɛn2	yên2	yan2	赣			90000		
筷	kʰuai5	kuai4	kuai4	赣			120000		
筹	tɕʰiəu2	qieu2	chou2	赣			120000		
签	tɕʰiɛn1	qiên1	qian1	赣			220000		
简	kan3	gan3	jian3	赣			130000		
箍	kʰu1	ku1	gu1	赣	搂	lou3	115000		
算	suɔŋ5	suong4	suan4	赣			370000		
管	kuan3	guan3	guan3	赣			370000		
箩	lo2	lo2	luo2	赣			120000		
箭	tɕiɛn5	jiên4	jian4	赣			120000		
箱	ɕian1	xian1	xiang1	赣			120000		
篆	tɕʰyɛn6	qyuên5	zhuan4	赣			90000		
篇	pʰiɛn1	piên1	pian1	赣			145000		
篓	liəu3	lieu3	lou3	赣			120000		
篙	kau1	gau1	gao1	赣			90000		
篡	tsʰuɔŋ5	cuong4	cuan4	赣			120000		
篦	pʰi6	pi5	bi4	赣			90000		
篮	lan2	lan2	lan2	赣			120000		
篷	pʰəŋ2	peng2	peng2	赣			120000		
篾	miɛʔ8	miêk7	mie4	赣			73133		
簟	tʰiɛn6	tiên5	dian4	赣			90000		
簧	uɔŋ2	wong2	huang2	赣			120000		
簪	tsen1	zên1	zan1	赣			90000		
簸	po5	bo4	bo3	赣			120000		
簿	pʰu1	pu1	bu4	赣			120000		
籍	tɕʰiɪʔ8	qiek7	ji2	赣			120000		
米	mi3	mi3	mi3	赣			145000		
籴	tʰiɪʔ8	tiek7	di2	赣			77211		
类	luei6	lui5	lei4	赣			310000		
粉	fen3	fên3	fen3	赣			120000		
粒	liɪʔ8	liek7	li4	赣			120000		
粗	tsʰu1	cu1	cu1	赣			120000		
粜	tʰiau5	tiau4	tiao4	赣			78080		
粟	suəʔ7	suek6	su4	赣			145000		
粤	yɛʔ8	yuêk7	yue4	赣			145000		
粥	tsuəʔ7	zuek6	zhou1	赣			120000		
粪	fen5	fên4	fen4	赣			120000		
粮	lian2	lian2	liang2	赣			120000		
粱	lian2	lian2	liang2	赣			120000		
粹	tsʰuei5	cui4	cui4	赣			120000		
粽	tsəŋ5	zeng4	zong4	赣			90000		
精	tɕien1	jiên1	jing1	赣			120000		
糕	kau1	gau1	gao1	赣			145000		
糖	tʰan2	tan2	tang2	赣			120000		
糙	tsʰau5	cau4	cao1	赣			120000		
糟	tsau1	zau1	zao1	赣			120000		
糠	kʰɔŋ1	kong1	kang1	赣			120000		
系	tɕi5	ji4	xi4	赣			550000		
系	ɕi6	xi5	xi4	赣			550000		
素	su5	su4	su4	赣			150000		
索	suɔʔ7	suok6	suo3	赣			200000		
紧	tɕien3	jiên3	jin3	赣			145000		
紫	tsɿ3	zï3	zi3	赣			120000		
累	luei6	lui5	lei4	赣			215000		
累	luɛ3	luê3	lei4	赣			215000		
累	luɛ6	luê5	lei4	赣			215000		
絮	ɕi5	xi4	xu4	赣			120000		
繁	fan2	fan2	fan2	赣			125000		
纠	tɕiəu1	jieu1	jiu1	赣			120000		
红	xəŋ2	heng2	hong2	赣			140000		
约	iaʔ7	yak6	yue1	赣			125000		
级	tɕiɪʔ7	jiek6	ji2	赣			170000		
纪	tɕi3	ji3	ji4	赣			120000		
纬	uei5	wêi4	wei3	赣			120000		
纯	ɕyn2	xyun2	chun2	赣			146000		
纱	sa1	sa1	sha1	赣			120000		
纲	kɔŋ1	gong1	gang1	赣			120000		
纳	naʔ7	nak6	na4	赣			145000		
纵	tsəŋ1	zeng1	zong4	赣			120000		
纵	tsəŋ5	zeng4	zong4	赣			120000		
纷	fen1	fên1	fen1	赣			145000		
纸	tʃɿ3	jï3	zhi3	赣			120000		
纹	uen2	wên2	wen2	赣			120000		
纺	fɔŋ3	fong3	fang3	赣			120000		
纽	ȵiəu3	nieu3	niu3	赣			120000		
线	ɕiɛn5	xiên4	xian4	赣			370000		
练	liɛn6	liên5	lian4	赣			120000		
组	tsu3	zu3	zu3	赣			125000		
细	ɕi5	xi4	xi4	赣			170000		
织	tsɛʔ7	zêk6	zhi1	赣			120000		
织	tɕiɪʔ7	jiek6	zhi1	赣			120000		
终	tɕyŋ1	jyung1	zhong1	赣			120000		
绉	tɕiəu5	jieu4	zhou4	赣			90000		
绊	pʰɔŋ5	pong4	ban4	赣			101835		
绍	sau6	sau5	shao4	赣			145000		
经	tɕien1	jiên1	jing1	赣			120000		
绑	pɔŋ3	bong3	bang3	赣			170000		
绒	yŋ2	yung2	rong2	赣			120000		
结	tɕiɛʔ7	jiêk6	jie2	赣			130000		
结	tɕiɪʔ7	jiek6	jie2	赣			130000		
绕	ȵiau6	niau5	rao4	赣			145000		
绘	xuei6	hui5	hui4	赣			102358		
络	lɔʔ8	lok7	luo4	赣			120000		
绝	tɕʰiɛʔ8	qiêk7	jue2	赣			120000		
绞	tɕiau3	jiau3	jiao3	赣			120000		
统	tʰəŋ3	teng3	tong3	赣			170000		
绢	tɕyɛn5	jyuên4	juan4	赣			120000		
绣	ɕiəu5	xieu4	xiu4	赣			120000		
绥	suei1	sui1	sui2	赣			79011		
继	tɕi5	ji4	ji4	赣			145000		
绪	ɕi6	xi5	xu4	赣			102148		
续	suəʔ8	suek7	xu4	赣			155514		
绰	tsʰaʔ7	cak6	chuo4	赣			102960		
绳	sen2	sên2	sheng2	赣			120000		
维	uei2	wêi2	wei2	赣			120000		
绵	miɛn2	miên2	mian2	赣			120000		
绸	tɕʰiəu2	qieu2	chou2	赣			125000		
综	tsəŋ3	zeng3	zong1	赣			101772		
绽	tsan5	zan4	zhan4	赣			104309		
绿	luəʔ8	luek7	lv4	赣			146800		
缅	miɛn3	miên3	mian3	赣			102482		
缆	lan6	lan5	lan3	赣			108723		
缉	tɕʰiɪʔ7	qiek6	ji1	赣			145000		
缓	xuan6	huan5	huan3	赣			120000		
缕	liəu3	lieu3	lv3	赣			120000		
编	piɛn2	biên2	bian1	赣			295000		
缘	yɛn2	yuên2	yuan2	赣			120000		
缚	fɔʔ8	fok7	fu4	赣			120000		
缝	fəŋ2	feng2	feng4	赣			120000		
缝	fəŋ6	feng5	feng4	赣			120000		
缠	tsʰan2	can2	chan2	赣			125000		
缨	ien1	yên1	ying1	赣			90000		
缩	suɔʔ7	suok6	suo1	赣			145000		
缴	tɕiau3	jiau3	jiao3	赣			120000		
缸	kɔŋ1	gong1	gang1	赣			120000		
缺	tɕʰyɛʔ7	qyuêk6	que1	赣			200000		
罄	tɕʰien5	qiên4	qing4	赣			71010		
罐	kuan5	guan4	guan4	赣			120000		
网	uɔŋ3	wong3	wang3	赣			120000		
罕	xan3	han3	han3	赣			103940		
罗	lo2	lo2	luo2	赣			175000		
罚	faʔ8	fak7	fa2	赣			150000		
罢	pʰa6	pa5	ba4	赣			185000		
罪	tsʰuei6	cui5	zui4	赣			120000		
置	tʃɿ5	jï4	zhi4	赣			370000		
署	tɕʰy6	qyu5	shu3	赣			120000		
羊	ian2	yan2	yang2	赣			120000		
羌	tɕʰian1	qian1	qiang1	赣			75659		
美	mei3	mêi3	mei3	赣			155000		
羞	ɕiəu1	xieu1	xiu1	赣			145000		
羡	ɕiɛn5	xiên4	xian4	赣			102922		
群	tɕʰyn2	qyun2	qun2	赣			370000		
羽	y3	yu3	yu3	赣			120000		
翁	əŋ1	eng1	weng1	赣			120000		
翅	tʃʰɿ5	qï4	chi4	赣			120000		
翎	lien2	liên2	ling2	赣			90000		
翠	tsʰuei5	cui4	cui4	赣			120000		
翡	fi6	fi5	fei3	赣			75074		
翰	xɔŋ6	hong5	han4	赣			120000		
翻	fan1	fan1	fan1	赣			220000		
翼	iɪʔ7	yek6	yi4	赣			120000		
耀	iau6	yau5	yao4	赣			120000		
老	lau3	lau3	lao3	赣			370000		
考	kʰau3	kau3	kao3	赣			245000		
者	tsɛ3	zê3	zhe3	赣			370000		
而	ɛ2	ê2	er2	赣			393233		
耐	nai6	nai5	nai4	赣			120000		
耕	kɛn1	gên1	geng1	赣			120000		
耗	xau5	hau4	hao4	赣			128428		
耙	pʰa6	pa5	ba4	赣			120000		
耳	ɛ3	ê3	er3	赣			120000		
耶	iɛ1	yê1	ye2	赣			90000		
耻	tʃʰɿ3	qï3	chi3	赣			120000		
耽	tan1	dan1	dan1	赣			145000		
耿	ken3	gên3	geng3	赣			170000		
聂	ȵiɛʔ8	niêk7	nie4	赣			120000		
聊	liau1	liau1	liao2	赣			155000		
聋	ləŋ2	leng2	long2	赣			120000		
职	tsɛʔ7	zêk6	zhi2	赣			120000		
联	liɛn2	liên2	lian2	赣			195000		
聚	tɕʰi6	qi5	ju4	赣			145000		
聪	tsʰəŋ1	ceng1	cong1	赣			120000		
肃	suəʔ7	suek6	su4	赣			125000		
肄	i6	yi5	yi4	赣			78406		
肆	sɿ5	sï4	si4	赣			120000		
肉	ȵyəʔ8	nyuek7	rou4	赣			170000		
肋	lɪʔ8	lek7	le1	赣			120000		
肌	tɕi1	ji1	ji1	赣			120000		
肘	tɕiəu3	jieu3	zhou3	赣			108902		
肚	tu3	du3	du4	赣			120000		
肚	tʰu1	tu1	du4	赣			120000		
肝	kɔŋ1	gong1	gan1	赣			120000		
肠	tsʰan6	can5	chang2	赣			120000		
股	ku3	gu3	gu3	赣			230000		
肢	tʃɿ1	jï1	zhi1	赣			120000		
肤	fu1	fu1	fu1	赣			107042		
肥	fi2	fi2	fei2	赣			145000		
肩	tɕiɛn1	jiên1	jian1	赣			120000		
肪	fɔŋ2	fong2	fang2	赣			100201		
肫	tɕyn1	jyun1	zhun1	赣			74194		
肮	ŋɔŋ1	ngong1	ang1	赣			120000		
肯	kʰen2	kên2	ken3	赣			120000		
育	yəʔ7	yuek6	yu4	赣			120000		
肴	xau2	hau2	yao2	赣			107638		
肺	fei5	fêi4	fei4	赣			120000		
肾	sen6	sên5	shen4	赣			120000		
肿	tɕyŋ3	jyung3	zhong3	赣			120000		
胀	tsan5	zan4	zhang4	赣			145000		
胁	ɕiɛʔ8	xiêk7	xie2	赣			120000		
胃	uei5	wêi4	wei4	赣			120000		
胆	tan3	dan3	dan3	赣			120000		
背	pei5	bêi4	bei4	赣			120000		
背	pʰei6	pêi5	bei4	赣			120000		
胎	tʰai1	tai1	tai1	赣			120000		
胖	pʰɔŋ5	pong4	pang4	赣			102768		
胚	pʰei1	pêi1	pei1	赣			109245		
胛	kaʔ7	gak6	jia3	赣			75709		
胜	sen5	sên4	sheng4	赣			179897		
胞	pau1	bau1	bao1	赣			120000		
胡	fu2	fu2	hu2	赣			120000		
胳	kɛʔ7	gêk6	ge1	赣			105342		
胶	kau1	gau1	jiao1	赣			120000		
胸	ɕyŋ1	xyung1	xiong1	赣			120000		
能	nen2	nên2	neng2	赣			370000		
脂	tʃɿ1	jï1	zhi1	赣			120000		
脆	tsʰuei5	cui4	cui4	赣			120000		
脉	mɛʔ8	mêk7	mai4	赣			120000		
脊	tɕiɪʔ7	jiek6	ji2	赣			120000		
脏	tsan1	zan1	zang4	赣			270000		
脏	tsʰan6	can5	zang4	赣			270000		
脑	nau3	nau3	nao3	赣			150000		
脓	nəŋ2	neng2	nong2	赣			120000		
脚	tɕiaʔ7	jiak6	jiao3	赣			120000		
脯	fu3	fu3	pu2	赣			105797		
脯	pʰu2	pu2	pu2	赣			105797		
脱	tʰuɔʔ7	tuok6	tuo1	赣			120000		
脶	lo2	lo2	luo2	赣			30000		
脸	liɛn3	liên3	lian3	赣			145000		
脾	pʰi2	pi2	pi2	赣			120000		
腊	laʔ8	lak7	la4	赣			120000		
腋	iɪʔ7	yek6	ye4	赣			104427		
腌	iɛn1	yên1	yan1	赣			90000		
腐	fu5	fu4	fu3	赣			120000		
腑	fu3	fu3	fu3	赣			90000		
腔	tɕʰian1	qian1	qiang1	赣			125000		
腕	uan5	wan4	wan4	赣			120000		
腥	ɕien5	xiên4	xing1	赣			120000		
腮	sai1	sai1	sai1	赣			120000		
腰	iau1	yau1	yao1	赣			120000		
腹	fuəʔ7	fuek6	fu4	赣			120000		
腻	ŋɛ6	ngê5	ni4	白			101065		
腾	tɛen2	dên2	teng2	赣			120000		
膏	kau1	gau1	gao1	赣			120000		
膘	piau1	biau1	biao1	赣			90000		
膜	mɔʔ7	mok6	mo2	赣			120000		
膝	ɕiɪʔ7	xiek6	xi1	赣			120000		
膨	pɛn2	bên2	peng2	赣			120000		
膳	sɛn6	sên5	shan4	赣			90000		
臀	tɛen2	dên2	tun2	赣			107340		
臊	sau1	sau1	sao1	赣			120000		
自	tsʰɿ6	cï5	zi4	赣			205000		
臭	tɕʰiəu5	qieu4	chou4	赣			165000		
至	tʃɿ5	jï4	zhi4	赣			125000		
致	tʃɿ5	jï4	zhi4	赣			175000		
臻	tsen1	zên1	zhen1	赣			90000		
臼	kʰəu1	keu1	jiu4	赣			107805		
舀	iau3	yau3	yao3	赣			145000		
舂	tɕyŋ1	jyung1	chong1	赣			90000		
舅	kʰəu1	keu1	jiu4	赣			120000		
舌	sɛʔ8	sêk7	she2	赣			145000		
舍	sɛ3	sê3	she3	赣			225000		
舒	ɕy1	xyu1	shu1	赣			145000		
舔	tʰiɛn3	tiên3	tian3	赣			120000		
舜	suen5	sun4	shun4	赣			77305		
舞	u3	wu3	wu3	赣			295000		
舟	tɕiəu1	jieu1	zhou1	赣			120000		
航	xɔŋ2	hong2	hang2	赣			120000		
般	pɔŋ1	bong1	ban1	赣			190000		
舰	kʰan6	kan5	jian4	赣			120000		
舵	tʰo3	to3	duo4	赣			120000		
船	ɕyɛn2	xyuên2	chuan2	赣			120000		
艇	tʰien3	tiên3	ting3	赣			105341		
良	lian2	lian2	liang2	赣			145000		
艰	kan1	gan1	jian1	赣			120000		
色	sɛʔ7	sêk6	se4	赣			150000		
艳	iɛn6	yên5	yan4	赣			120000		
艺	ȵi6	ni5	yi4	赣			120000		
艾	ŋai6	ngai5	ai4	赣			145000		
节	tɕiɛʔ7	jiêk6	jie2	赣			135000		
芋	y6	yu5	yu4	赣			120000		
芍	saʔ8	sak7	shao2	赣			75877		
芒	mɔŋ2	mong2	mang2	赣			120000		
芙	fu2	fu2	fu2	赣			120000		
芝	tʃɿ1	jï1	zhi1	赣			120000		
芥	kai5	gai4	jie4	赣			145000		
芦	lu2	lu2	lu2	赣			120000		
芬	fen1	fên1	fen1	赣			120000		
芭	pa1	ba1	ba1	赣			120000		
花	fa1	fa1	hua1	赣			170000		
芳	fɔŋ1	fong1	fang1	赣			120000		
芹	tɕʰien2	qiên2	qin2	赣			120000		
芽	ŋa2	nga2	ya2	赣			120000		
苇	uei3	wêi3	wei3	赣			100630		
苋	xan6	han5	xian4	赣			90000		
苍	tsʰan1	can1	cang1	赣			120000		
苏	su1	su1	su1	赣			145000		
苔	tʰai2	tai2	tai2	赣			120000		
苗	miau2	miau2	miao2	赣			120000		
苟	kəu3	geu3	gou3	赣			120000		
若	iaʔ8	yak7	ruo4	赣			225000		
苦	kʰu3	ku3	ku3	赣			120000		
英	ien1	yên1	ying1	赣			120000		
苹	pʰien2	piên2	ping2	赣			160000		
茂	məu6	meu5	mao4	赣			120000		
范	fan6	fan5	fan4	赣			120000		
茄	tɕʰiɛ2	qiê2	jia1	赣			120000		
茅	mau2	mau2	mao2	赣			120000		
茎	tɕien1	jiên1	jing1	赣			103391		
茔	yŋ2	yung2	ying2	赣			90000		
茧	tɕiɛn3	jiên3	jian3	赣			120000		
茫	mɔŋ2	mong2	mang2	赣			145000		
茴	xuei2	hui2	hui2	赣			115000		
茶	tsʰa2	ca2	cha2	赣			120000		
茸	yŋ2	yung2	rong1	赣			120000		
荆	tɕien1	jiên1	jing1	赣			120000		
草	tsʰau3	cau3	cao3	赣			120000		
荐	tɕiɛn5	jiên4	jian4	赣			125000		
荒	fɔŋ1	fong1	huang1	赣			120000		
荔	li6	li5	li4	赣			145000		
荞	tɕʰiau2	qiau2	qiao2	赣			90000		
荠	tɕʰi6	qi5	ji4	赣			73570		
荡	tʰan6	tan5	dang4	赣			120000		
荣	yŋ2	yung2	rong2	赣			120000		
荤	xuen1	hun1	hun1	赣			120000		
药	iaʔ7	yak6	yao4	赣			120000		
荷	xo2	ho2	he2	赣			120000		
荷	xo5	ho4	he2	赣			120000		
莎	so1	so1	sha1	赣			79614		
莫	mɔʔ7	mok6	mo4	赣			170000		
莲	liɛn2	liên2	lian2	赣			120000		
获	xuɛʔ8	huêk7	huo4	赣			120000		
莹	yŋ2	yung2	ying2	赣			104455		
莺	ien1	yên1	ying1	赣			120000		
莽	mɔŋ3	mong3	mang3	赣			120000		
菊	tɕyəʔ7	jyuek6	ju2	赣			120000		
菜	tsʰai5	cai4	cai4	赣			225000		
菠	po1	bo1	bo1	赣			120000		
菢	pʰu6	pu5	bao4	赣			120000		
菩	pʰu2	pu2	pu2	赣			145000		
菱	lien2	liên2	ling2	赣			120000		
萄	tʰau2	tau2	tao2	赣			120000		
萌	məŋ2	meng2	meng2	赣			135860		
萍	pʰien2	piên2	ping2	赣			120000		
萎	uei1	wêi1	wei1	赣			120000		
萤	yŋ2	yung2	ying2	赣			120000		
营	yŋ2	yung2	ying2	赣			120000		
萨	saʔ7	sak6	sa4	赣			125000		
落	lɔʔ8	lok7	luo4	赣			120000		
著	tɕy5	jyu4	zhu4	赣			120000		
葛	kɔʔ7	gok6	ge2	赣			120000		
董	təŋ3	deng3	dong3	赣			120000		
葬	tsan5	zan4	zang4	赣			120000		
葱	tsʰəŋ1	ceng1	cong1	赣			120000		
葵	kʰuei2	kui2	kui2	赣			120000		
蒋	tɕian3	jian3	jiang3	赣			145000		
蒙	məŋ2	meng2	meng2	赣	遮	zhe1	120000		
蒜	suɔŋ5	suong4	suan4	赣			120000		
蒯	kʰuai5	kuai4	kuai3	赣			90000		
蒲	pʰu2	pu2	pu2	赣			120000		
蒸	tsen1	zên1	zheng1	赣			120000		
蒿	xau1	hau1	hao1	赣			77397		
蓄	suəʔ7	suek6	xu4	赣			120000		
蓉	yŋ2	yung2	rong2	赣			120000		
蓑	so1	so1	suo1	赣			95000		
蓖	pi1	bi1	bi4	赣			90000		
蓝	lan2	lan2	lan2	赣			120000		
蓬	pʰəŋ2	peng2	peng2	赣			120000		
蔑	miɛʔ8	miêk7	mie4	赣			120000		
蔗	tsɛ5	zê4	zhe4	赣			120000		
蔡	tsʰai5	cai4	cai4	赣			120000		
蔬	so1	so1	shu1	赣			120000		
蔼	ŋai5	ngai4	ai3	赣			108194		
蔽	pi5	bi4	bi4	赣			132930		
薄	pʰo6	po5	bao2	赣			120000		
薄	pʰɔʔ7	pok6	bao2	赣			120000		
薛	ɕiɛʔ7	xiêk6	xue1	赣			120000		
薪	ɕien1	xiên1	xin1	赣			220000		
薯	ɕy6	xyu5	shu3	赣			120000		
薰	ɕyn1	xyun1	xun1	赣			73178		
藉	tɕiɛ5	jiê4	ji2	赣			120000		
藏	tsʰan2	can2	cang2	赣			145000		
藏	tsʰan6	can5	cang2	赣			145000		
藐	mau3	mau3	miao3	赣			120000		
藐	miau3	miau3	miao3	赣			120000		
藕	ŋəu3	ngeu3	ou3	赣			145000		
藤	tɛen2	dên2	teng2	赣			120000		
藩	fan1	fan1	fan1	赣			90000		
藩	fan2	fan2	fan1	赣			90000		
藿	xɔʔ7	hok6	huo4	赣			90000		
蘸	tsan5	zan4	zhan4	赣			90000		
虎	fu3	fu3	hu3	赣			120000		
虏	lu3	lu3	lu3	赣			109271		
虐	ȵiaʔ7	niak6	nve4	赣			120000		
虑	luɛ6	luê5	lv4	赣			126565		
虔	tɕʰiɛn1	qiên1	qian2	赣			90000		
虚	ɕy1	xyu1	xu1	赣			120000		
虞	ȵy2	nyu2	yu2	赣			72855		
虫	tsʰəŋ2	ceng2	chong2	赣			145000		
虱	sɪʔ7	sek6	shi1	赣			90000		
虹	kɔŋ5	gong4	hong2	赣			120000		
虹	xəŋ2	heng2	hong2	赣			120000		
虻	mɔŋ2	mong2	meng2	赣			4132		
虽	ɕi1	xi1	sui1	赣			120000		
虾	xa1	ha1	xia1	赣			170000		
虾	xa2	ha2	xia1	赣			170000		
蚀	sɛʔ8	sêk7	shi2	赣			120000		
蚁	ȵi3	ni3	yi3	赣			120000		
蚂	ma3	ma3	ma3	赣			120000		
蚊	uen2	wên2	wen2	赣			120000		
蚕	tsʰɛn2	cên2	can2	赣			120000		
蚣	kəŋ1	geng1	gong1	赣			120000		
蚤	tsau3	zau3	zao3	赣			120000		
蛀	tɕy5	jyu4	zhu4	赣			145000		
蛆	tɕʰi1	qi1	qu1	赣			90000		
蛇	sɛ2	sê2	she2	赣			120000		
蛋	tʰan6	tan5	dan4	赣			120000		
蛙	ua1	wa1	wa1	赣			120000		
蛤	kɪʔ7	gek6	ha2	赣			145000		
蛮	man2	man2	man2	赣			370000		
蛾	ŋo2	ngo2	e2	赣			120000		
蜀	suəʔ8	suek7	shu3	赣			102630		
蜂	fəŋ1	feng1	feng1	赣			120000		
蜈	ŋɛ2	ngê2	wu2	白			120000		
蜓	tʰien2	tiên2	ting2	赣			120000		
蜗	kua1	gua1	wo1	赣			109665		
蜘	tʃɿ1	jï1	zhi1	赣			101174		
蜜	miɪʔ7	miek6	mi4	赣			120000		
蜡	laʔ8	lak7	la4	赣			120000		
蝇	ien1	yên1	ying2	赣			120000		
蝉	tsʰɛn2	cên2	chan2	赣			163845		
蝎	ɕiɛʔ7	xiêk6	xie1	赣			101026		
蝗	uɔŋ2	wong2	huang2	赣			120000		
蝙	piɛn2	biên2	bian1	赣			120000		
蝠	fuəʔ7	fuek6	fu2	赣			107828		
蝶	tʰiɛʔ7	tiêk6	die2	赣			120000		
螂	lan2	lan2	lang2	赣			120000		
螃	pʰɔŋ2	pong2	pang2	赣			120000		
融	yŋ2	yung2	rong2	赣			120000		
螳	tʰan2	tan2	tang2	赣			90000		
螺	lo2	lo2	luo2	赣			145000		
蟀	ɕiɪʔ7	xiek6	shuai4	赣			107496		
蟆	ma2	ma2	ma2	赣			120000		
蟒	mɔŋ3	mong3	mang3	赣			90000		
蟥	uɔŋ2	wong2	huang2	赣			120000		
蟹	xai6	hai5	xie4	赣			120000		
蟾	sɛn2	sên2	chan2	赣			75375		
蠓	məŋ3	meng3	meng3	赣			90000		
蠢	tɕʰyn3	qyun3	chun3	赣			120000		
衅	ɕien5	xiên4	xin4	赣			108091		
行	xɔŋ2	hong2	xing2	赣			270000		
行	ɕien2	xiên2	xing2	赣			270000		
衔	xan2	han2	xian2	赣			150000		
街	kai1	gai1	jie1	赣			145000		
衙	ŋa2	nga2	ya2	赣			120000		
衡	xɛn2	hên2	heng2	赣			120000		
衣	i1	yi1	yi1	赣			120000		
补	pu3	bu3	bu3	赣			350000		
表	piau3	biau3	biao3	赣			180000		
衫	san1	san1	shan1	赣			120000		
衰	sai1	sai1	shuai1	赣			120000		
袁	yɛn2	yuên2	yuan2	赣			120000		
袄	au3	au3	ao3	赣			120000		
袋	tuei6	dui5	dai4	赣			120000		
袍	pʰau2	pau2	pao2	赣			120000		
袖	tɕʰiəu6	qieu5	xiu4	赣			120000		
袜	maʔ8	mak7	wa4	赣			120000		
被	pʰi6	pi5	bei4	赣			406300		
袭	tɕʰiɪʔ8	qiek7	xi2	赣			101876		
袱	fuəʔ8	fuek7	fu2	赣			120000		
裁	tsʰai2	cai2	cai2	赣			120000		
裂	liɛʔ7	liêk6	lie4	赣			120000		
装	tɕyɔŋ1	jyuong1	zhuang1	赣			123600		
裌	kaʔ7	gak6	jia2	赣			4925		
裕	y6	yu5	yu4	赣			120000		
裙	tɕʰyn2	qyun2	qun2	赣			120000		
裤	kʰu5	ku4	ku4	赣			120000		
裥	kan3	gan3	jian3	赣			78260		
裴	pʰei2	pêi2	pei2	赣			90000		
裸	lo3	lo3	luo3	赣			200000		
裹	kuo3	guo3	guo3	赣			120000		
褒	pau1	bau1	bao1	赣			120000		
褥	yəʔ8	yuek7	ru4	赣			120000		
褪	tɛen5	dên4	tui4	赣			109938		
褶	tsɛʔ7	zêk6	zhe3	赣			120000		
襄	ɕian1	xian1	xiang1	赣			90000		
襟	tɕien1	jiên1	jin1	赣			120000		
襻	pʰan5	pan4	pan4	赣			90000		
西	ɕi1	xi1	xi1	赣			120000		
要	iau1	yau1	yao4	赣			406581		
要	iau5	yau4	yao4	赣			406581		
覆	fuəʔ7	fuek6	fu4	赣			120000		
见	tɕiɛn5	jiên4	jian4	赣			245000		
观	kuan1	guan1	guan1	赣			145000		
规	kuei1	gui1	gui1	赣			145000		
觅	miɪʔ7	miek6	mi4	赣			100742		
视	ʃɿ6	xï5	shi4	赣			145000		
览	lan3	lan3	lan3	赣			120000		
览	tɕiɛn3	jiên3	lan3	赣			120000		
觉	kau5	gau4	jue2	赣			180000		
觉	kɔʔ7	gok6	jue2	赣			180000		
角	kɔʔ7	gok6	jiao3	赣			145000		
解	kai3	gai3	jie3	赣			170000		
触	tsʰuəʔ7	cuek6	chu4	赣			120000		
言	ȵiɛn2	niên2	yan2	赣			120000		
誉	y6	yu5	yu4	赣			120000		
誓	ʃɿ1	xï1	shi4	赣			120000		
誵	xau2	hau2	xiao2	赣			120000		
警	tɕien3	jiên3	jing3	赣			120000		
计	tɕi5	ji4	ji4	赣			200000		
订	tien5	diên4	ding4	赣			120000		
讣	fu5	fu4	fu4	赣			90000		
认	ȵien6	niên5	ren4	赣			120000		
讥	tɕi1	ji1	ji1	赣			120000		
讨	tʰau3	tau3	tao3	赣			120000		
让	nian6	nian5	rang4	赣			370000		
讫	tɕʰiɪʔ7	qiek6	qi4	赣			77832		
训	ɕyn5	xyun4	xun4	赣			120000		
议	ȵi6	ni5	yi4	赣			120000		
记	tɕi5	ji4	ji4	赣			163850		
讲	kɔŋ3	gong3	jiang3	赣			175000		
讳	xuei5	hui4	hui4	赣			108601		
许	ɕy3	xyu3	xu3	赣			370000		
讹	ŋɔʔ7	ngok6	e2	赣			120000		
论	len6	lên5	lun4	赣			120000		
讼	səŋ6	seng5	song4	赣			131654		
讽	fəŋ3	feng3	feng3	赣			105298		
设	sɛʔ7	sêk6	she4	赣			120000		
访	fɔŋ3	fong3	fang3	赣			120000		
诀	tɕyɛʔ7	jyuêk6	jue2	赣			125000		
证	tsen5	zên4	zheng4	赣			170000		
评	pʰien2	piên2	ping2	赣			150000		
识	sɛʔ7	sêk6	shi2	赣			120000		
诈	tsa5	za4	zha4	赣			120000		
诉	su5	su4	su4	赣			120000		
诊	tsen1	zên1	zhen3	赣			108221		
词	tsʰɿ2	cï2	ci2	赣			380000		
译	iɪʔ7	yek6	yi4	赣			125000		
试	ʃɿ5	xï4	shi4	赣			220000		
诗	ʃɿ1	xï1	shi1	赣			120000		
诚	tsʰen2	cên2	cheng2	赣			120000		
话	fa6	fa5	hua4	赣			120000		
话	ua6	wa5	hua4	白			120000		
话	xua6	hua5	hua4	文			120000		
诞	tʰan3	tan3	dan4	赣			104129		
诡	kuei3	gui3	gui3	赣			120000		
该	kai1	gai1	gai1	赣			120000		
详	tɕʰian2	qian2	xiang2	赣			120000		
语	ȵy3	nyu3	yu3	赣			120000		
误	u6	wu5	wu4	赣			160000		
诱	iəu3	yeu3	you4	赣			100343		
诵	səŋ6	seng5	song4	赣			120000		
请	tɕʰien3	qiên3	qing3	赣			120000		
诸	tɕy1	jyu1	zhu1	赣			145000		
诺	nuɔʔ8	nuok7	nuo4	赣			104414		
读	tʰuəʔ8	tuek7	du2	赣			370000		
课	kʰuo5	kuo4	ke4	赣			120000		
谁	suei2	sui2	shui2	赣			120000		
调	tʰiau2	tiau2	diao4	赣			370000		
调	tʰiau6	tiau5	diao4	赣			370000		
谅	lian6	lian5	liang4	赣			120000		
谈	tʰan2	tan2	tan2	赣			255000		
谊	ȵi6	ni5	yi4	赣			101764		
谋	miəu2	mieu2	mou2	赣			120000		
谍	tʰiɛʔ7	tiêk6	die2	赣			120000		
谎	fɔŋ3	fong3	huang3	赣			120000		
谏	kan5	gan4	jian4	赣			72509		
谓	uei6	wêi5	wei4	赣			120000		
谗	tsʰan2	can2	chan2	赣			72419		
谚	ȵiɛn6	niên5	yan4	赣			101345		
谜	mi6	mi5	mi2	赣			145000		
谢	tɕʰiɛ6	qiê5	xie4	赣			120000		
谣	iau2	yau2	yao2	赣			120000		
谤	pɔŋ5	bong4	bang4	赣			108430		
谦	tɕʰiɛn1	qiên1	qian1	赣			120000		
谨	tɕien3	jiên3	jin3	赣			120000		
谬	miau6	miau5	miu4	赣			109006		
谭	tʰan2	tan2	tan2	赣			120000		
谱	pʰu3	pu3	pu3	赣			120000		
谷	kuəʔ7	guek6	gu3	赣			170000		
豁	xuaʔ7	huak6	huo1	赣			105156		
豆	tʰiəu6	tieu5	dou4	赣			120000		
豇	kɔŋ1	gong1	jiang1	赣			75843		
豉	ʃɿ1	xï1	shi4	赣			90000		
豌	uan1	wan1	wan1	赣			120000		
豚	tɛen2	dên2	tun2	赣			125000		
象	tɕʰian6	qian5	xiang4	赣			120000		
豪	xau2	hau2	hao2	赣			120000		
豫	y6	yu5	yu4	赣			120000		
豹	pau5	bau4	bao4	赣			120000		
貂	tiau1	diau1	diao1	赣			95000		
貌	mau6	mau5	mao4	赣			120000		
贝	pei5	bêi4	bei4	赣			120000		
贞	tsen1	zên1	zhen1	赣			120000		
负	fu6	fu5	fu4	赣			250000		
贡	kəŋ5	geng4	gong4	赣			120000		
财	tsʰai2	cai2	cai2	赣			145000		
责	tsɛʔ7	zêk6	ze2	赣			120000		
贤	ɕiɛn2	xiên2	xian2	赣			120000		
败	pʰai6	pai5	bai4	赣			120000		
账	tsan5	zan4	zhang4	赣			120000		
货	fo5	fo4	huo4	赣			120000		
质	tsɪʔ7	zek6	zhi4	赣			177000		
贩	fan5	fan4	fan4	赣			120000		
贪	tʰan1	tan1	tan1	赣			120000		
贫	pʰien2	piên2	pin2	赣			120000		
贬	piɛn3	biên3	bian3	赣			120000		
购	kəu5	geu4	gou4	赣			120000		
贯	kuan5	guan4	guan4	赣			120000		
贱	tɕʰiɛn6	qiên5	jian4	赣			120000		
贴	tʰiɛʔ7	tiêk6	tie1	赣			120000		
贵	kuei5	gui4	gui4	赣			125000		
贷	tʰai6	tai5	dai4	赣			120000		
贸	məu6	meu5	mao4	赣			120000		
费	fi5	fi4	fei4	赣			170000		
贺	xo6	ho5	he4	赣			120000		
贻	i2	yi2	yi2	赣			102216		
贼	tsʰɛʔ8	cêk7	zei2	赣			134902		
贾	ka3	ga3	jia3	赣			120000		
贿	fei3	fêi3	hui4	赣			102979		
赃	tsan1	zan1	zang1	赣			120000		
资	tsɿ1	zï1	zi1	赣			120000		
赊	sɛ1	sê1	she1	赣			90000		
赋	fu5	fu4	fu4	赣			107326		
赌	tu3	du3	du3	赣			120000		
赎	ɕyəʔ8	xyuek7	shu2	赣			145000		
赏	san3	san3	shang3	赣			120000		
赐	sɿ5	sï4	ci4	赣			120000		
赐	tsʰɿ5	cï4	ci4	赣			120000		
赔	pʰei2	pêi2	pei2	赣			120000		
赖	lai6	lai5	lai4	赣			170000		
赚	tsʰan6	can5	zhuan4	赣			150000		
赛	sai5	sai4	sai4	赣			120000		
赞	tsan5	zan4	zan4	赣			125000		
赠	tsʰɛn6	cên5	zeng4	赣			120000		
赢	ien1	yên1	ying2	赣			120000		
赤	tsʰɪʔ7	cek6	chi4	赣			120000		
赦	sɛ5	sê4	she4	赣			120000		
赫	xɛʔ7	hêk6	he4	赣			145000		
走	tɕiəu3	jieu3	zou3	赣			330000		
赴	fu5	fu4	fu4	赣			120000		
赵	tsʰau6	cau5	zhao4	赣			145000		
赶	kɔŋ3	gong3	gan3	赣			120000		
起	tɕʰi3	qi3	qi3	赣			170000		
趁	tsʰen5	cên4	chen4	赣			120000		
超	tsʰau1	cau1	chao1	赣			120000		
越	yɛʔ8	yuêk7	yue4	赣			230000		
趋	tɕʰy1	qyu1	qu1	赣			106253		
趟	tʰan5	tan4	tang4	赣			120000		
趣	tɕʰi5	qi4	qu4	赣			120000		
足	tsuəʔ7	zuek6	zu2	赣			180000		
趼	tɕiɛn3	jiên3	jian3	赣			30000		
跃	iaʔ7	yak6	yue4	赣			107988		
跌	tiɛʔ7	diêk6	die1	赣	摔/掉	shuai1/diao4	180000		
跑	pʰau3	pau3	pao3	赣			370000		
距	tɕʰy6	qyu5	ju4	赣			120000		
跟	ken1	gên1	gen1	赣			370000		
跨	kʰua5	kua4	kua4	赣			200000		
跪	kʰuei3	kui3	gui4	赣			120000		
路	lu6	lu5	lu4	赣			155000		
跳	tʰiau5	tiau4	tiao4	赣			255000		
践	tɕʰiɛn6	qiên5	jian4	赣			120000		
踏	tʰaʔ8	tak7	ta4	赣			120000		
踢	tʰiɪʔ7	tiek6	ti1	赣			170000		
踪	tsəŋ1	zeng1	zong1	赣			120000		
蹄	tʰi2	ti2	ti2	赣			120000		
蹑	ȵiɛʔ8	niêk7	nie4	赣			78965		
躁	tsau5	zau4	zao4	赣			120000		
身	sen1	sên1	shen1	赣			120000		
躬	kəŋ1	geng1	gong1	赣			145000		
躯	tɕʰy1	qyu1	qu1	赣			102255		
躱	to3	do3	duo3	赣			120000		
躺	tʰan3	tan3	tang3	赣			120000		
车	tsʰɛ1	cê1	che1	赣			120000		
车	tɕy1	jyu1	che1	赣			120000		
轧	ŋaʔ7	ngak6	ya4	赣			120000		
轨	kuei3	gui3	gui3	赣			120000		
轩	ɕiɛn1	xiên1	xuan1	赣			145000		
转	tɕyɛn3	jyuên3	zhuan3	赣			370000		
轮	len2	lên2	lun2	赣			190000		
软	ȵiɛn3	niên3	ruan3	赣			120000		
软	ȵyɛn3	nyuên3	ruan3	赣			120000		
轰	xuɛn1	hun1	hong1	赣			120000		
轰	xəŋ1	heng1	hong1	赣			120000		
轴	tɕʰyəʔ8	qyuek7	zhou2	赣			120000		
轻	tɕʰien1	qiên1	qing1	赣			120000		
载	tsai3	zai3	zai4	赣			120000		
载	tsai5	zai4	zai4	赣			120000		
轿	tɕʰiau6	qiau5	jiao4	赣			120000		
较	kau5	gau4	jiao4	赣			205000		
辅	fu5	fu4	fu3	赣			108378		
辆	lian3	lian3	liang4	赣			104506		
辇	ȵiɛn6	niên5	nian3	赣			70132		
辈	pei5	bêi4	bei4	赣			145000		
辉	fei1	fêi1	hui1	赣			145000		
辎	tsɿ1	zï1	zi1	赣			79103		
辑	tɕʰiɪʔ8	qiek7	ji2	赣			200000		
输	ɕy1	xyu1	shu1	赣			200000		
辕	yɛn2	yuên2	yuan2	赣			90000		
辖	xaʔ8	hak7	xia2	赣			101515		
辙	tsʰaʔ8	cak7	zhe2	赣			120000		
辛	ɕien1	xiên1	xin1	赣			145000		
辞	tsʰɿ2	cï2	ci2	赣			120000		
辣	laʔ8	lak7	la4	赣			120000		
辨	pʰiɛn6	piên5	bian4	赣			145000		
辩	pʰiɛn6	piên5	bian4	赣			120000		
辫	piɛn2	biên2	bian4	赣			120000		
辰	sen2	sên2	chen2	赣			124678		
边	piɛn2	biên2	bian1	赣			175000		
辽	liau1	liau1	liao2	赣			145000		
达	tʰaʔ8	tak7	da2	赣			175000		
迁	tɕʰiɛn1	qiên1	qian1	赣			120000		
迂	y1	yu1	yu1	赣			120000		
迄	tɕʰiɪʔ7	qiek6	qi4	赣			120000		
迅	ɕien5	xiên4	xun4	赣			106647		
过	kuo1	guo1	guo4	赣			370000		
过	kuo5	guo4	guo4	赣			370000		
迈	mai6	mai5	mai4	赣			120000		
迎	ien2	yên2	ying2	赣			120000		
运	yn6	yun5	yun4	赣			135000		
近	tɕʰien6	qiên5	jin4	赣			145000		
返	fan3	fan3	fan3	赣			120000		
还	fan2	fan2	hai2	赣			120000		
还	xai2	hai2	hai2	赣			120000		
进	tɕien5	jiên4	jin4	赣			150000		
远	yɛn3	yuên3	yuan3	赣			370000		
违	uei2	wêi2	wei2	赣			120000		
连	liɛn2	liên2	lian2	赣			280000		
迟	tʃʰɿ2	qï2	chi2	赣			120000		
迥	tɕyŋ3	jyung3	jiong3	赣			71216		
迪	tʰiɪʔ8	tiek7	di2	赣			104356		
迫	pʰɛʔ7	pêk6	po4	赣			120000		
迷	mi2	mi2	mi2	赣			145000		
迸	pien5	biên4	beng4	赣			90000		
迹	tɕiɪʔ7	jiek6	ji4	赣			120000		
追	tɕy1	jyu1	zhui1	赣			145000		
退	tʰei5	têi4	tui4	赣			370000		
送	səŋ5	seng4	song4	赣			195000		
适	sɪʔ7	sek6	shi4	赣			120000		
逃	tʰau2	tau2	tao2	赣			120000		
逆	ȵiɪʔ7	niek6	ni4	赣			120000		
选	ɕiɛn3	xiên3	xuan3	赣			240000		
逊	sen5	sên4	xun4	赣			107005		
透	tʰiəu5	tieu4	tou4	赣			120000		
逐	tɕʰyəʔ8	qyuek7	zhu2	赣			145000		
逑	tɕʰyɪʔ8	qyuek7	qiu2	赣			71848		
递	tʰi6	ti5	di4	赣			107990		
途	tʰu2	tu2	tu2	赣			120000		
逗	tiəu5	dieu4	dou4	赣			105279		
通	tʰəŋ1	teng1	tong1	赣			195000		
逛	kʰuɔŋ1	kuong1	guang4	赣			120000		
逝	ʃɿ1	xï1	shi4	赣			102514		
逞	tsʰen1	cên1	cheng3	赣			108731		
速	suəʔ7	suek6	su4	赣			120000		
造	tsʰau6	cau5	zao4	赣			370000		
逢	fəŋ2	feng2	feng2	赣			120000		
逵	kʰuei2	kui2	kui2	赣			90000		
逸	iɪʔ7	yek6	yi4	赣			120000		
逼	piɪʔ7	biek6	bi1	赣			145000		
逾	y2	yu2	yu2	赣			106745		
遁	tɛen6	dên5	dun4	赣			90000		
遂	suei6	sui5	sui4	赣			120000		
遇	ȵy6	nyu5	yu4	赣			120000		
遍	piɛn5	biên4	bian4	赣			180000		
遐	xa2	ha2	xia2	赣			79219		
道	tʰau6	tau5	dao4	赣			320545		
遗	i2	yi2	yi2	赣			145000		
遣	tɕʰiɛn3	qiên3	qian3	赣			120000		
遥	iau2	yau2	yao2	赣			120000		
遭	tsau1	zau1	zao1	赣			120000		
遮	tsɛ1	zê1	zhe1	赣			120000		
遵	tsen1	zên1	zun1	赣			120000		
避	pʰi6	pi5	bi4	赣			120000		
邀	iau1	yau1	yao1	赣			120000		
邓	tʰien6	tiên5	deng4	赣			120000		
那	na6	na5	na4	赣			355736		
那	n̩6	n5	na4	赣			355736		
邦	pɔŋ1	bong1	bang1	赣			145000		
邪	ɕiɛ2	xiê2	xie2	赣			155000		
邮	iəu2	yeu2	you2	赣			120000		
邱	kʰəu1	keu1	qiu1	赣			90000		
邵	sau6	sau5	shao4	赣			90000		
邹	tɕiəu1	jieu1	zou1	赣			90000		
邻	lien2	liên2	lin2	赣			120000		
郁	yəʔ7	yuek6	yu4	赣			120000		
郊	tɕiau1	jiau1	jiao1	赣			120000		
郎	lan2	lan2	lang2	赣			145000		
郑	tsʰen6	cên5	zheng4	赣			120000		
郡	tɕʰyn6	qyun5	jun4	赣			90000		
部	pʰu6	pu5	bu4	赣			145000		
郭	kɔʔ7	gok6	guo1	赣			120000		
都	tu1	du1	dou1	赣			452780		
鄂	ŋɔʔ8	ngok7	e4	赣			120000		
鄙	pi3	bi3	bi3	赣			120000		
酉	iəu3	yeu3	you3	赣			145000		
酌	tsaʔ7	zak6	zhuo2	赣			120000		
配	pʰei5	pêi4	pei4	赣			195000		
酒	tɕiəu3	jieu3	jiu3	赣			120000		
酣	xɔŋ2	hong2	han1	赣			120000		
酥	su1	su1	su1	赣			120000		
酪	lɔʔ8	lok7	lao4	赣			101661		
酬	tɕʰiəu2	qieu2	chou2	赣			120000		
酱	tɕian5	jian4	jiang4	赣			120000		
酵	xau6	hau5	jiao4	赣			106723		
酷	kʰuəʔ7	kuek6	ku4	赣			120000		
酸	suɔŋ1	suong1	suan1	赣			120000		
酿	nian6	nian5	niang4	赣			145000		
醇	ɕyn2	xyun2	chun2	赣			114921		
醉	tɕi5	ji4	zui4	赣			120000		
醋	tsʰu5	cu4	cu4	赣			120000		
醒	ɕien3	xiên3	xing3	赣			120000		
醭	pʰuəʔ7	puek6	bu2	赣			10513		
醮	tɕiau5	jiau4	jiao4	赣			90000		
采	tsʰai3	cai3	cai3	赣			145000		
釉	iəu6	yeu5	you4	赣			120000		
释	sɪʔ7	sek6	shi4	赣			170000		
里	li3	li3	li3	赣			205000		
重	tɕʰyŋ3	qyung3	zhong4	赣			370000		
重	tɕʰyŋ6	qyung5	zhong4	赣			370000		
野	iɛ3	yê3	ye3	赣			370000		
量	lian2	lian2	liang4	赣			120000		
金	tɕien1	jiên1	jin1	赣			175000		
鉴	kan5	gan4	jian4	赣			120000		
鐰	tɕʰiau1	qiau1	qiao1	赣			5833		
鐾	pʰi6	pi5	bei4	赣			5394		
针	tsen1	zên1	zhen1	赣			120000		
钉	tien1	diên1	ding1	赣			120000		
钉	tien5	diên4	ding1	赣			120000		
钓	tiau5	diau4	diao4	赣			120000		
钗	tsʰai1	cai1	chai1	赣			90000		
钝	tɛen6	dên5	dun4	赣			108444		
钞	tsʰau1	cau1	chao1	赣			120000		
钟	tɕyŋ1	jyung1	zhong1	赣			120000		
钢	kɔŋ1	gong1	gang1	赣			120000		
钢	kɔŋ5	gong4	gang1	赣			120000		
钦	tɕʰien1	qiên1	qin1	赣			120000		
钧	tɕyn1	jyun1	jun1	赣			120000		
钩	kəu1	geu1	gou1	赣			120000		
钱	tɕʰiɛn2	qiên2	qian2	赣			370000		
钳	tɕʰiɛn2	qiên2	qian2	赣			120000		
钵	pɔʔ7	bok6	bo1	赣			90000		
钹	pʰaʔ8	pak7	bo2	赣			74601		
钻	tsuɔŋ1	zuong1	zuan1	赣			124879		
钻	tsuɔŋ5	zuong4	zuan1	赣			124879		
铁	tʰiɛʔ7	tiêk6	tie3	赣			150000		
铃	lien2	liên2	ling2	赣			120000		
铅	iɛn2	yên2	qian1	赣			125000		
铜	tʰəŋ2	teng2	tong2	赣			170000		
铡	saʔ8	sak7	zha2	赣			90000		
铤	tʰien3	tiên3	ding4	赣			71661		
铧	xua2	hua2	hua2	赣			73896		
铭	mien2	miên2	ming2	赣			102319		
铰	kau3	gau3	jiao3	赣			90000		
铲	tsʰan3	can3	chan3	赣			120000		
铳	tɕʰyŋ5	qyung4	chong4	赣			90000		
银	ȵien2	niên2	yin2	赣			126500		
铸	tɕy5	jyu4	zhu4	赣			145000		
铺	pʰu1	pu1	pu4	赣			120000		
铺	pʰu5	pu4	pu4	赣			120000		
销	ɕiau1	xiau1	xiao1	赣			145000		
锁	so3	so3	suo3	赣			145000		
锄	tsʰo2	co2	chu2	赣			120000		
锅	kuo1	guo1	guo1	赣			120000		
锈	ɕiəu5	xieu4	xiu4	赣			120000		
锉	tsʰo5	co4	cuo4	赣			90000		
锋	fəŋ1	feng1	feng1	赣			120000		
锐	luei6	lui5	rui4	赣			109429		
错	tsʰuo5	cuo4	cuo4	赣			370000		
锚	miau2	miau2	mao2	赣			145000		
锡	ɕiɪʔ7	xiek6	xi1	赣			120000		
锢	ku5	gu4	gu4	赣			71878		
锣	lo2	lo2	luo2	赣			120000		
锤	tɕy1	jyu1	chui2	赣			120000		
锥	tsuei1	zui1	zhui1	赣			145000		
锦	tɕien3	jiên3	jin3	赣			120000		
键	tɕʰiɛn6	qiên5	jian4	赣			163920		
锯	kɛ5	gê4	ju4	白			145000		
锯	tɕy5	jyu4	ju4	赣			145000		
锹	tɕʰiau1	qiau1	qiao1	赣			120000		
锻	tʰuɔŋ6	tuong5	duan4	赣			120000		
镀	tʰu6	tu5	du4	赣			120000		
镇	tsen5	zên4	zhen4	赣			120000		
镊	ȵiɛʔ8	niêk7	nie4	赣			90000		
镜	tɕien5	jiên4	jing4	赣			103654		
镯	tɕʰyəʔ8	qyuek7	zhuo2	赣			90000		
镶	ɕian1	xian1	xiang1	赣			120000		
长	tsan3	zan3	zhang3	赣			120000		
长	tsʰan2	can2	zhang3	赣			120000		
门	men2	mên2	men2	赣			170000		
闭	pi5	bi4	bi4	赣			135000		
问	uen6	wên5	wen4	赣			120000		
闯	tɕʰyɔŋ3	qyuong3	chuang3	赣			120000		
闰	yn6	yun5	run4	赣			120000		
闲	xan2	han2	xian2	赣			150000		
间	kan1	gan1	jian1	赣			120000		
间	kan5	gan4	jian1	赣			120000		
闷	men6	mên5	men4	赣			120000		
闸	tsaʔ8	zak7	zha2	赣			120000		
闹	nau6	nau5	nao4	赣	毒	du2	120000		
闺	kuei1	gui1	gui1	赣			150000		
闻	uen2	wên2	wen2	赣			136980		
闽	mien2	miên2	min3	赣			120000		
阁	kɔʔ7	gok6	ge2	赣			120000		
阅	yɛʔ8	yuêk7	yue4	赣			130000		
阉	iɛn1	yên1	yan1	赣			154153		
阎	ȵiɛn2	niên2	yan2	赣			120000		
阔	kʰuɔʔ7	kuok6	kuo4	赣			120000		
阙	tɕʰyɛʔ7	qyuêk6	que1	赣			75550		
阜	fu6	fu5	fu4	赣			90000		
阮	ȵyɛn1	nyuên1	ruan3	赣			90000		
防	fɔŋ2	fong2	fang2	赣			170000		
阳	ian2	yan2	yang2	赣			170000		
阴	ien1	yên1	yin1	赣			120000		
阵	tsʰen6	cên5	zhen4	赣			120000		
阶	kai1	gai1	jie1	赣			145000		
阻	tsu3	zu3	zu3	赣			125000		
阿	o1	o1	a1	赣			325000		
附	fu6	fu5	fu4	赣			120000		
际	tɕi5	ji4	ji4	赣			120000		
陆	luəʔ8	luek7	lu4	赣			120000		
陇	ləŋ3	leng3	long3	赣			77224		
陈	tsʰen2	cên2	chen2	赣			131300		
陉	ɕien2	xiên2	xing2	赣			78364		
陋	liəu6	lieu5	lou4	赣			120000		
陌	mɛʔ7	mêk6	mo4	赣			120000		
降	kɔŋ5	gong4	jiang4	赣			170000		
降	xɔŋ2	hong2	jiang4	赣			170000		
限	xan6	han5	xian4	赣			125000		
陕	sɛn5	sên4	shan3	赣			120000		
陛	pʰi6	pi5	bi4	赣			90000		
陡	tiəu3	dieu3	dou3	赣			150000		
院	yɛn6	yuên5	yuan4	赣			120000		
除	tɕʰy2	qyu2	chu2	赣			120000		
险	ɕiɛn3	xiên3	xian3	赣			120000		
陪	pʰei2	pêi2	pei2	赣			120000		
陵	lien2	liên2	ling2	赣			120000		
陶	tʰau2	tau2	tao2	赣			120000		
陷	xan6	han5	xian4	赣			120000		
隆	ləŋ2	leng2	long2	赣			120000		
随	suei2	sui2	sui2	赣			120000		
隐	uen3	wên3	yin3	赣			120000		
隔	kɛʔ7	gêk6	ge2	赣			120000		
隘	ŋai5	ngai4	ai4	赣			108531		
障	tsan5	zan4	zhang4	赣			120000		
隧	ɕy6	xyu5	sui4	赣			103913		
隶	li1	li1	li4	赣			145000		
难	nan2	nan2	nan2	赣			180000		
难	nan6	nan5	nan2	赣			180000		
雀	tɕʰiaʔ7	qiak6	que4	赣			140000		
雁	ŋan6	ngan5	yan4	赣			120000		
雄	ɕyŋ2	xyung2	xiong2	赣			120000		
雅	ŋa5	nga4	ya3	赣			145000		
集	tɕʰiɪʔ8	qiek7	ji2	赣			145000		
雇	ku5	gu4	gu4	赣			125000		
雌	tsʰɿ1	cï1	ci2	赣			145000		
雍	yŋ1	yung1	yong1	赣			78890		
雕	tiau1	diau1	diao1	赣			120000		
雨	y3	yu3	yu3	赣			170000		
雪	ɕiɛʔ7	xiêk6	xue3	赣			120000		
零	lien2	liên2	ling2	赣			120000		
雷	luei2	lui2	lei2	赣			120000		
雹	pʰɔʔ8	pok7	bao2	赣			120000		
雾	u6	wu5	wu4	赣			120000		
需	ɕi1	xi1	xu1	赣			120000		
霄	ɕiau1	xiau1	xiao1	赣			109732		
震	tsen5	zên4	zhen4	赣			120000		
霉	mei2	mêi2	mei2	赣			120000		
霍	xɔʔ7	hok6	huo4	赣			120000		
霜	ɕyɔŋ1	xyuong1	shuang1	赣			120000		
霞	xa2	ha2	xia2	赣			170000		
露	lu6	lu5	lu4	赣			130000		
霸	pa5	ba4	ba4	赣			120000		
青	tɕʰien1	qiên1	qing1	赣			120000		
靖	tɕʰien6	qiên5	jing4	赣			120000		
静	tɕʰien6	qiên5	jing4	赣			120000		
非	fi1	fi1	fei1	赣			370000		
靠	kʰau5	kau4	kao4	赣			310000		
靡	mi3	mi3	mi2	赣			109253		
面	miɛn6	miên5	mian4	赣			386025		
革	kɛʔ7	gêk6	ge2	赣			145000		
靴	ɕyɛ1	xyuê1	xue1	赣			120000		
鞋	xai2	hai2	xie2	赣			120000		
鞍	ŋɔŋ5	ngong4	an1	赣			145000		
鞭	piɛn2	biên2	bian1	赣			120000		
韧	ien6	yên5	ren4	赣			120000		
韩	xɔŋ6	hong5	han2	赣			120000		
韭	tɕiəu3	jieu3	jiu3	赣			120000		
音	ien1	yên1	yin1	赣			370000		
韵	yn6	yun5	yun4	赣			310000		
韶	sau2	sau2	shao2	赣			70809		
页	iaʔ7	yak6	ye4	赣			290000		
顶	tien3	diên3	ding3	赣			120000		
顷	tɕʰien1	qiên1	qing3	赣			120000		
项	xɔŋ6	hong5	xiang4	赣			170000		
顺	suen6	sun5	shun4	赣			170000		
须	ɕi1	xi1	xu1	赣			120000		
顽	uan2	wan2	wan2	赣			120000		
顾	ku5	gu4	gu4	赣			120000		
顿	ten5	dên4	dun4	赣			120000		
颁	pan1	ban1	ban1	赣			108769		
颂	səŋ6	seng5	song4	赣			101684		
预	y6	yu5	yu4	赣			120000		
领	lien3	liên3	ling3	赣			120000		
颇	po1	bo1	po3	赣			120000		
颈	tɕien3	jiên3	jing3	赣			120000		
频	pʰien2	piên2	pin2	赣			286707		
颖	ien3	yên3	ying3	赣			107726		
颗	kʰuo1	kuo1	ke1	赣			120000		
题	tʰi2	ti2	ti2	赣			145000		
颜	ŋan2	ngan2	yan2	赣			120000		
额	ŋɛʔ8	ngêk7	e2	赣			120000		
颠	tiɛn1	diên1	dian1	赣			120000		
颤	tsɛn5	zên4	chan4	赣			100906		
颧	tɕʰyɛn2	qyuên2	quan2	赣			90000		
风	fəŋ1	feng1	feng1	赣			155000		
飕	ɕiəu1	xieu1	sou1	赣			4019		
飘	pʰiau1	piau1	piao1	赣			120000		
飞	fi1	fi1	fei1	赣			120000		
食	sɛʔ8	sêk7	shi2	赣			120000		
餐	tsʰan1	can1	can1	赣			145000		
饥	tɕi1	ji1	ji1	赣			120000		
饨	tɛen2	dên2	tun2	赣			71709		
饭	fan6	fan5	fan4	赣			195000		
饮	ien3	yên3	yin3	赣			120000		
饯	tɕʰiɛn6	qiên5	jian4	赣			90000		
饰	pu5	bu4	shi4	赣			145000		
饰	sɛʔ7	sêk6	shi4	赣			145000		
饱	pau3	bau3	bao3	赣			145000		
饲	tsʰɿ6	cï5	si4	赣			109731		
饴	i2	yi2	yi2	赣			71312		
饵	ɛ6	ê5	er3	赣			106087		
饶	ȵiau2	niau2	rao2	赣			205000		
饷	ɕian5	xian4	xiang3	赣			90000		
饼	pien3	biên3	bing3	赣			120000		
饿	ŋo6	ngo5	e4	赣			120000		
馃	kuo3	guo3	guo3	赣			4376		
馄	fen6	fên5	hun2	赣			74521		
馅	xan6	han5	xian4	赣			125000		
馆	kuan3	guan3	guan3	赣			145000		
馊	ɕiəu1	xieu1	sou1	赣			120000		
馋	tsʰan2	can2	chan2	赣			102621		
馍	mo2	mo2	mo2	赣			120000		
馒	mɔŋ2	mong2	man2	赣			120000		
首	ɕiəu3	xieu3	shou3	赣			370000		
香	ɕian1	xian1	xiang1	赣			120000		
馨	ɕien1	xiên1	xin1	赣			104389		
马	ma3	ma3	ma3	赣			120000		
驮	tʰo2	to2	tuo2	赣			418203		
驰	tsʰɿ2	cï2	chi2	赣			108784		
驱	tɕʰy1	qyu1	qu1	赣			120000		
驳	pɔʔ7	bok6	bo2	赣			120000		
驴	lu2	lu2	lv2	赣			145000		
驶	sɿ3	sï3	shi3	赣			120000		
驹	tɕy1	jyu1	ju1	赣			120000		
驻	tɕy5	jyu4	zhu4	赣			120000		
驼	tʰo2	to2	tuo2	赣			120000		
驾	ka5	ga4	jia4	赣			120000		
骂	ma6	ma5	ma4	赣			150000		
骄	tɕiau1	jiau1	jiao1	赣			120000		
骆	lɔʔ8	lok7	luo4	赣			120000		
骇	xai6	hai5	hai4	赣			109858		
骋	pʰien5	piên4	cheng3	赣			72998		
验	ȵiɛn6	niên5	yan4	赣			145000		
骑	tɕʰi2	qi2	qi2	赣			120000		
骗	pʰiɛn5	piên4	pian4	赣			185000		
骚	sau1	sau1	sao1	赣			132505		
骡	lo2	lo2	luo2	赣			145000		
骤	tɕiəu5	jieu4	zhou4	赣			133229		
骨	kuɪʔ7	guek6	gu3	赣			170000		
髓	suei3	sui3	sui3	赣			109275		
髓	ɕi3	xi3	sui3	赣			109275		
高	kau1	gau1	gao1	赣			419230		
鬓	pien1	biên1	bin4	赣			101607		
鬼	kuei3	gui3	gui3	赣			120000		
魁	kʰuei1	kui1	kui2	赣			106914		
魂	fen2	fên2	hun2	赣			120000		
魇	iɛn3	yên3	yan3	赣			73243		
魏	uei6	wêi5	wei4	赣			120000		
魔	mo2	mo2	mo2	赣			120000		
鱼	ŋɛ2	ngê2	yu2	白			180000		
鲁	lu3	lu3	lu3	赣			145000		
鲇	ȵiɛn2	niên2	nian2	赣			79988		
鲍	pʰau6	pau5	bao4	赣			145000		
鲜	ɕiɛn1	xiên1	xian1	赣			120000		
鲤	li3	li3	li3	赣			120000		
鲫	tɕiɪʔ7	jiek6	ji4	赣			120000		
鳃	sai1	sai1	sai1	赣			90000		
鳏	kuan1	guan1	guan1	赣			90000		
鳖	piɛʔ7	biêk6	bie1	赣			104797		
鳜	kuei5	gui4	gui4	赣			90000		
鳞	lien2	liên2	lin2	赣			120000		
鸟	tiau3	diau3	niao3	赣			120000		
鸟	ȵiau3	niau3	niao3	赣			120000		
鸠	tɕiəu1	jieu1	jiu1	赣			90000		
鸡	tɕi1	ji1	ji1	赣			120000		
鸣	mien2	miên2	ming2	赣			130964		
鸦	ŋa1	nga1	ya1	赣			120000		
鸬	lu2	lu2	lu2	赣			72708		
鸭	ŋaʔ7	ngak6	ya1	赣			120000		
鸽	kɪʔ7	gek6	ge1	赣			120000		
鸾	luɔŋ2	luong2	luan2	赣			90000		
鸿	xəŋ2	heng2	hong2	赣			120000		
鹅	ŋo2	ngo2	e2	赣			120000		
鹉	u3	wu3	wu3	赣			106941		
鹤	xɔʔ8	hok7	he4	赣			125000		
鹦	ien1	yên1	ying1	赣			120000		
鹭	lu6	lu5	lu4	赣			90000		
鹰	ien1	yên1	ying1	赣			120000		
鹿	luəʔ8	luek7	lu4	赣			120000		
麝	sɛ6	sê5	she4	赣			90000		
麦	mɛʔ8	mêk7	mai4	赣			120000		
麸	fu1	fu1	fu1	赣			90000		
麻	ma2	ma2	ma2	赣			145000		
麾	xuei1	hui1	hui1	赣			71569		
黄	uɔŋ2	wong2	huang2	赣			120000		
黍	tɕʰy3	qyu3	shu3	赣			70250		
黎	li2	li2	li2	赣			120000		
黏	ȵiɛn1	niên1	nian2	赣			90000		
黑	xɛʔ7	hêk6	hei1	赣			125000		
默	mɛʔ8	mêk7	mo4	赣			120000		
鼎	tien3	diên3	ding3	赣			120000		
鼓	ku3	gu3	gu3	赣			120000		
鼠	tɕʰy3	qyu3	shu3	赣			120000		
鼻	pʰiɪʔ8	piek7	bi2	赣			120000		
鼾	xɔŋ1	hong1	han1	赣			90000		
齉	nəŋ6	neng5	nang4	赣			120000		
齐	tɕʰi2	qi2	qi2	赣			150000		
齿	tʃʰɿ3	qï3	chi3	赣			120000		
龊	tɕʰyɔʔ7	qyuok6	chuo4	赣			90000		
龌	uɔʔ7	wok6	wo4	赣			90000		
龙	ləŋ2	leng2	long2	赣			120000		
龟	kuei1	gui1	gui1	赣			120000		
们	men2	mên2	men5	官			100000		
这	tsa3	za3	zhe4	官			100000		
给		jik6	gei3	官			100000		
扔	len1	lên1	reng1	官			100000		
蚯	tʃʰiu1	qiu1	qiu1	官			100000		
蟑	tsɔŋ1	zong1	zhang1	官			100000		
剁	to5	do4	duo4	官			100000		
掰	pɛʔ7	bêk6	bai1	官			100000		
搂	liəu3	lieu3	lou3	官			100000		
眨	tsaʔ7	zak6	zha3	官			100000		
蚓	ien3	yên3	yin3	官			100000		
说	ɕyəʔ7	xyuek6	shuo1	官			100000		
蹦	pʰuɔŋ5	puong4	beng4	官			100000		
蹲	ten1	dên1	dun1	官			100000		
摔	sai3	sai3	shuai1	官			100000		
窝	uo1	wo1	wo1	官			100000		
嗦	so1	so1	suo5	官			100000		
噎	iɪʔ7	yek6	ye1	官			100000		
趴	pʰa1	pa1	pa1	官			100000		
怎	tsen3	zên3	zen3	官			100000		
么	mə0	me0	me5	官			100000		
瞄	miəu5	mieu4	miao2	官			100000		
泯	min3	min3	min3	官			100000		
弋	iʔ8	yik7	yi4	赣			127364		
